#Correlation Depth / fs;  Velocity ACF / pm^2 ps^-2;  Integral / pm^2 ps^-1
0.00; 1.2867014E+08; 124501.23
0.97; 1.277846E+08; 248145.61
1.94; 1.2514933E+08; 369240.11
2.90; 1.2082428E+08; 486149.68
3.87; 1.1490659E+08; 597333.3
4.84; 1.0752669E+08; 701376.12
5.81; 98843252; 797016.85
6.77; 89037541; 883169.57
7.74; 78307528; 958939.94
8.71; 66862088; 1023635.7
9.68; 54915520; 1076772
10.64; 42682511; 1118071.6
11.61; 30373651; 1147461.1
12.58; 18191541; 1165063.2
13.55; 6327520.8; 1171185.7
14.51; -5040976.2; 1166308.1
15.48; -15752489; 1151066
16.45; -25663076; 1126234.4
17.42; -34647427; 1092709.5
18.38; -42599610; 1051490.2
19.35; -49433493; 1003658.3
20.32; -55082924; 950360.07
21.29; -59501687; 892786.24
22.25; -62663305; 832153.22
23.22; -64560712; 769684.28
24.19; -65205829; 706591.12
25.16; -64629062; 644056.04
26.13; -62878703; 583214.61
27.09; -60020242; 525139.02
28.06; -56135551; 470822.26
29.03; -51321912; 421163.18
30.00; -45690877; 376952.69
30.96; -39366903; 338861.27
31.93; -32485762; 307428.05
32.90; -25192706; 283051.59
33.87; -17640369; 265982.76
34.83; -9986414.1; 256319.91
35.80; -2390946.5; 254006.43
36.77; 4986304.2; 258831.18
37.74; 11988992; 270431.73
38.70; 18467309; 288300.7
39.67; 24281203; 311795.19
40.64; 29303565; 340149.32
41.61; 33423276; 372489.68
42.57; 36548009; 407853.53
43.54; 38606682; 445209.36
44.51; 39551446; 483479.34
45.48; 39359087; 521563.19
46.44; 38031777; 558362.74
47.41; 35597087; 592806.48
48.38; 32107256; 623873.46
49.35; 27637719; 650615.72
50.32; 22284957; 672178.64
51.28; 16163761; 687818.7
52.25; 9404036.6; 696918.04
53.22; 2147304.5; 698995.77
54.19; -5456966.7; 693715.61
55.15; -13255045; 680890.03
56.12; -21092515; 660480.91
57.09; -28817651; 632596.95
58.06; -36284506; 597488.07
59.02; -43355656; 555537.13
59.99; -49904573; 507249.47
60.96; -55817600; 453240.36
61.93; -60995531; 394221.08
62.89; -65354787; 330983.79
63.86; -68828218; 264385.61
64.83; -71365556; 195332.3
65.80; -72933548; 124761.8
66.76; -73515821; 53627.888
67.73; -73112515; -17115.782
68.70; -71739749; -86531.164
69.67; -69428930; -153710.6
70.63; -66225954; -217790.83
71.60; -62190298; -277966.16
72.57; -57394015; -333500.61
73.54; -51920631; -383739.01
74.51; -45863924; -428116.95
75.47; -39326598; -466169.36
76.44; -32418820; -497537.81
77.41; -25256623; -521976.12
78.38; -17960140; -539354.35
79.34; -10651697; -549660.93
80.31; -3453760.8; -553002.79
81.28; 3513221.8; -549603.4
82.25; 10133053; -539798.66
83.21; 16296038; -524030.61
84.18; 21901190; -502839.02
85.15; 26858339; -476850.89
86.12; 31090054; -446768.16
87.08; 34533337; -413353.7
88.05; 37141007; -377416.06
89.02; 38882751; -339793.11
89.99; 39745761; -301335.11
90.95; 39734956; -262887.57
91.92; 38872756; -225274.29
92.89; 37198405; -189281.11
93.86; 34766876; -155640.69
94.82; 31647386; -125018.67
95.79; 27921596; -98001.738
96.76; 23681534; -75087.486
97.73; 19027350; -56676.622
98.70; 14064943; -43067.383
99.66; 8903555.6; -34452.303
100.63; 3653387; -30917.285
101.60; -1576705.2; -32442.905
102.57; -6681368.3; -38907.797
103.53; -11560736; -50093.965
104.50; -16122184; -65693.79
105.47; -20281835; -85318.494
106.44; -23965787; -108507.79
107.40; -27111053; -134740.44
108.37; -29666217; -163445.47
109.34; -31591808; -194013.71
110.31; -32860425; -225809.46
111.27; -33456640; -258182.1
112.24; -33376715; -290477.41
113.21; -32628170; -322048.43
114.18; -31229228; -352265.83
115.14; -29208153; -380527.64
116.11; -26602535; -406268.25
117.08; -23458495; -428966.69
118.05; -19829857; -448154.06
119.01; -15777277; -463420.15
119.98; -11367330; -474419.18
120.95; -6671555; -480874.58
121.92; -1765458.6; -482582.83
122.89; 3272537.4; -479416.33
123.85; 8362199; -471325.06
124.82; 13422637; -458337.32
125.79; 18373508; -440559.11
126.76; 23136265; -418172.46
127.72; 27635428; -391432.42
128.69; 31799871; -360662.87
129.66; 35564083; -326251.06
130.63; 38869396; -288641.03
131.59; 41665116; -248325.87
132.56; 43909538; -205839
133.53; 45570819; -161744.67
134.50; 46627648; -116627.76
135.46; 47069700; -71083.12
136.43; 46897825; -25704.784
137.40; 46123966; 18924.765
138.37; 44770796; 62244.987
139.33; 42871091; 103727.05
140.30; 40466859; 142882.79
141.27; 37608266; 179272.55
142.24; 34352391; 212511.92
143.20; 30761866; 242277.1
144.17; 26903425; 268308.85
145.14; 22846439; 290415.07
146.11; 18661445; 308471.88
147.08; 14418736; 322423.45
148.04; 10187012; 332280.41
149.01; 6032158.1; 338117.12
149.98; 2016143.2; 340067.94
150.95; -1803921.8; 338322.47
151.91; -5376569.2; 333120.1
152.88; -8656581.4; 324743.99
153.85; -11605418; 313514.59
154.82; -14191459; 299782.93
155.78; -16390077; 283923.89
156.75; -18183546; 266329.49
157.72; -19560823; 247402.44
158.69; -20517221; 227549.98
159.65; -21054017; 207178.11
160.62; -21178012; 186686.27
161.59; -20901072; 166462.39
162.56; -20239646; 146878.51
163.52; -19214299; 128286.75
164.49; -17849255; 111015.82
165.46; -16171957; 95367.83
166.43; -14212663; 81615.658
167.39; -12004056; 70000.533
168.36; -9580878.3; 60730.076
169.33; -6979585.5; 53976.629
170.30; -4237999.1; 49875.941
171.27; -1394968.1; 48526.17
172.23; 1509977.7; 49987.224
173.20; 4436978.6; 54280.445
174.17; 7346208.7; 61388.636
175.14; 10198254; 71256.467
176.10; 12954513; 83791.254
177.07; 15577613; 98864.152
178.04; 18031848; 116311.77
179.01; 20283637; 135938.22
179.97; 22301981; 157517.61
180.94; 24058928; 180797.03
181.91; 25530003; 205499.86
182.88; 26694601; 231329.56
183.84; 27536323; 257973.71
184.81; 28043258; 285108.36
185.78; 28208171; 312402.59
186.75; 28028613; 339523.07
187.71; 27506954; 366138.8
188.68; 26650311; 391925.64
189.65; 25470405; 416570.81
190.62; 23983322; 439777.07
191.58; 22209205; 461266.7
192.55; 20171864; 480784.99
193.52; 17898342; 498103.43
194.49; 15418421; 513022.29
195.46; 12764103; 525372.84
196.42; 9969069.8; 535018.91
197.39; 7068138.7; 541858.04
198.36; 4096732.1; 545822.04
199.33; 1090377.6; 546877.09
200.29; -1915749.6; 545023.41
201.26; -4887232.7; 540294.52
202.23; -7790769.8; 532756.17
203.20; -10594480; 522504.96
204.16; -13268172; 509666.67
205.13; -15783576; 494394.48
206.10; -18114564; 476866.83
207.07; -20237334; 457285.19
208.03; -22130585; 435871.63
209.00; -23775668; 412866.3
209.97; -25156737; 388524.64
210.94; -26260890; 363114.6
211.90; -27078327; 336913.61
212.87; -27602503; 310205.43
213.84; -27830284; 283276.85
214.81; -27762087; 256414.25
215.77; -27402005; 229900.07
216.74; -26757909; 204009.12
217.71; -25841515; 179004.87
218.68; -24668403; 155135.72
219.65; -23257986; 132631.3
220.61; -21633425; 111698.79
221.58; -19821470; 92519.54
222.55; -17852230; 75245.722
223.52; -15758863; 59997.445
224.48; -13577181; 46860.165
225.45; -11345171; 35882.578
226.42; -9102438.4; 27075.059
227.39; -6889572.7; 20408.708
228.35; -4747437.8; 15815.087
229.32; -2716416.3; 13186.683
230.29; -835619.62; 12378.137
231.26; 857911.61; 13208.253
232.22; 2329996.4; 15462.757
233.19; 3550060.4; 18897.796
234.16; 4491821.1; 23244.082
235.13; 5133894; 28211.638
236.09; 5460301.4; 33495.025
237.06; 5460870.4; 38778.963
238.03; 5131510.8; 43744.213
239.00; 4474365.9; 48073.61
239.96; 3497837.5; 51458.117
240.93; 2216479; 53602.782
241.90; 650761.5; 54232.459
242.87; -1173284.4; 53097.189
243.84; -3224530.7; 49977.133
244.80; -5467300.7; 44686.973
245.77; -7861988; 37079.713
246.74; -10365732; 27049.831
247.71; -12933147; 14535.718
248.67; -15517091; -478.61867
249.64; -18069453; -17962.621
250.61; -20541952; -37839.015
251.58; -22886928; -59984.407
252.54; -25058112; -84230.636
253.51; -27011373; -110366.84
254.48; -28705437; -138142.22
255.45; -30102562; -167269.46
256.41; -31169180; -197428.76
257.38; -31876485; -228272.45
258.35; -32200960; -259430.09
259.32; -32124850; -290514.1
260.28; -31636561; -321125.64
261.25; -30730971; -350860.92
262.22; -29409683; -379317.73
263.19; -27681165; -406102.03
264.15; -25560808; -430834.67
265.12; -23070862; -453158.03
266.09; -20240254; -472742.5
267.06; -17104278; -489292.6
268.03; -13704151; -502552.74
268.99; -10086440; -512312.38
269.96; -6302355.3; -518410.54
270.93; -2406929.3; -520739.48
271.90; 1541917; -519247.52
272.86; 5484397.5; -513940.82
273.83; 9359956.5; -504884.12
274.80; 13108411; -492200.43
275.77; 16671119; -476069.45
276.73; 19992141; -456725.06
277.70; 23019388; -434451.5
278.67; 25705696; -409578.66
279.64; 28009822; -382476.36
280.60; 29897335; -353547.7
281.57; 31341369; -323221.79
282.54; 32323224; -291945.84
283.51; 32832798; -260176.82
284.47; 32868817; -228372.96
285.44; 32438891; -196985.08
286.41; 31559354; -166448.25
287.38; 30254925; -137173.59
288.34; 28558189; -109540.68
289.31; 26508918; -83890.656
290.28; 24153253; -60519.968
291.25; 21542760; -39675.194
292.22; 18733393; -21548.763
293.18; 15784377; -6275.8001
294.15; 12757065; 6067.9358
295.12; 9713774.4; 15466.984
296.09; 6716642.4; 21966.007
297.05; 3826512.9; 25668.541
298.02; 1101876.4; 26734.717
298.99; -1402126; 25378.02
299.96; -3634617.5; 21861.164
300.92; -5549817.5; 16491.16
301.89; -7107784.9; 9613.6676
302.86; -8275066.8; 1606.713
303.83; -9025249.5; -7126.1184
304.79; -9339415.7; -16162.937
305.76; -9206503.8; -25071.15
306.73; -8623565.5; -33415.312
307.70; -7595913.3; -40765.118
308.66; -6137150.1; -46703.424
309.63; -4269075; -50834.181
310.60; -2021451.4; -52790.138
311.57; 568366.15; -52240.187
312.53; 3455951.3; -48896.208
313.50; 6590474.9; -42519.265
314.47; 9915522.9; -32925.005
315.44; 13370052; -19988.142
316.41; 16889477; -3645.8837
317.37; 20406866; 16099.799
318.34; 23854222; 39181.144
319.31; 27163817; 65464.854
320.28; 30269548; 94753.669
321.24; 33108282; 126789.24
322.21; 35621159; 161256.28
323.18; 37754828; 197787.85
324.15; 39462570; 235971.83
325.11; 40705289; 275358.27
326.08; 41452345; 315467.56
327.05; 41682190; 355799.24
328.02; 41382802; 395841.24
328.98; 40551882; 435079.24
329.95; 39196836; 473006.1
330.92; 37334552; 509131.02
331.89; 34990972; 542988.28
332.85; 32200493; 574145.48
333.82; 29005198; 602210.91
334.79; 25453943; 626840.14
335.76; 21601320; 647741.58
336.72; 17506545; 664680.91
337.69; 13232291; 677484.48
338.66; 8843496.5; 686041.44
339.63; 4406195.5; 690304.88
340.60; -13640.916; 690291.68
341.56; -4351212; 686081.45
342.53; -8543944.6; 677814.33
343.50; -12532491; 665687.89
344.47; -16261655; 649953.11
345.43; -19681243; 630909.54
346.40; -22746822; 608899.71
347.37; -25420386; 584302.95
348.34; -27670914; 557528.57
349.30; -29474816; 529008.74
350.27; -30816263; 499190.92
351.24; -31687404; 468530.19
352.21; -32088452; 437481.41
353.17; -32027657; 406491.45
354.14; -31521148; 375991.58
355.11; -30592646; 346390.14
356.08; -29273063; 318065.52
357.04; -27599962; 291359.8
358.01; -25616903; 266572.89
358.98; -23372662; 243957.5
359.95; -20920351; 223714.97
360.91; -18316424; 205991.99
361.88; -15619610; 190878.46
362.85; -12889781; 178406.31
363.82; -10186790; 168549.57
364.79; -7569281.1; 161225.53
365.75; -5093525.7; 156297.04
366.72; -2812283.9; 153575.87
367.69; -773739.39; 152827.2
368.66; 979478.07; 153774.94
369.62; 2411149.9; 156107.97
370.59; 3492181.2; 159487.01
371.56; 4201147.4; 163552.04
372.53; 4524659.7; 167930.1
373.49; 4457546.5; 172243.22
374.46; 4002851.1; 176116.38
375.43; 3171652.4; 179185.27
376.40; 1982721.2; 181103.75
377.36; 462020.26; 181550.8
378.33; -1357938.5; 180236.86
379.30; -3438861.2; 176909.42
380.27; -5737541.7; 171357.77
381.23; -8206810.8; 163416.86
382.20; -10796530; 152970.14
383.17; -13454602; 139951.47
384.14; -16127984; 124346.03
385.10; -18763668; 106190.31
386.07; -21309624; 85571.113
387.04; -23715677; 62623.824
388.01; -25934329; 37529.767
388.98; -27921507; 10512.917
389.94; -29637245; -18164.082
390.91; -31046286; -48204.468
391.88; -32118608; -79282.433
392.85; -32829869; -111048.61
393.81; -33161763; -143135.94
394.78; -33102284; -175165.71
395.75; -32645902; -206753.88
396.72; -31793653; -237517.42
397.68; -30553132; -267080.63
398.65; -28938395; -295081.42
399.62; -26969772; -321177.37
400.59; -24673571; -345051.52
401.55; -22081691; -366417.76
402.52; -19231119; -385025.79
403.49; -16163329; -400665.43
404.46; -12923583; -413170.29
405.42; -9560151.7; -422420.69
406.39; -6123459.3; -428345.75
407.36; -2665170.1; -430924.57
408.33; 762760.86; -430186.52
409.29; 4109052.4; -426210.6
410.26; 7324059.7; -419123.84
411.23; 10360712; -409098.82
412.20; 13175398; -396350.3
413.17; 15728772; -381131.14
414.13; 17986487; -363727.42
415.10; 19919818; -344453
416.07; 21506163; -323643.64
417.04; 22729408; -301650.66
418.00; 23580154; -278834.51
418.97; 24055800; -255558.11
419.94; 24160483; -232180.43
420.91; 23904884; -209050.06
421.87; 23305903; -186499.27
422.84; 22386231; -164838.36
423.81; 21173803; -144350.58
424.78; 19701177; -125287.72
425.74; 18004823; -107866.26
426.71; 16124350; -92264.337
427.68; 14101689; -78619.543
428.65; 11980245; -67027.458
429.61; 9804051.3; -57541.058
430.58; 7616950.8; -50170.896
431.55; 5461827.5; -44886.032
432.52; 3379899.1; -41615.641
433.48; 1410071.3; -40251.256
434.45; -411645.87; -40649.565
435.42; -2052662.5; -42635.721
436.39; -3484270.1; -46007.101
437.36; -4682038.3; -50537.441
438.32; -5626140.2; -55981.294
439.29; -6301605; -62078.727
440.26; -6698495.7; -68560.192
441.23; -6812009.1; -75151.492
442.19; -6642500.8; -81578.776
443.16; -6195433.7; -87573.477
444.13; -5481246.4; -92877.131
445.10; -4515140.8; -97245.982
446.06; -3316788; -100455.31
447.03; -1909953.6; -102303.38
448.00; -322043.54; -102614.99
448.97; 1416419.3; -101244.46
449.93; 3272375; -98078.109
450.90; 5210856.3; -93036.084
451.87; 7195657.7; -86073.566
452.84; 9190021.2; -77181.301
453.80; 11157322; -66385.476
454.77; 13061743; -53746.933
455.74; 14868909; -39359.777
456.71; 16546476; -23349.407
457.67; 18064672; -5870.0309
458.64; 19396793; 12898.306
459.61; 20519654; 32753.124
460.58; 21413977; 53473.288
461.55; 22064708; 74823.099
462.51; 22461239; 96556.594
463.48; 22597551; 118421.98
464.45; 22472257; 140166.14
465.42; 22088557; 161539.03
466.38; 21454100; 182298.01
467.35; 20580762; 202211.96
468.32; 19484353; 221065.02
469.29; 18184241; 238660.09
470.25; 16702927; 254821.84
471.22; 15065575; 269399.29
472.19; 13299508; 282267.9
473.16; 11433688; 293331.14
474.12; 9498182.1; 302521.58
475.09; 7523624.6; 309801.44
476.06; 5540700; 315162.62
477.03; 3579633.6; 318626.27
477.99; 1669705.2; 320241.88
478.96; -161204.99; 320085.89
479.93; -1887033.6; 318260
480.90; -3483914; 314888.97
481.86; -4930515.6; 310118.2
482.83; -6208333.1; 304111.02
483.80; -7301928.4; 297045.67
484.77; -8199126.1; 289112.2
485.74; -8891159.8; 280509.11
486.70; -9372766.5; 271440.02
487.67; -9642236.9; 262110.19
488.64; -9701418.3; 252723.1
489.61; -9555664.7; 243477.04
490.57; -9213733.9; 234561.83
491.54; -8687634.5; 226155.67
492.51; -7992421.3; 218422.21
493.48; -7145932.6; 211507.8
494.44; -6168470.1; 205539.19
495.41; -5082426.8; 200621.44
496.38; -3911870.7; 196836.31
497.35; -2682095.6; 194241.11
498.31; -1419151.3; 192867.94
499.28; -149358.56; 192723.42
500.25; 1101183.1; 193788.93
501.22; 2307080.1; 196021.26
502.18; 3444108.5; 199353.78
503.15; 4489648.3; 203697.96
504.12; 5423079.1; 208945.33
505.09; 6226129.9; 214969.74
506.05; 6883174.8; 221629.9
507.02; 7381471.2; 228772.21
507.99; 7711333.7; 236233.69
508.96; 7866244.9; 243845.07
509.93; 7842908.5; 251433.87
510.89; 7641243.3; 258827.54
511.86; 7264316.9; 265856.49
512.83; 6718224.2; 272357.04
513.80; 6011916.5; 278174.18
514.76; 5156987.2; 283164.08
515.73; 4167418.4; 287196.47
516.70; 3059293.4; 290156.64
517.67; 1850481.9; 291947.17
518.63; 560314.03; 292489.33
519.60; -790755.46; 291724.19
520.57; -2181489.2; 289613.38
521.54; -3590209.6; 286139.5
522.50; -4995138.3; 281306.2
523.47; -6374731.7; 275138.01
524.44; -7708007.9; 267679.74
525.41; -8974866.8; 258995.66
526.37; -10156399; 249168.33
527.34; -11235178; 238297.17
528.31; -12195526; 226496.78
529.28; -13023761; 213894.99
530.24; -13708409; 200630.73
531.21; -14240384; 186851.74
532.18; -14613139; 172712.07
533.15; -14822764; 158369.56
534.12; -14868065; 143983.22
535.08; -14750593; 129710.54
536.05; -14474639; 115704.88
537.02; -14047194; 102112.82
537.99; -13477861; 89071.641
538.95; -12778725; 76706.947
539.92; -11964181; 65130.405
540.89; -11050711; 54437.737
541.86; -10056613; 44706.959
542.82; -9001692.9; 35996.921
543.79; -7906917.5; 28346.187
544.76; -6794029.7; 21772.284
545.73; -5685143.5; 16271.339
546.69; -4602323.9; 11818.131
547.66; -3567160.2; 8366.5463
548.63; -2600341.8; 5850.4555
549.60; -1721250.2; 4184.9739
550.56; -947578.25; 3268.0971
551.53; -294985.29; 2982.6694
552.50; 223204.48; 3198.642
553.47; 596250.41; 3775.5739
554.43; 816183.08; 4565.3127
555.40; 877927.27; 5414.7951
556.37; 779363.66; 6168.9074
557.34; 521326.2; 6673.3426
558.31; 107537.71; 6777.3961
559.27; -455506.02; 6336.6485
560.24; -1158693.5; 5215.4967
561.21; -1990485.4; 3289.503
562.18; -2937126.6; 447.53933
563.14; -3982881; -3406.2963
564.11; -5110281.5; -8351.0047
565.08; -6300392.5; -14447.264
566.05; -7533083.4; -21736.276
567.01; -8787311.6; -30238.879
567.98; -10041417; -39954.954
568.95; -11273427; -50863.122
569.92; -12461362; -62920.736
570.88; -13583554; -76064.183
571.85; -14618959; -90209.488
572.82; -15547471; -105253.22
573.79; -16350230; -121073.7
574.75; -17009930; -137532.51
575.72; -17511114; -154476.27
576.69; -17840457; -171738.69
577.66; -17987025; -189142.94
578.62; -17942517; -206504.12
579.59; -17701463; -223632.05
580.56; -17261386; -240334.17
581.53; -16622909; -256418.5
582.50; -15789803; -271696.71
583.46; -14768968; -285987.16
584.43; -13570356; -299117.84
585.40; -12206816; -310929.15
586.37; -10693889; -321276.56
587.33; -9049531.5; -330032.89
588.30; -7293792.1; -337090.36
589.27; -5448455.6; -342362.29
590.24; -3536645.8; -345784.35
591.20; -1582401.7; -347315.48
592.17; 389766.76; -346938.34
593.14; 2355334.8; -344659.32
594.11; 4290220.8; -340508.1
595.07; 6171235.2; -334536.81
596.04; 7976505.9; -326818.75
597.01; 9685863.4; -317446.7
597.98; 11281178; -306531.04
598.94; 12746642; -294197.39
599.91; 14068998; -280584.22
600.88; 15237705; -265840.22
601.85; 16245063; -250121.5
602.81; 17086275; -233588.82
603.78; 17759451; -216404.77
604.75; 18265568; -198731.01
605.72; 18608371; -180725.55
606.69; 18794226; -162540.26
607.65; 18831927; -144318.48
608.62; 18732471; -126192.95
609.59; 18508790; -108283.84
610.56; 18175464; -90697.261
611.52; 17748415; -73523.895
612.49; 17244584; -56838.035
613.46; 16681604; -40696.916
614.43; 16077460; -25140.365
615.39; 15450156; -10190.794
616.36; 14817379; 4146.5022
617.33; 14196184; 17882.729
618.30; 13602672; 31044.675
619.26; 13051694; 43673.493
620.23; 12556559; 55823.22
621.20; 12128774; 67559.022
622.17; 11777809; 78955.23
623.13; 11510897; 90093.174
624.10; 11332879; 101058.87
625.07; 11246097; 111940.59
626.04; 11250327; 122826.41
627.00; 11342753; 133801.66
627.97; 11517989; 144946.46
628.94; 11768146; 156333.32
629.91; 12082964; 168024.8
630.88; 12450019; 180071.43
631.84; 12854981; 192509.91
632.81; 13281942; 205361.52
633.78; 13713776; 218630.97
634.75; 14132544; 232305.62
635.71; 14519923; 246355.1
636.68; 14857647; 260731.36
637.65; 15127960; 275369.17
638.62; 15314052; 290187.05
639.58; 15400475; 305088.55
640.55; 15373514; 319963.96
641.52; 15221524; 334692.3
642.49; 14935205; 349143.61
643.45; 14507814; 363181.37
644.42; 13935303; 376665.17
645.39; 13216404; 389453.36
646.36; 12352637; 401405.77
647.32; 11348268; 412386.36
648.29; 10210217; 422265.76
649.26; 8947912.1; 430923.76
650.23; 7573125; 438251.52
651.19; 6099754.8; 444153.64
652.16; 4543592.7; 448550.02
653.13; 2922058.6; 451377.4
654.10; 1253917; 452590.7
655.07; -441025.82; 452163.96
656.03; -2142240.8; 450091.13
657.00; -3828812.6; 446386.37
657.97; -5479789.5; 441084.12
658.94; -7074541.5; 434238.8
659.90; -8593117.4; 425924.1
660.87; -10016594; 416232.04
661.84; -11327415; 405271.63
662.81; -12509711; 393167.24
663.77; -13549594; 380056.65
664.74; -14435421; 366088.93
665.71; -15158020; 351422.03
666.68; -15710875; 336220.19
667.64; -16090261; 320651.26
668.61; -16295340; 304883.88
669.58; -16328187; 289084.73
670.55; -16193773; 273415.64
671.51; -15899882; 258030.91
672.48; -15456992; 243074.73
673.45; -14878097; 228678.68
674.42; -14178486; 214959.58
675.38; -13375470; 202017.47
676.35; -12488063; 189934.02
677.32; -11536621; 178771.19
678.29; -10542430; 168570.33
679.26; -9527286.6; 159351.73
680.22; -8513034.8; 151114.52
681.19; -7521117; 143837.08
682.16; -6572130.2; 137477.89
683.13; -5685409.9; 131976.69
684.09; -4878646.3; 127256.11
685.06; -4167535.3; 123223.6
686.03; -3565472.3; 119773.65
687.00; -3083298.7; 116790.25
687.96; -2729110.9; 114149.56
688.93; -2508131.1; 111722.7
689.90; -2422644.9; 109378.54
690.87; -2472007.1; 106986.63
691.83; -2652708; 104419.87
692.80; -2958499.3; 101557.23
693.77; -3380577.4; 98286.18
694.74; -3907816.9; 94504.976
695.70; -4527046.4; 90124.606
696.67; -5223355.4; 85070.487
697.64; -5980425.8; 79283.827
698.61; -6780883.8; 72722.644
699.57; -7606662.7; 65362.437
700.54; -8439368.1; 57196.505
701.51; -9260638.6; 48235.911
702.48; -10052499; 38509.113
703.45; -10797700; 28061.259
704.41; -11480034; 16953.178
705.38; -12084631; 5260.0887
706.35; -12598214; -6929.9433
707.32; -13009331; -19517.772
708.28; -13308537; -32395.112
709.25; -13488544; -45446.627
710.22; -13544325; -58552.116
711.19; -13473170; -71588.755
712.15; -13274695; -84433.35
713.12; -12950813; -96964.556
714.09; -12505665; -109065.04
715.06; -11945509; -120623.51
716.02; -11278578; -131536.66
716.99; -10514913; -141710.9
717.96; -9666170.2; -151063.88
718.93; -8745387.5; -159525.92
719.89; -7766738.6; -167041.01
720.86; -6745258.5; -173567.73
721.83; -5696548.5; -179079.71
722.80; -4636469.4; -183565.95
723.76; -3580827.4; -187030.76
724.73; -2545060.3; -189493.36
725.70; -1543930.6; -190987.27
726.67; -591229.49; -191559.34
727.64; 300496.16; -191268.58
728.60; 1120190.6; -190184.69
729.57; 1858504.5; -188386.4
730.54; 2507971.7; -185959.69
731.51; 3063142.2; -182995.79
732.47; 3520665.8; -179589.19
733.44; 3879324.4; -175835.56
734.41; 4140013.7; -171829.68
735.38; 4305679.5; -167663.51
736.34; 4381204.2; -163424.25
737.31; 4373241.2; -159192.7
738.28; 4290009.1; -155041.69
739.25; 4141052.8; -151034.81
740.21; 3936978.6; -147225.39
741.18; 3689171; -143655.75
742.15; 3409504.1; -140356.71
743.12; 3110053.3; -137347.42
744.08; 2802810.9; -134635.42
745.05; 2499416.6; -132216.99
746.02; 2210904.8; -130077.72
746.99; 1947473.5; -128193.34
747.95; 1718281.3; -126530.73
748.92; 1531273.5; -125049.07
749.89; 1393033.8; -123701.17
750.86; 1308668.2; -122434.9
751.83; 1281728.8; -121194.7
752.79; 1314176.7; -119923.11
753.76; 1406387.3; -118562.29
754.73; 1557202.7; -117055.54
755.70; 1764027.9; -115348.66
756.66; 2022962.4; -113391.25
757.63; 2328960.7; -111137.74
758.60; 2676010.4; -108548.43
759.57; 3057321; -105590.17
760.53; 3465516.5; -102236.94
761.50; 3892828.9; -98470.236
762.47; 4331289.8; -94279.28
763.44; 4772918.2; -89661.004
764.40; 5209895.8; -84619.909
765.37; 5634732.5; -79167.742
766.34; 6040419.1; -73323.033
767.31; 6420558.4; -67110.5
768.27; 6769483.9; -60560.348
769.24; 7082364.2; -53707.452
770.21; 7355291.5; -46590.472
771.18; 7585355.6; -39250.882
772.14; 7770700.1; -31731.953
773.11; 7910560; -24077.695
774.08; 8005280; -16331.786
775.05; 8056311.2; -8536.4991
776.02; 8066186.3; -731.65716
776.98; 8038469.8; 7046.3662
777.95; 7977684.2; 14765.573
778.92; 7889208; 22399.171
779.89; 7779145.7; 29926.272
780.85; 7654172.5; 37332.45
781.82; 7521358.7; 44610.116
782.79; 7387975; 51758.721
783.76; 7261282.9; 58784.738
784.72; 7148316.6; 65701.45
785.69; 7055666.5; 72528.513
786.66; 6989266.4; 79291.327
787.63; 6954198.9; 86020.21
788.59; 6954530; 92749.413
789.56; 6993168.6; 99516.003
790.53; 7071756.6; 106358.63
791.50; 7190597; 113316.26
792.46; 7348623.2; 120426.78
793.43; 7543415.1; 127725.79
794.40; 7771257.9; 135245.26
795.37; 8027238.8; 143012.42
796.33; 8305378.7; 151048.7
797.30; 8598791.1; 159368.89
798.27; 8899863; 167980.4
799.24; 9200451; 176882.76
800.21; 9492083.9; 186067.3
801.17; 9766170.5; 195517.04
802.14; 10014207; 205206.79
803.11; 10227976; 215103.38
804.08; 10399741; 225166.17
805.04; 10522426; 235347.67
806.01; 10589775; 245594.33
806.98; 10596498; 255847.51
807.95; 10538389; 266044.45
808.91; 10412421; 276119.51
809.88; 10216812; 286005.3
810.85; 9951053.7; 295633.94
811.82; 9615914.6; 304938.3
812.78; 9213402.3; 313853.18
813.75; 8746693.4; 322316.49
814.72; 8220035.1; 330270.19
815.69; 7638621.5; 337661.32
816.65; 7008451.1; 344442.7
817.62; 6336168.9; 350573.58
818.59; 5628902.8; 356020.1
819.56; 4894096.7; 360755.63
820.52; 4139346.1; 364760.86
821.49; 3372243.6; 368023.84
822.46; 2600236.1; 370539.83
823.43; 1830500.3; 372311.02
824.40; 1069833.3; 373346.2
825.36; 324554.37; 373660.23
826.33; -399586.51; 373273.59
827.30; -1097494.3; 372211.66
828.27; -1764810.9; 370504.03
829.23; -2397997.6; 368183.73
830.20; -2994409.4; 365286.33
831.17; -3552357.9; 361849.07
832.14; -4071158.9; 357909.82
833.10; -4551161.7; 353506.12
834.07; -4993753.4; 348674.16
835.04; -5401335; 343447.83
836.01; -5777267.1; 337857.74
836.97; -6125781.4; 331930.44
837.94; -6451858.8; 325687.62
838.91; -6761076.5; 319145.6
839.88; -7059430.1; 312314.9
840.84; -7353138.2; 305200
841.81; -7648434.1; 297799.38
842.78; -7951350.9; 290105.65
843.75; -8267509.8; 282106.01
844.71; -8601915.6; 273782.79
845.68; -8958768.4; 265114.29
846.65; -9341300.9; 256075.65
847.62; -9751642.4; 246639.96
848.59; -10190711; 236779.43
849.55; -10658146; 226466.6
850.52; -11152271; 215675.67
851.49; -11670095; 204383.68
852.46; -12207341; 192571.86
853.42; -12758490; 180226.74
854.39; -13316853; 167341.36
855.36; -13874666; 153916.23
856.33; -14423215; 139960.33
857.29; -14953011; 125491.79
858.26; -15454004; 110538.5
859.23; -15915834; 95138.337
860.20; -16328101; 79339.266
861.16; -16680646; 63199.073
862.13; -16963832; 46784.87
863.10; -17168819; 30172.321
864.07; -17287827; 13444.62
865.03; -17314369; -3308.7638
866.00; -17243456; -19993.532
866.97; -17071770; -36512.177
867.94; -16797796; -52765.724
868.90; -16421906; -68655.56
869.87; -15946403; -84085.3
870.84; -15375511; -98962.644
871.81; -14715327; -113201.19
872.78; -13973720; -126722.17
873.74; -13160199; -139455.97
874.71; -12285734; -151343.65
875.68; -11362537; -162338.04
876.65; -10403825; -172404.78
877.61; -9423545; -181523
878.58; -8436091.2; -189685.77
879.55; -7456007.3; -196900.2
880.52; -6497680.9; -203187.35
881.48; -5575041.6; -208581.77
882.45; -4701265; -213130.71
883.42; -3888486.1; -216893.21
884.39; -3147529; -219938.76
885.35; -2487659.1; -222345.82
886.32; -1916368.9; -224200.09
887.29; -1439201.8; -225592.67
888.26; -1059620.1; -226617.96
889.22; -778912.33; -227371.63
890.19; -596142.19; -227948.46
891.16; -508137.97; -228440.13
892.13; -509522.02; -228933.15
893.09; -592781.47; -229506.72
894.06; -748383.22; -230230.86
895.03; -964930.22; -231164.52
896.00; -1229360.7; -232354.05
896.97; -1527189.1; -233831.76
897.93; -1842778.2; -235614.83
898.90; -2159639.2; -237704.5
899.87; -2460761.2; -240085.53
900.84; -2728964.8; -242726.08
901.80; -2947269.9; -245577.86
902.77; -3099271.7; -248576.71
903.74; -3169517.9; -251643.54
904.71; -3143874; -254685.55
905.67; -3009871.2; -257597.9
906.64; -2757028.2; -260265.6
907.61; -2377135.2; -262565.72
908.58; -1864492; -264369.8
909.54; -1216104.9; -265546.5
910.51; -431834.7; -265964.35
911.48; 485512.21; -265494.57
912.45; 1530152.4; -264013.99
913.41; 2693355.6; -261407.9
914.38; 3963541.2; -257572.78
915.35; 5326436.8; -252418.92
916.32; 6765301.7; -245872.81
917.28; 8261212.9; -237879.26
918.25; 9793404.3; -228403.16
919.22; 11339655; -217430.91
920.19; 12876726; -204971.39
921.16; 14380822; -191056.51
922.12; 15828084; -175741.26
923.09; 17195089; -159103.29
924.06; 18459340; -141242.03
925.03; 19599757; -122277.31
925.99; 20597127; -102347.53
926.96; 21434528; -81607.476
927.93; 22097702; -60225.739
928.90; 22575373; -38381.808
929.86; 22859491; -16262.965
930.83; 22945413; 5939.0166
931.80; 22831991; 28031.251
932.77; 22521591; 49823.143
933.73; 22020025; 71129.719
934.70; 21336413; 91774.832
935.67; 20482973; 111594.16
936.64; 19474750; 130437.93
937.60; 18329306; 148173.36
938.57; 17066377; 164686.79
939.54; 15707508; 179885.37
940.51; 14275667; 193698.51
941.47; 12794856; 206078.81
942.44; 11289706; 217002.73
943.41; 9785077.7; 226470.77
944.38; 8305649.1; 234507.32
945.35; 6875501; 241160.05
946.31; 5517697.4; 246498.98
947.28; 4253870.5; 250615.02
948.25; 3103811.3; 253618.27
949.22; 2085081.1; 255635.79
950.18; 1212650; 256809.16
951.15; 498571.03; 257291.57
952.12; -48298.292; 257244.84
953.09; -422518.14; 256836.01
954.05; -622224.26; 256233.95
955.02; -649213.08; 255605.77
955.99; -508948.71; 255113.31
956.96; -210490.58; 254909.64
957.92; 233659.04; 255135.73
958.89; 807787.58; 255917.34
959.86; 1493281.8; 257362.24
960.83; 2269009; 259557.73
961.79; 3111764.5; 262568.68
962.76; 3996777; 266435.96
963.73; 4898256.1; 271175.51
964.70; 5789966.3; 276777.88
965.66; 6645815.3; 283208.37
966.63; 7440440.3; 290407.74
967.60; 8149776.5; 298293.47
968.57; 8751594.8; 306761.51
969.54; 9225992; 315688.58
970.50; 9555817; 324934.79
971.47; 9727028; 334346.66
972.44; 9728976.5; 343760.42
973.41; 9554609; 353005.46
974.37; 9200583.1; 361907.94
975.34; 8667299.2; 370294.42
976.31; 7958848.9; 377995.4
977.28; 7082883.5; 384848.8
978.24; 6050413.6; 390703.18
979.21; 4875545.1; 395420.76
980.18; 3575154; 398880.08
981.15; 2168511.3; 400978.33
982.11; 676875.03; 401633.27
983.08; -876950.87; 400784.74
984.05; -2469074.5; 398395.66
985.02; -4074975.2; 394452.71
985.98; -5669956.8; 388966.46
986.95; -7229592.3; 381971.11
987.92; -8730149.8; 373523.82
988.89; -10148999; 363703.65
989.85; -11465002; 352610.11
990.82; -12658896; 340361.36
991.79; -13713644; 327092.04
992.76; -14614753; 312950.81
993.73; -15350559; 298097.61
994.69; -15912454; 282700.72
995.66; -16295053; 266933.62
996.63; -16496314; 250971.79
997.60; -16517587; 234989.37
998.56; -16363603; 219155.95
999.53; -16042403; 203633.32
1000.50; -15565208; 188572.42
1001.47; -14946224; 174110.46
1002.43; -14202396; 160368.22
1003.40; -13353099; 147447.76
1004.37; -12419780; 135430.38
1005.34; -11425537; 124375.03
1006.30; -10394661; 114317.16
1007.27; -9352134.2; 105268.03
1008.24; -8323096.4; 97214.604
1009.21; -7332296.7; 90119.874
1010.17; -6403539; 83923.809
1011.14; -5559135.4; 78544.79
1012.11; -4819389.1; 73881.549
1013.08; -4202125.6; 69815.572
1014.04; -3722282.5; 66213.892
1015.01; -3391575.5; 62932.203
1015.98; -3218245.1; 59818.229
1016.95; -3206890.9; 56715.242
1017.92; -3358387.5; 53465.666
1018.88; -3669879.5; 49914.691
1019.85; -4134855.3; 45913.805
1020.82; -4743300.6; 41324.187
1021.79; -5481927.9; 36019.873
1022.75; -6334478.1; 29890.632
1023.72; -7282084.5; 22844.487
1024.69; -8303690; 14809.837
1025.66; -9376502; 5737.1337
1026.62; -10476472; -4399.9003
1027.59; -11578783; -15603.531
1028.56; -12658345; -27851.746
1029.53; -13690276; -41098.457
1030.49; -14650371; -55274.156
1031.46; -15515552; -70287.004
1032.43; -16264299; -86024.339
1033.40; -16877044; -102354.57
1034.36; -17336542; -119129.4
1035.33; -17628191; -136186.44
1036.30; -17740315; -153351.97
1037.27; -17664387; -170444.03
1038.23; -17395196; -187275.62
1039.20; -16930960; -203658.02
1040.17; -16273371; -219404.13
1041.14; -15427583; -234331.86
1042.11; -14402131; -248267.36
1043.07; -13208799; -261048.2
1044.04; -11862415; -272526.27
1045.01; -10380604; -282570.54
1045.98; -8783472.4; -291069.43
1046.94; -7093246.9; -297932.86
1047.91; -5333867.3; -303093.91
1048.88; -3530552.3; -306510.07
1049.85; -1709343; -308164.03
1050.81; 103372.35; -308064.01
1051.78; 1881339.7; -306243.62
1052.75; 3598920.5; -302761.31
1053.72; 5231569.6; -297699.24
1054.68; 6756303.1; -291161.84
1055.65; 8152146.4; -283273.82
1056.62; 9400546.9; -274177.85
1057.59; 10485744; -264031.85
1058.55; 11395084; -253005.97
1059.52; 12119268; -241279.36
1060.49; 12652528; -229036.78
1061.46; 12992724; -216465.02
1062.42; 13141356; -203749.44
1063.39; 13103496; -191070.5
1064.36; 12887644; -178600.41
1065.33; 12505517; -166500.08
1066.30; 11971770; -154916.19
1067.26; 11303664; -143978.77
1068.23; 10520691; -133798.94
1069.20; 9644160.8; -124467.25
1070.17; 8696763.2; -116052.27
1071.13; 7702118; -108599.7
1072.10; 6684318.6; -102131.95
1073.07; 5667480.3; -96648.097
1074.04; 4675300; -92124.277
1075.00; 3730630.9; -88514.518
1075.97; 2855079.1; -85751.944
1076.94; 2068636.5; -83750.331
1077.91; 1389353.8; -82405.992
1078.87; 833049.66; -81599.933
1079.84; 413054.5; -81200.262
1080.81; 139988; -81064.81
1081.78; 21575.424; -81043.933
1082.74; 62511.314; -80983.447
1083.71; 264374.57; -80727.638
1084.68; 625595.55; -80122.312
1085.65; 1141475.5; -79017.82
1086.61; 1804264.4; -77272.014
1087.58; 2603302.9; -74753.058
1088.55; 3525226.2; -71342.049
1089.52; 4554222.9; -66935.383
1090.49; 5672343; -61446.824
1091.45; 6859850.9; -54809.232
1092.42; 8095618.1; -46975.912
1093.39; 9357541.2; -37921.556
1094.36; 10622982; -27642.758
1095.32; 11869223; -16158.098
1096.29; 13073921; -3507.7721
1097.26; 14215561; 10247.205
1098.23; 15273890; 25026.222
1099.19; 16230322; 40730.681
1100.16; 17068304; 57245.972
1101.13; 17773639; 74443.745
1102.10; 18334735; 92184.435
1103.06; 18742802; 110319.97
1104.03; 18991967; 128696.6
1105.00; 19079333; 147157.76
1105.97; 19004961; 165546.96
1106.93; 18771789; 183710.54
1107.90; 18385494; 201500.35
1108.87; 17854302; 218776.17
1109.84; 17188745; 235408
1110.80; 16401384; 251277.98
1111.77; 15506496; 266282.06
1112.74; 14519748; 280331.37
1113.71; 13457849; 293353.19
1114.68; 12338199; 305291.63
1115.64; 11178544; 316107.99
1116.61; 9996631.3; 325780.73
1117.58; 8809887; 334305.18
1118.55; 7635111; 341692.91
1119.51; 6488193.3; 347970.88
1120.48; 5383858.4; 353180.31
1121.45; 4335439.8; 357375.28
1122.42; 3354681.5; 360621.27
1123.38; 2451569.7; 362993.41
1124.35; 1634203.3; 364574.66
1125.32; 908701.35; 365453.92
1126.29; 279148.37; 365724.02
1127.25; -252417.79; 365479.79
1128.22; -685974.7; 364816.04
1129.19; -1023441.9; 363825.75
1130.16; -1268579.3; 362598.28
1131.12; -1426869.8; 361217.64
1132.09; -1505375; 359761.04
1133.06; -1512559.2; 358297.48
1134.03; -1458089.5; 356886.64
1134.99; -1352620; 355577.84
1135.96; -1207549.4; 354409.42
1136.93; -1034761.2; 353408.18
1137.90; -846360.7; 352589.24
1138.87; -654414.6; 351956.03
1139.83; -470698.62; 351500.58
1140.80; -306469.53; 351204.04
1141.77; -172263.34; 351037.36
1142.74; -77713.055; 350962.17
1143.70; -31386.174; 350931.8
1144.67; -40642.268; 350892.47
1145.64; -111507.69; 350784.58
1146.61; -248569.72; 350544.06
1147.57; -454896.14; 350103.9
1148.54; -731986.29; 349395.63
1149.51; -1079759.2; 348350.86
1150.48; -1496577.6; 346902.77
1151.44; -1979307.1; 344987.59
1152.41; -2523419.2; 342545.93
1153.38; -3123135.3; 339523.99
1154.35; -3771603.7; 335874.58
1155.31; -4461100.6; 331558.02
1156.28; -5183250.8; 326542.71
1157.25; -5929257.1; 320805.56
1158.22; -6690133.1; 314332.19
1159.18; -7456931.6; 307116.86
1160.15; -8220959.9; 299162.26
1161.12; -8973973.4; 290479.04
1162.09; -9708342.7; 281085.25
1163.06; -10417199; 271005.57
1164.02; -11094554; 260270.48
1164.99; -11735379; 248915.32
1165.96; -12335652; 236979.35
1166.93; -12892366; 224504.69
1167.89; -13403516; 211535.45
1168.86; -13868058; 198116.72
1169.83; -14285842; 184293.74
1170.80; -14657538; 170111.1
1171.76; -14984538; 155612.06
1172.73; -15268854; 140837.92
1173.70; -15513011; 125827.53
1174.67; -15719938; 110616.92
1175.63; -15892858; 95238.991
1176.60; -16035179; 79723.352
1177.57; -16150380; 64096.244
1178.54; -16241910; 48380.572
1179.50; -16313075; 32596.041
1180.47; -16366946; 16759.384
1181.44; -16406264; 884.68298
1182.41; -16433359; -15016.235
1183.37; -16450071; -30933.324
1184.34; -16457690; -46857.784
1185.31; -16456893; -62781.474
1186.28; -16447714; -78696.282
1187.25; -16429526; -94593.491
1188.21; -16401040; -110463.14
1189.18; -16360339; -126293.4
1190.15; -16304929; -142070.05
1191.12; -16231810; -157775.95
1192.08; -16137566; -173390.66
1193.05; -16018465; -188890.13
1194.02; -15870564; -204246.48
1194.99; -15689816; -219427.95
1195.95; -15472178; -234398.83
1196.92; -15213701; -249119.61
1197.89; -14910635; -263547.14
1198.86; -14559523; -277634.93
1199.82; -14157298; -291333.53
1200.79; -13701388; -304591
1201.76; -13189809; -317353.46
1202.73; -12621257; -329565.78
1203.69; -11995177; -341172.32
1204.66; -11311826; -352117.64
1205.63; -10572295; -362347.39
1206.60; -9778527.6; -371809.1
1207.56; -8933296.1; -380452.95
1208.53; -8040154.7; -388232.61
1209.50; -7103370.2; -395105.83
1210.47; -6127824.6; -401035.11
1211.44; -5118893; -405988.15
1212.40; -4082303.5; -409938.19
1213.37; -3023982.1; -412864.19
1214.34; -1949891.4; -414750.91
1215.31; -865874.45; -415588.73
1216.27; 222493.34; -415373.44
1217.24; 1310031.5; -414105.86
1218.21; 2392053.5; -411791.31
1219.18; 3464440; -408439.11
1220.14; 4523687.8; -404061.99
1221.11; 5566925.7; -398675.44
1222.08; 6591899.5; -392297.11
1223.05; 7596932.4; -384946.32
1224.01; 8580858.7; -376643.48
1224.98; 9542938.6; -367409.74
1225.95; 10482762; -357266.62
1226.92; 11400155; -346235.83
1227.88; 12295095; -334339.09
1228.85; 13167636; -321598.09
1229.82; 14017840; -308034.43
1230.79; 14845728; -293669.7
1231.75; 15651230; -278525.57
1232.72; 16434142; -262623.89
1233.69; 17194079; -245986.9
1234.66; 17930433; -228637.41
1235.63; 18642328; -210599.1
1236.59; 19328582; -191896.76
1237.56; 19987659; -172556.7
1238.53; 20617639; -152607.08
1239.50; 21216194; -132078.29
1240.46; 21780577; -111003.4
1241.43; 22307617; -89418.549
1242.40; 22793740; -67363.326
1243.37; 23234992; -44881.148
1244.33; 23627086; -22019.58
1245.30; 23965463; 1169.4029
1246.27; 24245373; 24629.226
1247.24; 24461966; 48298.625
1248.20; 24610404; 72111.652
1249.17; 24685980; 95997.806
1250.14; 24684240; 119882.28
1251.11; 24601111; 143686.31
1252.07; 24433018; 167327.7
1253.04; 24177001; 190721.37
1254.01; 23830827; 213780.07
1254.98; 23393094; 236415.23
1255.94; 22863315; 258537.77
1256.91; 22241993; 280059.13
1257.88; 21530681; 300892.21
1258.85; 20732020; 320952.52
1259.82; 19849757; 340159.14
1260.78; 18888740; 358435.89
1261.75; 17854899; 375712.29
1262.72; 16755188; 391924.61
1263.69; 15597512; 407016.76
1264.65; 14390631; 420941.13
1265.62; 13144039; 433659.3
1266.59; 11867823; 445142.61
1267.56; 10572507; 455372.57
1268.52; 9268873.6; 464341.13
1269.49; 7967783.7; 472050.76
1270.46; 6679986.1; 478514.31
1271.43; 5415940.5; 483754.78
1272.39; 4185648.1; 487804.81
1273.36; 2998493.9; 490706.15
1274.33; 1863105; 492508.89
1275.30; 787226.54; 493270.61
1276.26; -222386.78; 493055.43
1277.23; -1160064.9; 491932.95
1278.20; -2021298.2; 489977.14
1279.17; -2802794.7; 487265.16
1280.13; -3502525.5; 483876.12
1281.10; -4119753.8; 479889.84
1282.07; -4655044.1; 475385.62
1283.04; -5110252.8; 470440.94
1284.01; -5488503.9; 465130.27
1284.97; -5794147.2; 459523.85
1285.94; -6032692.7; 453686.61
1286.91; -6210729.3; 447677.11
1287.88; -6335824; 441546.57
1288.84; -6416394.7; 435338.07
1289.81; -6461562.5; 429085.86
1290.78; -6480985.5; 422814.86
1291.75; -6484669.1; 416540.29
1292.71; -6482764.8; 410267.57
1293.68; -6485354.5; 403992.34
1294.65; -6502226.6; 397700.78
1295.62; -6542656.3; 391370.11
1296.58; -6615186.6; 384969.26
1297.55; -6727416.9; 378459.81
1298.52; -6885805.8; 371797.1
1299.49; -7095500.7; 364931.5
1300.45; -7360204.5; 357809.76
1301.42; -7682088.9; 350376.57
1302.39; -8061757.7; 342576.02
1303.36; -8498257.2; 334353.1
1304.32; -8989126.1; 325655.22
1305.29; -9530477.1; 316433.53
1306.26; -10117109; 306644.22
1307.23; -10742646; 296249.63
1308.20; -11399689; 285219.29
1309.16; -12079984; 273530.7
1310.13; -12774587; 261170.01
1311.10; -13474051; 248132.52
1312.07; -14168601; 234422.98
1313.03; -14848320; 220055.75
1314.00; -15503325; 205054.73
1314.97; -16123936; 189453.21
1315.94; -16700842; 173293.48
1316.90; -17225259; 156626.32
1317.87; -17689065; 139510.38
1318.84; -18084933; 122011.39
1319.81; -18406446; 104201.32
1320.77; -18648191; 86157.328
1321.74; -18805851; 67960.786
1322.71; -18876270; 49696.107
1323.68; -18857516; 31449.574
1324.64; -18748923; 13308.116
1325.61; -18551115; -4641.9426
1326.58; -18266002; -22316.126
1327.55; -17896769; -39633.04
1328.51; -17447844; -56515.573
1329.48; -16924832; -72892.04
1330.45; -16334435; -88697.24
1331.42; -15684329; -103873.4
1332.39; -14983021; -118370.97
1333.35; -14239677; -132149.28
1334.32; -13463930; -145176.98
1335.29; -12665672; -157432.28
1336.26; -11854839; -168903.03
1337.22; -11041201; -179586.49
1338.19; -10234155; -189489.06
1339.16; -9442542.6; -198625.66
1340.13; -8674480.5; -207019.09
1341.09; -7937219.5; -214699.14
1342.06; -7237027.5; -221701.69
1343.03; -6579099.1; -228067.63
1344.00; -5967488.1; -233841.77
1344.96; -5405067.7; -239071.71
1345.93; -4893520.6; -243806.68
1346.90; -4433354.1; -248096.4
1347.87; -4023940; -251989.96
1348.83; -3663576.5; -255534.84
1349.80; -3349573.8; -258775.89
1350.77; -3078359.2; -261754.51
1351.74; -2845596.1; -264507.91
1352.70; -2646317.1; -267068.48
1353.67; -2475065.4; -269463.36
1354.64; -2326035.9; -271714.03
1355.61; -2193212.2; -273836.18
1356.58; -2070500.5; -275839.6
1357.54; -1951853; -277728.21
1358.51; -1831376.5; -279500.25
1359.48; -1703426.2; -281148.48
1360.45; -1562685.3; -282660.54
1361.41; -1404234.4; -284019.28
1362.38; -1223611.3; -285203.24
1363.35; -1016864.9; -286187.16
1364.32; -780597.91; -286942.47
1365.28; -511993.35; -287437.87
1366.25; -208833.81; -287639.94
1367.22; 130480.51; -287513.69
1368.19; 506921.23; -287023.19
1369.15; 920829.25; -286132.19
1370.12; 1371912.1; -284804.73
1371.09; 1859243.7; -283005.73
1372.06; 2381266; -280701.62
1373.02; 2935794.1; -277860.94
1373.99; 3520027.9; -274454.96
1374.96; 4130579.8; -270458.21
1375.93; 4763520.2; -265849.03
1376.89; 5414440.6; -260610.02
1377.86; 6078531.9; -254728.43
1378.83; 6750684; -248196.47
1379.80; 7425605.7; -241011.45
1380.77; 8097953.4; -233175.87
1381.73; 8762468.6; -224697.31
1382.70; 9414117.2; -215588.21
1383.67; 10048222; -205865.55
1384.64; 10660580; -195550.37
1385.60; 11247560; -184667.23
1386.57; 11806173; -173243.58
1387.54; 12334110; -161309.1
1388.51; 12829759; -148895.02
1389.47; 13292183; -136033.5
1390.44; 13721065; -122757
1391.41; 14116633; -109097.75
1392.38; 14479552; -95087.333
1393.34; 14810809; -80756.394
1394.31; 15111580; -66134.43
1395.28; 15383106; -51249.737
1396.25; 15626579; -36129.459
1397.21; 15843050; -20799.724
1398.18; 16033346; -5285.8588
1399.15; 16198013; 10387.339
1400.12; 16337263; 26195.274
1401.08; 16450931; 42113.196
1402.05; 16538466; 58115.815
1403.02; 16598937; 74176.947
1403.99; 16631081; 90269.181
1404.96; 16633368; 106363.63
1405.92; 16604097; 122429.75
1406.89; 16541505; 138435.31
1407.86; 16443888; 154346.42
1408.83; 16309714; 170127.7
1409.79; 16137734; 185742.57
1410.76; 15927089; 201153.62
1411.73; 15677382; 216323.06
1412.70; 15388748; 231213.21
1413.66; 15061878; 245787.08
1414.63; 14698040; 260008.9
1415.60; 14299043; 273844.66
1416.57; 13867196; 287262.56
1417.53; 13405227; 300233.46
1418.50; 12916195; 312731.17
1419.47; 12403377; 324732.67
1420.44; 11870174; 336218.25
1421.40; 11320001; 347171.49
1422.37; 10756199; 357579.18
1423.34; 10181968; 367431.26
1424.31; 9600317.2; 376720.52
1425.27; 9014033.3; 385442.5
1426.24; 8425672.6; 393595.18
1427.21; 7837561.1; 401178.81
1428.18; 7251798.3; 408195.65
1429.15; 6670264.8; 414649.8
1430.11; 6094630.6; 420546.96
1431.08; 5526358.3; 425894.26
1432.05; 4966701.8; 430700.05
1433.02; 4416700.2; 434973.64
1433.98; 3877172; 438725.2
1434.95; 3348707; 441965.41
1435.92; 2831655; 444705.31
1436.89; 2326108.6; 446956.06
1437.85; 1831879.3; 448728.58
1438.82; 1348468.3; 450033.36
1439.79; 875038.18; 450880.05
1440.76; 410388.23; 451277.14
1441.72; -47063.583; 451231.6
1442.69; -499285.17; 450748.49
1443.66; -948621.13; 449830.61
1444.63; -1397764.4; 448478.13
1445.59; -1849714.3; 446688.35
1446.56; -2307725.3; 444455.39
1447.53; -2775238.7; 441770.07
1448.50; -3255797.5; 438619.76
1449.46; -3752944.7; 434988.41
1450.43; -4270099.2; 430856.66
1451.40; -4810413.6; 426202.11
1452.37; -5376619.3; 420999.69
1453.34; -5970865.4; 415222.28
1454.30; -6594562.9; 408841.38
1455.27; -7248252.1; 401827.97
1456.24; -7931494.7; 394153.46
1457.21; -8642793.8; 385790.69
1458.17; -9379554.4; 376715.04
1459.14; -10138084; 366905.43
1460.11; -10913629; 356345.4
1461.08; -11700448; 345024.04
1462.04; -12491922; 332936.86
1463.01; -13280683; 320086.47
1463.98; -14058773; 306483.2
1464.95; -14817809; 292145.49
1465.91; -15549167; 277100.12
1466.88; -16244167; 261382.26
1467.85; -16894254; 245035.38
1468.82; -17491197; 228110.9
1469.78; -18027268; 210667.71
1470.75; -18495418; 192771.55
1471.72; -18889420; 174494.15
1472.69; -19204001; 155912.35
1473.65; -19434954; 137107.09
1474.62; -19579216; 118162.24
1475.59; -19634926; 99163.488
1476.56; -19601465; 80197.111
1477.53; -19479475; 61348.771
1478.49; -19270865; 42702.282
1479.46; -18978797; 24338.397
1480.43; -18607662; 6333.6235
1481.40; -18163033; -11240.928
1482.36; -17651611; -28320.626
1483.33; -17081137; -44848.334
1484.30; -16460305; -60775.326
1485.27; -15798641; -76062.091
1486.23; -15106371; -90679.015
1487.20; -14394266; -104606.91
1488.17; -13673461; -117837.35
1489.14; -12955239; -130372.84
1490.10; -12250815; -142226.72
1491.07; -11571094; -153422.92
1492.04; -10926437; -163995.34
1493.01; -10326420; -173987.18
1493.97; -9779600.8; -183449.92
1494.94; -9293291.6; -192442.11
1495.91; -8873353.9; -201027.97
1496.88; -8524009.4; -209275.8
1497.84; -8247674.9; -217256.25
1498.81; -8044832; -225040.43
1499.78; -7913944.2; -232697.96
1500.75; -7851427.6; -240295
1501.72; -7851679.6; -247892.29
1502.68; -7907164.2; -255543.26
1503.65; -8008556.2; -263292.34
1504.62; -8144939.3; -271173.38
1505.59; -8304043.3; -279208.38
1506.55; -8472518.6; -287406.38
1507.52; -8636239.7; -295762.81
1508.49; -8780629.1; -304258.95
1509.46; -8890992.5; -312861.87
1510.42; -8952857.9; -321524.66
1511.39; -8952307.3; -330186.91
1512.36; -8876296.2; -338775.61
1513.33; -8712958.3; -347206.27
1514.29; -8451880.2; -355384.31
1515.26; -8084334.8; -363206.71
1516.23; -7603475.6; -370563.84
1517.20; -7004485.1; -377341.38
1518.16; -6284664.4; -383422.42
1519.13; -5443472.2; -388689.52
1520.10; -4482520.9; -393026.81
1521.07; -3405534.3; -396322
1522.03; -2218271.8; -398468.4
1523.00; -928430.49; -399366.75
1523.97; 454474.75; -398927
1524.94; 1919247.2; -397069.94
1525.91; 3453157.2; -393728.66
1526.87; 5042104.7; -388849.92
1527.84; 6670791.4; -382395.27
1528.81; 8322904.3; -374342.02
1529.78; 9981313.4; -364684.1
1530.74; 11628286; -353432.58
1531.71; 13245721; -340616.02
1532.68; 14815417; -326280.62
1533.65; 16319353; -310490.01
1534.61; 17739988; -293324.8
1535.58; 19060576; -274881.79
1536.55; 20265474; -255272.91
1537.52; 21340463; -234623.88
1538.48; 22273044; -213072.48
1539.45; 23052721; -190766.67
1540.42; 23671254; -167862.37
1541.39; 24122878; -144521.07
1542.35; 24404472; -120907.3
1543.32; 24515671; -97185.938
1544.29; 24458924; -73519.482
1545.26; 24239492; -50065.35
1546.22; 23865380; -26973.209
1547.19; 23347211; -4382.4471
1548.16; 22698037; 17580.174
1549.13; 21933081; 38802.623
1550.10; 21069432; 59189.405
1551.06; 20125678; 78663.011
1552.03; 19121500; 97164.974
1553.00; 18077225; 114656.5
1553.97; 17013367; 131118.63
1554.93; 15950158; 146552
1555.90; 14907110; 160976.12
1556.87; 13902604; 174428.28
1557.84; 12953526; 186962.12
1558.80; 12074941; 198645.83
1559.77; 11279833; 209560.2
1560.74; 10578878; 219796.32
1561.71; 9980291.1; 229453.25
1562.67; 9489707.6; 238635.49
1563.64; 9110120.6; 247450.44
1564.61; 8841867.7; 256005.83
1565.58; 8682670.7; 264407.18
1566.54; 8627726.9; 272755.37
1567.51; 8669852.9; 281144.32
1568.48; 8799677.9; 289658.89
1569.45; 9005873.8; 298372.97
1570.41; 9275418.7; 307347.87
1571.38; 9593884.4; 316630.91
1572.35; 9945739.3; 326254.41
1573.32; 10314661; 336234.88
1574.29; 10683853; 346572.57
1575.25; 11036359; 357251.35
1576.22; 11355380; 368238.82
1577.19; 11624580; 379486.76
1578.16; 11828394; 390931.92
1579.12; 11952319; 402496.98
1580.09; 11983192; 414091.92
1581.06; 11909436; 425615.49
1582.03; 11721303; 436957.02
1582.99; 11411066; 447998.37
1583.96; 10973193; 458616.03
1584.93; 10404469; 468683.39
1585.90; 9704077.7; 478073.06
1586.86; 8873634.5; 486659.19
1587.83; 7917179.9; 494319.85
1588.80; 6841113.1; 500939.31
1589.77; 5654083.4; 506410.2
1590.73; 4366840; 510635.56
1591.70; 2992035.8; 513530.65
1592.67; 1543991.2; 515024.62
1593.64; 38420.913; 515061.79
1594.60; -1507866; 513602.78
1595.57; -3077285.5; 510625.2
1596.54; -4651817.6; 506124.1
1597.51; -6213353.6; 500112.06
1598.48; -7744035.5; 492618.93
1599.44; -9226588.5; 483691.28
1600.41; -10644642; 473391.53
1601.38; -11983023; 461796.76
1602.35; -13228019; 448997.32
1603.31; -14367598; 435095.24
1604.28; -15391593; 420202.33
1605.25; -16291839; 404438.35
1606.22; -17062286; 387928.88
1607.18; -17699057; 370803.27
1608.15; -18200491; 353192.48
1609.12; -18567137; 335226.92
1610.09; -18801722; 317034.37
1611.05; -18909088; 298737.94
1612.02; -18896085; 280454.08
1612.99; -18771424; 262290.85
1613.96; -18545485; 244346.24
1614.92; -18230100; 226706.8
1615.89; -17838292; 209446.47
1616.86; -17383996; 192625.71
1617.83; -16881748; 176290.93
1618.79; -16346366; 160474.19
1619.76; -15792623; 145193.25
1620.73; -15234924; 130451.93
1621.70; -14686995; 116240.8
1622.67; -14161586; 102538.05
1623.63; -13670215; 89310.746
1624.60; -13222942; 76516.227
1625.57; -12828188; 64103.672
1626.54; -12492595; 52015.838
1627.50; -12220931; 40190.865
1628.47; -12016047; 28564.138
1629.44; -11878874; 17070.14
1630.41; -11808454; 5644.2794
1631.37; -11802022; -5775.3573
1632.34; -11855111; -17246.363
1633.31; -11961688; -28820.492
1634.28; -12114318; -40542.306
1635.24; -12304355; -52448
1636.21; -12522141; -64564.425
1637.18; -12757224; -76908.315
1638.15; -12998583; -89485.744
1639.11; -13234868; -102291.8
1640.08; -13454643; -115310.51
1641.05; -13646614; -128514.98
1642.02; -13799864; -141867.73
1642.98; -13904061; -155321.3
1643.95; -13949657; -168818.98
1644.92; -13928060; -182295.78
1645.89; -13831775; -195679.4
1646.86; -13654519; -208891.51
1647.82; -13391318; -221848.95
1648.79; -13038573; -234465.08
1649.76; -12594120; -246651.15
1650.73; -12057258; -258317.75
1651.69; -11428774; -269376.23
1652.66; -10710936; -279740.13
1653.63; -9907462.9; -289326.59
1654.60; -9023474.3; -298057.71
1655.56; -8065416; -305861.8
1656.53; -7040965.9; -312674.64
1657.50; -5958920.2; -318440.49
1658.47; -4829058.7; -323113.09
1659.43; -3661992.3; -326656.43
1660.40; -2468995.3; -329045.43
1661.37; -1261824.5; -330266.38
1662.34; -52523.236; -330317.2
1663.30; 1146789.1; -329207.56
1664.27; 2324136.1; -326958.73
1665.24; 3467903.2; -323603.19
1666.21; 4567056.2; -319184.1
1667.17; 5611354.8; -313754.56
1668.14; 6591554.7; -307376.57
1669.11; 7499587; -300119.97
1670.08; 8328707.2; -292061.11
1671.05; 9073608.5; -283281.49
1672.01; 9730502.2; -273866.25
1672.98; 10297160; -263902.72
1673.95; 10772921; -253478.84
1674.92; 11158651; -242681.73
1675.88; 11456687; -231596.24
1676.85; 11670730; -220303.64
1677.82; 11805713; -208880.43
1678.79; 11867637; -197397.31
1679.75; 11863375; -185918.31
1680.72; 11800474; -174500.17
1681.69; 11686941; -163191.88
1682.66; 11531032; -152034.46
1683.62; 11341058; -141060.85
1684.59; 11125191; -130296.12
1685.56; 10891315; -119757.68
1686.53; 10646889; -109455.75
1687.49; 10398833; -99393.837
1688.46; 10153456; -89569.354
1689.43; 9916390.6; -79974.254
1690.40; 9692565.5; -70595.728
1691.36; 9486189.7; -61416.891
1692.33; 9300758.1; -52417.477
1693.30; 9139063.4; -43574.519
1694.27; 9003215.6; -34863.008
1695.24; 8894666.4; -26256.529
1696.20; 8814231.8; -17727.878
1697.17; 8762115.2; -9249.6553
1698.14; 8737930.3; -794.83386
1699.11; 8740729.9; 7662.6964
1700.07; 8769045.3; 16147.625
1701.04; 8820934.1; 24682.76
1702.01; 8894032.3; 33288.626
1702.98; 8985615.2; 41983.107
1703.94; 9092664.7; 50781.17
1704.91; 9211936.5; 59694.64
1705.88; 9340021.5; 68732.044
1706.85; 9473407; 77898.513
1707.81; 9608532.8; 87195.729
1708.78; 9741846.5; 96621.94
1709.75; 9869857; 106172.01
1710.72; 9989190.1; 115837.55
1711.68; 10096642; 125607.06
1712.65; 10189231; 135466.16
1713.62; 10264248; 145397.85
1714.59; 10319306; 155382.81
1715.55; 10352376; 165399.77
1716.52; 10361824; 175425.87
1717.49; 10346418; 185437.07
1718.46; 10305326; 195408.5
1719.43; 10238075; 205314.86
1720.39; 10144512; 215130.69
1721.36; 10024736; 224830.63
1722.33; 9879024.8; 234389.57
1723.30; 9707771; 243782.81
1724.26; 9511415.5; 252986.05
1725.23; 9290405.2; 261975.45
1726.20; 9045158.4; 270727.55
1727.17; 8776036; 279219.24
1728.13; 8483318.4; 287427.7
1729.10; 8167188.2; 295330.27
1730.07; 7827716.2; 302904.37
1731.04; 7464861.1; 310127.37
1732.00; 7078481.1; 316976.5
1732.97; 6668362.8; 323428.81
1733.94; 6234269.7; 329461.09
1734.91; 5776008.5; 335049.96
1735.87; 5293505.8; 340171.95
1736.84; 4786891; 344803.75
1737.81; 4256576.6; 348922.41
1738.78; 3703331.6; 352505.76
1739.74; 3128343.1; 355532.74
1740.71; 2533263.1; 357983.93
1741.68; 1920234.8; 359841.95
1742.65; 1291892.3; 361091.98
1743.62; 651334.54; 361722.21
1744.58; 2081.2989; 361724.23
1745.55; -651982.44; 361093.37
1746.52; -1306675.6; 359829.03
1747.49; -1957597.5; 357934.86
1748.45; -2600201.6; 355418.9
1749.42; -3229866.3; 352293.68
1750.39; -3841957.7; 348576.21
1751.36; -4431886.7; 344287.91
1752.32; -4995166.2; 339454.59
1753.29; -5527470.6; 334106.21
1754.26; -6024697.6; 328276.71
1755.23; -6483040.7; 322003.72
1756.19; -6899071; 315328.18
1757.16; -7269827.8; 308293.89
1758.13; -7592909.5; 300946.99
1759.10; -7866557.7; 293335.31
1760.06; -8089727.8; 285507.69
1761.03; -8262143.9; 277513.24
1762.00; -8384338.5; 269400.56
1762.97; -8457677.9; 261216.91
1763.93; -8484369.2; 253007.43
1764.90; -8467444.8; 244814.33
1765.87; -8410728.3; 236676.11
1766.84; -8318786.5; 228626.85
1767.81; -8196857.2; 220695.57
1768.77; -8050757.8; 212905.66
1769.74; -7886783.5; 205274.41
1770.71; -7711595.3; 197812.67
1771.68; -7532100.9; 190524.61
1772.64; -7355327.4; 183407.59
1773.61; -7188286.8; 176452.21
1774.58; -7037841; 169642.39
1775.55; -6910565.5; 162955.73
1776.51; -6812609.1; 156363.85
1777.48; -6749552.1; 149832.98
1778.45; -6726262.1; 143324.65
1779.42; -6746755.2; 136796.49
1780.38; -6814075.2; 130203.19
1781.35; -6930187.5; 123497.54
1782.32; -7095890.3; 116631.56
1783.29; -7310756.3; 109557.67
1784.25; -7573103.7; 102229.94
1785.22; -7880001.5; 94605.247
1786.19; -8227310.2; 86644.501
1787.16; -8609754.2; 78313.703
1788.12; -9021029.3; 69584.955
1789.09; -9453936.9; 60437.326
1790.06; -9900544; 50857.56
1791.03; -10352359; 40840.617
1792.00; -10800514; 30390.04
1792.96; -11235940; 19518.144
1793.93; -11649548; 8246.0414
1794.90; -12032396; -3396.5051
1795.87; -12375845; -15371.372
1796.83; -12671721; -27632.53
1797.80; -12912476; -40126.641
1798.77; -13091335; -52793.817
1799.74; -13202450; -65568.508
1800.70; -13241021; -78380.519
1801.67; -13203415; -91156.143
1802.64; -13087247; -103819.36
1803.61; -12891445; -116293.13
1804.57; -12616282; -128500.64
1805.54; -12263379; -140366.69
1806.51; -11835682; -151818.89
1807.48; -11337408; -162788.97
1808.44; -10773971; -173213.86
1809.41; -10151878; -183036.82
1810.38; -9478618.3; -192208.33
1811.35; -8762518.5; -200686.94
1812.31; -8012585.9; -208439.92
1813.28; -7238329.7; -215443.73
1814.25; -6449568.3; -221684.33
1815.22; -5656225.5; -227157.3
1816.19; -4868124.8; -231867.69
1817.15; -4094787.2; -235829.81
1818.12; -3345244.6; -239066.67
1819.09; -2627866; -241609.39
1820.06; -1950199.4; -243496.4
1821.02; -1318835.2; -244772.51
1821.99; -739289.48; -245487.85
1822.96; -215908.62; -245696.76
1823.93; 248205.23; -245456.6
1824.89; 651250.39; -244826.45
1825.86; 992765.82; -243865.84
1826.83; 1273649.4; -242633.46
1827.80; 1496157.1; -241185.78
1828.76; 1663890.6; -239575.8
1829.73; 1781769.2; -237851.76
1830.70; 1855983.1; -236055.91
1831.67; 1893925.1; -234223.35
1832.63; 1904096.2; -232380.95
1833.60; 1895982.2; -230546.39
1834.57; 1879898.8; -228727.4
1835.54; 1866799.7; -226921.09
1836.50; 1868047.7; -225113.56
1837.47; 1895156.5; -223279.81
1838.44; 1959510.2; -221383.79
1839.41; 2072064.4; -219378.86
1840.38; 2243039.7; -217208.49
1841.34; 2481622.9; -214807.28
1842.31; 2795685; -212102.17
1843.28; 3191526.8; -209014.05
1844.25; 3673661.3; -205459.41
1845.21; 4244643.4; -201352.3
1846.18; 4904953.1; -196606.27
1847.15; 5652932.5; -191136.49
1848.12; 6484777.7; -184861.82
1849.08; 7394584.2; -177706.82
1850.05; 8374448.6; -169603.7
1851.02; 9414617.9; -160494.12
1851.99; 10503679; -150330.76
1852.95; 11628777; -139078.75
1853.92; 12775865; -126716.83
1854.89; 13929965; -113238.19
1855.86; 15075440; -98651.195
1856.82; 16196267; -82979.688
1857.79; 17276313; -66263.127
1858.76; 18299611; -48556.423
1859.73; 19250625; -29929.518
1860.69; 20114517; -10466.712
1861.66; 20877395; 9734.2555
1862.63; 21526561; 30563.356
1863.60; 22050733; 51899.645
1864.57; 22440243; 73612.824
1865.53; 22687217; 95564.975
1866.50; 22785719; 117612.44
1867.47; 22731866; 139607.79
1868.44; 22523907; 161401.92
1869.40; 22162267; 182846.13
1870.37; 21649553; 203794.24
1871.34; 20990521; 224104.67
1872.31; 20192003; 243642.45
1873.27; 19262800; 262281.13
1874.24; 18213539; 279904.55
1875.21; 17056498; 296408.42
1876.18; 15805419; 311701.75
1877.14; 14475289; 325708.03
1878.11; 13082106; 338366.28
1879.08; 11642628; 349631.69
1880.05; 10174116; 359476.16
1881.01; 8694062.1; 367888.54
1881.98; 7219905; 374874.52
1882.95; 5768748.2; 380456.36
1883.92; 4357069.8; 384672.26
1884.88; 3000437.4; 387575.48
1885.85; 1713239.7; 389233.21
1886.82; 508437.63; 389725.18
1887.79; -602659.5; 389142.04
1888.76; -1610584.1; 387583.64
1889.72; -2507864.6; 385157.03
1890.69; -3289142.9; 381974.46
1891.66; -3951250.4; 378151.23
1892.63; -4493241.5; 373803.57
1893.59; -4916385.6; 369046.47
1894.56; -5224118; 363991.62
1895.53; -5421946.7; 358745.34
1896.50; -5517315; 353406.79
1897.46; -5519425.2; 348066.19
1898.43; -5439033.1; 342803.38
1899.40; -5288212; 337686.51
1900.37; -5080087.8; 332771.01
1901.33; -4828553.4; 328098.91
1902.30; -4547971.6; 323698.29
1903.27; -4252873; 319583.21
1904.24; -3957657; 315753.78
1905.20; -3676312.9; 312196.58
1906.17; -3422159.5; 308885.3
1907.14; -3207606; 305781.62
1908.11; -3043937.9; 302836.3
1909.07; -2941121.8; 299990.47
1910.04; -2907621.8; 297177.06
1911.01; -2950222.7; 294322.42
1911.98; -3073873.9; 291348.14
1912.95; -3281574.3; 288172.89
1913.91; -3574312.1; 284714.39
1914.88; -3951058.5; 280891.34
1915.85; -4408806; 276625.38
1916.82; -4942641.8; 271842.88
1917.78; -5545859.9; 266476.71
1918.75; -6210113; 260467.8
1919.72; -6925601.1; 253766.59
1920.69; -7681287.3; 246334.18
1921.65; -8465130.7; 238143.32
1922.62; -9264335.9; 229179.15
1923.59; -10065610; 219439.66
1924.56; -10855429; 208935.95
1925.52; -11620303; 197692.14
1926.49; -12347046; 185745.14
1927.46; -13023041; 173144.05
1928.43; -13636488; 159949.38
1929.39; -14176644; 146232.06
1930.36; -14634027; 132072.18
1931.33; -15000589; 117557.61
1932.30; -15269858; 102782.49
1933.26; -15437033; 87845.619
1934.23; -15499042; 72848.746
1935.20; -15454574; 57894.9
1936.17; -15304065; 43086.687
1937.14; -15049664; 28524.632
1938.10; -14695158; 14305.598
1939.07; -14245887; 521.27756
1940.04; -13708621; -12743.184
1941.01; -13091418; -25410.441
1941.97; -12403460; -37412.029
1942.94; -11654881; -48689.292
1943.91; -10856580; -59194.119
1944.88; -10020037; -68889.506
1945.84; -9157105.8; -77749.922
1946.81; -8279817.5; -85761.473
1947.78; -7400172.8; -92921.881
1948.75; -6529943.3; -99240.254
1949.71; -5680475.5; -104736.68
1950.68; -4862494.8; -109441.63
1951.65; -4085918.5; -113395.17
1952.62; -3359693.4; -116646.01
1953.58; -2691654.2; -119250.45
1954.55; -2088396.1; -121271.18
1955.52; -1555163.1; -122775.96
1956.49; -1095764.1; -123836.22
1957.45; -712514.73; -124525.65
1958.42; -406204.32; -124918.69
1959.39; -176091.44; -125089.08
1960.36; -19926.395; -125108.36
1961.33; 65998.031; -125044.5
1962.29; 86763.367; -124960.55
1963.26; 48710.935; -124913.41
1964.23; -40698.063; -124952.79
1965.20; -173045.54; -125120.23
1966.16; -339143.01; -125448.39
1967.13; -529236.72; -125960.48
1968.10; -733223.23; -126669.94
1969.07; -940866.99; -127580.33
1970.03; -1142011.9; -128685.34
1971.00; -1326782.7; -129969.13
1971.97; -1485776.1; -131406.77
1972.94; -1610239.2; -132964.84
1973.90; -1692232.2; -134602.24
1974.87; -1724780.5; -136271.14
1975.84; -1702010.8; -137918
1976.81; -1619272.2; -139484.81
1977.77; -1473242.9; -140910.32
1978.74; -1262019.8; -142131.45
1979.71; -985179.46; -143084.71
1980.68; -643808.76; -143707.66
1981.64; -240506.31; -143940.37
1982.61; 220653.45; -143726.87
1983.58; 734195.4; -143016.46
1984.55; 1293355.6; -141765.01
1985.52; 1890226.9; -139936.03
1986.48; 2515935.1; -137501.61
1987.45; 3160840; -134443.18
1988.42; 3814755.7; -130752.02
1989.39; 4467183.1; -126429.58
1990.35; 5107541.9; -121487.52
1991.32; 5725395.8; -115947.63
1992.29; 6310673.7; -109841.42
1993.26; 6853879.6; -103209.6
1994.22; 7346281.2; -96101.343
1995.19; 7780075.2; -88573.342
1996.16; 8148529.5; -80688.825
1997.13; 8446097.3; -72516.381
1998.09; 8668499.7; -64128.741
1999.06; 8812779.6; -55601.495
2000.03; 8877336; -47011.785
2001.00; 8861932.1; -38436.98
2001.96; 8767674.7; -29953.378
2002.93; 8596976.5; -21634.943
2003.90; 8353506.2; -13552.09
2004.87; 8042125.4; -5770.5299
2005.83; 7668806.4; 1649.8071
2006.80; 7240530; 8655.7439
2007.77; 6765170.8; 15201.723
2008.74; 6251365.8; 21250.545
2009.71; 5708363.2; 26773.957
2010.67; 5145854.7; 31753.086
2011.64; 4573795.7; 36178.691
2012.61; 4002223.9; 40051.243
2013.58; 3441078.8; 43380.83
2014.54; 2900023; 46186.893
2015.51; 2388277.1; 48497.79
2016.48; 1914478.2; 50350.239
2017.45; 1486561.1; 51788.635
2018.41; 1111653.9; 52864.272
2019.38; 795999.08; 53634.48
2020.35; 544896.74; 54161.722
2021.32; 362660.14; 54512.632
2022.28; 252578.82; 54757.028
2023.25; 216887.79; 54966.888
2024.22; 256741.41; 55215.311
2025.19; 372191.82; 55575.444
2026.15; 562171.89; 56119.402
2027.12; 824484.71; 56917.173
2028.09; 1155805.2; 58035.53
2029.06; 1551696.5; 59536.952
2030.02; 2006646.3; 61478.583
2030.99; 2514128.4; 63911.253
2031.96; 3066685.9; 66878.579
2032.93; 3656031.9; 70416.155
2033.90; 4273167.6; 74550.872
2034.86; 4908523.7; 79300.36
2035.83; 5552119; 84672.59
2036.80; 6193731; 90665.644
2037.77; 6823085.9; 97267.662
2038.73; 7430054.5; 104456.98
2039.70; 8004842.6; 112202.47
2040.67; 8538175.8; 120464.01
2041.64; 9021475.6; 129193.19
2042.60; 9447016.3; 138334.12
2043.57; 9808056.3; 147824.4
2044.54; 10098942; 157596.13
2045.51; 10315177; 167577.1
2046.47; 10453457; 177691.86
2047.44; 10511669; 187862.95
2048.41; 10488867; 198011.98
2049.38; 10385222; 208060.72
2050.34; 10201958; 217932.13
2051.31; 9941270.8; 227551.31
2052.28; 9606250.1; 236846.32
2053.25; 9200785.8; 245749
2054.21; 8729475.4; 254195.64
2055.18; 8197532.4; 262127.57
2056.15; 7610700.7; 269491.68
2057.12; 6975174.8; 276240.86
2058.09; 6297525.5; 282334.35
2059.05; 5584631.3; 287738.04
2060.02; 4843613; 292424.72
2060.99; 4081770.6; 296374.24
2061.96; 3306521.7; 299573.63
2062.92; 2525338.5; 302017.15
2063.89; 1745682.6; 303706.27
2064.86; 974934.78; 304649.62
2065.83; 220318.97; 304862.8
2066.79; -511186.3; 304368.17
2067.76; -1212944.4; 303194.53
2068.73; -1878761.5; 301376.64
2069.70; -2502991.4; 298954.74
2070.66; -3080638.6; 295973.92
2071.63; -3607454.1; 292483.34
2072.60; -4080021.4; 288535.52
2073.57; -4495832.8; 284185.35
2074.53; -4853349.3; 279489.25
2075.50; -5152044.1; 274504.13
2076.47; -5392425.1; 269286.42
2077.44; -5576034.3; 263891.05
2078.40; -5705420.8; 258370.48
2079.37; -5784093.1; 252773.79
2080.34; -5816453.1; 247145.79
2081.31; -5807705; 241526.26
2082.28; -5763740.5; 235949.26
2083.24; -5691007.4; 230442.64
2084.21; -5596365.5; 225027.6
2085.18; -5486929; 219718.45
2086.15; -5369905.5; 214522.53
2087.11; -5252435.1; 209440.27
2088.08; -5141435.5; 204465.42
2089.05; -5043459.4; 199585.37
2090.02; -4964567.3; 194781.65
2090.98; -4910214.8; 190030.53
2091.95; -4885155.6; 185303.65
2092.92; -4893367.4; 180568.83
2093.89; -4938001; 175790.82
2094.85; -5021350.5; 170932.16
2095.82; -5144847.2; 165954.01
2096.79; -5309081.3; 160816.94
2097.76; -5513842.5; 155481.75
2098.72; -5758173.7; 149910.14
2099.69; -6040429.9; 144065.42
2100.66; -6358339.9; 137913.09
2101.63; -6709071.9; 131421.39
2102.59; -7089288.2; 124561.79
2103.56; -7495186.9; 117309.45
2104.53; -7922538; 109643.6
2105.50; -8366712.9; 101547.97
2106.47; -8822706.1; 93011.122
2107.43; -9285159.6; 84026.801
2108.40; -9748397.3; 74594.252
2109.37; -10206467; 64718.475
2110.34; -10653196; 54410.443
2111.30; -11082263; 43687.245
2112.27; -11487291; 32572.142
2113.24; -11861952; 21094.517
2114.21; -12200085; 9289.715
2115.17; -12495827; -2801.2475
2116.14; -12743745; -15132.095
2117.11; -12938963; -27651.835
2118.08; -13077277; -40305.409
2119.04; -13155254; -53034.432
2120.01; -13170312; -65778.026
2120.98; -13120793; -78473.705
2121.95; -13006001; -91058.312
2122.91; -12826229; -103468.97
2123.88; -12582749; -115644.04
2124.85; -12277779; -127524.02
2125.82; -11914423; -139052.41
2126.78; -11496570; -150176.5
2127.75; -11028782; -160847.95
2128.72; -10516167; -171023.39
2129.69; -9964247.1; -180664.79
2130.66; -9378810.1; -189739.73
2131.62; -8765763.8; -198221.48
2132.59; -8130994.2; -206089.03
2133.56; -7480239.1; -213326.91
2134.53; -6818976.9; -219924.96
2135.49; -6152332.5; -225877.95
2136.46; -5484995; -231185.23
2137.43; -4821149.3; -235850.18
2138.40; -4164424.2; -239879.67
2139.36; -3517854.4; -243283.55
2140.33; -2883858.7; -246073.97
2141.30; -2264240.1; -248264.85
2142.27; -1660208.5; -249871.27
2143.23; -1072418.5; -250908.94
2144.20; -501019.01; -251393.73
2145.17; 54284.782; -251341.2
2146.14; 594164.08; -250766.29
2147.10; 1119602.2; -249682.96
2148.07; 1631837.4; -248103.99
2149.04; 2132314.8; -246040.77
2150.01; 2622649.8; -243503.09
2150.97; 3104598.5; -240499.08
2151.94; 3580033.7; -237035.04
2152.91; 4050923.1; -233115.37
2153.88; 4519304; -228742.49
2154.85; 4987252.3; -223916.82
2155.81; 5456844.5; -218636.78
2156.78; 5930110.3; -212898.81
2157.75; 6408979.9; -206697.48
2158.72; 6895224.4; -200025.66
2159.68; 7390385.1; -192874.72
2160.65; 7895696.6; -185234.85
2161.62; 8412013; -177095.38
2162.59; 8939729.7; -168445.3
2163.55; 9478702.6; -159273.71
2164.52; 10028176; -149570.44
2165.49; 10586722; -139326.73
2166.46; 11152202; -128535.86
2167.42; 11721744; -117193.9
2168.39; 12291739; -105300.41
2169.36; 12857860; -92859.149
2170.33; 13415103; -79878.695
2171.29; 13957859; -66373.07
2172.26; 14479990; -52362.232
2173.23; 14974923; -37872.496
2174.20; 15435771; -22936.845
2175.16; 15855469; -7595.093
2176.13; 16226958; 8106.1118
2177.10; 16543386; 24113.492
2178.07; 16798307; 40367.534
2179.04; 16985882; 56803.073
2180.00; 17101035; 73350.034
2180.97; 17139597; 89934.309
2181.94; 17098412; 106478.73
2182.91; 16975423; 122904.15
2183.87; 16769719; 139130.53
2184.84; 16481567; 155078.1
2185.81; 16112399; 170668.45
2186.78; 15664779; 185825.69
2187.74; 15142339; 200477.42
2188.71; 14549689; 214555.7
2189.68; 13892308; 227997.9
2190.65; 13176415; 240747.4
2191.61; 12408831; 252754.18
2192.58; 11596850; 263975.29
2193.55; 10748114; 274375.17
2194.52; 9870510.2; 283925.88
2195.48; 8972075; 292607.26
2196.45; 8060910.7; 300406.99
2197.42; 7145111.9; 307320.6
2198.39; 6232696; 313351.36
2199.35; 5331534; 318510.15
2200.32; 4449277.7; 322815.27
2201.29; 3593278.2; 326292.13
2202.26; 2770490.4; 328972.86
2203.23; 1987367; 330895.83
2204.19; 1249752.8; 332105.09
2205.16; 562781.15; 332649.64
2206.13; -69223.606; 332582.66
2207.10; -642828.31; 331960.66
2208.06; -1155555.1; 330842.54
2209.03; -1605934.2; 329288.64
2210.00; -1993544.7; 327359.69
2210.97; -2319036.3; 325115.79
2211.93; -2584123; 322615.39
2212.90; -2791551.3; 319914.28
2213.87; -2945053; 317064.65
2214.84; -3049283.1; 314114.17
2215.80; -3109734.6; 311105.19
2216.77; -3132632.7; 308074.05
2217.74; -3124816.4; 305050.48
2218.71; -3093601.8; 302057.11
2219.67; -3046634; 299109.19
2220.64; -2991733.3; 296214.39
2221.61; -2936735.2; 293372.8
2222.58; -2889327.1; 290577.09
2223.54; -2856883.9; 287812.77
2224.51; -2846308.8; 285058.68
2225.48; -2863879.6; 282287.59
2226.45; -2915099.8; 279466.94
2227.42; -3004566.4; 276559.72
2228.38; -3135862.6; 273525.46
2229.35; -3311476.8; 270321.27
2230.32; -3532748.8; 266902.99
2231.29; -3799851.4; 263226.25
2232.25; -4111816.5; 259247.66
2233.22; -4466597.5; 254925.78
2234.19; -4861149.4; 250222.13
2235.16; -5291528.1; 245102.05
2236.12; -5753008.3; 239535.43
2237.09; -6240207; 233497.41
2238.06; -6747209.1; 226968.81
2239.03; -7267693.7; 219936.59
2239.99; -7795058.9; 212394.09
2240.96; -8322542; 204341.2
2241.93; -8843331.7; 195784.39
2242.90; -9350668.7; 186736.68
2243.86; -9837937.4; 177217.5
2244.83; -10298750; 167252.43
2245.80; -10727020; 156872.96
2246.77; -11117031; 146116.12
2247.73; -11463499; 135024.04
2248.70; -11761631; 123643.49
2249.67; -12007200; 112025.32
2250.64; -12196615; 100223.87
2251.61; -12326985; 88296.284
2252.57; -12396174; 76301.747
2253.54; -12402864; 64300.736
2254.51; -12346591; 52354.175
2255.48; -12227754; 40522.599
2256.44; -12047615; 28865.327
2257.41; -11808278; 17439.637
2258.38; -11512671; 6299.9768
2259.35; -11164503; -4502.7963
2260.31; -10768212; -14922.119
2261.28; -10328894; -24916.356
2262.25; -9852211.9; -34449.356
2263.22; -9344295.8; -43490.897
2264.18; -8811613.4; -52017.014
2265.15; -8260837; -60010.2
2266.12; -7698698.7; -67459.461
2267.09; -7131838.8; -74360.228
2268.05; -6566651.9; -80714.12
2269.02; -6009148; -86528.572
2269.99; -5464833.3; -91816.345
2270.96; -4938609.4; -96594.943
2271.92; -4434687.2; -100885.95
2272.89; -3956522; -104714.28
2273.86; -3506773.4; -108107.43
2274.83; -3087288.7; -111094.69
2275.80; -2699111.1; -113706.35
2276.76; -2342511.4; -115972.97
2277.73; -2017040; -117924.65
2278.70; -1721592.8; -119590.47
2279.67; -1454488.8; -120997.83
2280.63; -1213562.9; -122172.07
2281.60; -996265.56; -123136.06
2282.57; -799772.14; -123909.92
2283.54; -621094.38; -124510.89
2284.50; -457186.79; -124953.26
2285.47; -305041.34; -125248.42
2286.44; -161764.51; -125404.95
2287.41; -24637.569; -125428.79
2288.37; 108833.93; -125323.48
2289.34; 240880.56; -125090.4
2290.31; 373441.24; -124729.06
2291.28; 508141.29; -124237.38
2292.24; 646274.43; -123612.05
2293.21; 788794.19; -122848.81
2294.18; 936310.8; -121942.84
2295.15; 1089089.4; -120889.03
2296.11; 1247052.8; -119682.38
2297.08; 1409790.4; -118318.27
2298.05; 1576573.7; -116792.78
2299.02; 1746379.1; -115102.98
2299.99; 1917915.4; -113247.21
2300.95; 2089651.3; -111225.26
2301.92; 2259849.3; -109038.63
2302.89; 2426609; -106690.64
2303.86; 2587913.8; -104186.58
2304.82; 2741671.2; -101533.74
2305.79; 2885757; -98741.478
2306.76; 3018063.3; -95821.2
2307.73; 3136541.8; -92786.282
2308.69; 3239253.8; -89651.98
2309.66; 3324438; -86435.254
2310.63; 3390598.5; -83154.511
2311.60; 3436605.3; -79829.252
2312.56; 3461799.7; -76479.615
2313.53; 3466086.3; -73125.829
2314.50; 3450000.1; -69787.609
2315.47; 3414743; -66483.504
2316.43; 3362185.4; -63230.254
2317.40; 3294832.8; -60042.173
2318.37; 3215763.6; -56930.6
2319.34; 3128537; -53903.428
2320.30; 3037085.3; -50964.744
2321.27; 2945590.1; -48114.591
2322.24; 2858346.4; -45348.855
2323.21; 2779621.4; -42659.294
2324.18; 2713518.4; -40033.693
2325.14; 2663856.7; -37456.146
2326.11; 2634064.5; -34907.425
2327.08; 2627092; -32365.45
2328.05; 2645359.7; -29805.8
2329.01; 2690735.3; -27202.245
2329.98; 2764530.1; -24527.286
2330.95; 2867512.1; -21752.681
2331.92; 2999926.2; -18849.952
2332.88; 3161514.7; -15790.871
2333.85; 3351533.5; -12547.927
2334.82; 3568765; -9094.79
2335.79; 3811528.4; -5406.7551
2336.75; 4077688.7; -1461.1836
2337.72; 4364668.9; 2762.0701
2338.69; 4669468.3; 7280.2476
2339.66; 4988687.7; 12107.302
2340.62; 5318567.9; 17253.548
2341.59; 5655045.2; 22725.37
2342.56; 5993819.2; 28524.989
2343.53; 6330421.1; 34650.305
2344.49; 6660287.5; 41094.799
2345.46; 6978846.2; 47847.53
2346.43; 7281607.1; 54893.213
2347.40; 7564250.2; 62212.382
2348.37; 7822712.5; 69781.638
2349.33; 8053274.9; 77573.987
2350.30; 8252645.1; 85559.247
2351.27; 8418030.3; 93704.533
2352.24; 8547197.1; 101974.8
2353.20; 8638509; 110333.42
2354.17; 8690940.1; 118742.78
2355.14; 8704066.4; 127164.83
2356.11; 8678045.1; 135561.71
2357.07; 8613590.1; 143896.22
2358.04; 8511949.2; 152132.38
2359.01; 8374887.9; 160235.92
2359.98; 8204674.8; 168174.76
2360.94; 8004063.9; 175919.5
2361.91; 7776266.6; 183443.81
2362.88; 7524906; 190724.91
2363.85; 7253967.5; 197743.85
2364.81; 6967741.3; 204485.84
2365.78; 6670751.4; 210940.45
2366.75; 6367676.2; 217101.82
2367.72; 6063248.9; 222968.62
2368.68; 5762130.3; 228544.06
2369.65; 5468768.2; 233835.64
2370.62; 5187242.2; 238854.81
2371.59; 4921109; 243616.48
2372.56; 4673272.6; 248138.33
2373.52; 4445887.9; 252440.18
2374.49; 4240298.7; 256543.09
2375.46; 4057014.3; 260468.66
2376.43; 3895724.5; 264238.16
2377.39; 3755347.7; 267871.83
2378.36; 3634100; 271388.19
2379.33; 3529584.5; 274803.41
2380.30; 3438891.7; 278130.89
2381.26; 3358693.4; 281380.76
2382.23; 3285329.8; 284559.64
2383.20; 3214890.1; 287670.37
2384.17; 3143281.2; 290711.81
2385.13; 3066292; 293678.75
2386.10; 2979660.3; 296561.87
2387.07; 2879135.8; 299347.72
2388.04; 2760544.8; 302018.83
2389.00; 2619861.7; 304553.81
2389.97; 2453285; 306927.6
2390.94; 2257307.7; 309111.78
2391.91; 2028785.8; 311074.83
2392.87; 1765014.2; 312782.66
2393.84; 1463808.8; 314199.04
2394.81; 1123584.9; 315286.22
2395.78; 743431.19; 316005.56
2396.75; 323176.13; 316318.27
2397.71; -136564.72; 316186.13
2398.68; -634368.18; 315572.31
2399.65; -1168014.4; 314442.14
2400.62; -1734532.6; 312763.81
2401.58; -2330280.7; 310509.03
2402.55; -2951049.2; 307653.59
2403.52; -3592177.9; 304177.8
2404.49; -4248687.9; 300066.77
2405.45; -4915421.5; 295310.61
2406.42; -5587173.2; 289904.46
2407.39; -6258806.1; 283848.44
2408.36; -6925359.2; 277147.46
2409.32; -7582136.2; 269810.99
2410.29; -8224766.7; 261852.7
2411.26; -8849247.4; 253290.17
2412.23; -9451966.2; 244144.45
2413.19; -10029719; 234439.69
2414.16; -10579726; 224202.75
2415.13; -11099657; 213462.72
2416.10; -11587648; 202250.51
2417.06; -12042310; 190598.37
2418.03; -12462729; 178539.44
2419.00; -12848444; 166107.28
2419.97; -13199413; 153335.53
2420.94; -13515979; 140257.47
2421.90; -13798827; 126905.72
2422.87; -14048941; 113311.97
2423.84; -14267564; 99506.674
2424.81; -14456160; 85518.894
2425.77; -14616370; 71376.094
2426.74; -14749973; 57104.02
2427.71; -14858848; 42726.6
2428.68; -14944922; 28265.893
2429.64; -15010133; 13742.089
2430.61; -15056378; -826.4624
2431.58; -15085455; -15423.149
2432.55; -15098989; -30032.931
2433.51; -15098351; -44642.095
2434.48; -15084572; -59237.926
2435.45; -15058269; -73808.307
2436.42; -15019572; -88341.246
2437.38; -14968078; -102824.36
2438.35; -14902828; -117244.33
2439.32; -14822323; -131586.41
2440.29; -14724544; -145833.88
2441.25; -14606996; -159967.61
2442.22; -14466757; -173965.65
2443.19; -14300540; -187802.85
2444.16; -14104753; -201450.61
2445.13; -13875580; -214876.62
2446.09; -13609066; -228044.75
2447.06; -13301223; -240915.01
2448.03; -12948129; -253443.62
2449.00; -12546043; -265583.17
2449.96; -12091525; -277282.93
2450.93; -11581562; -288489.25
2451.90; -11013667; -299146.08
2452.87; -10385994; -309195.56
2453.83; -9697423.5; -318578.79
2454.80; -8947638.4; -327236.53
2455.77; -8137173.5; -335110.06
2456.74; -7267453.2; -342142.04
2457.70; -6340808.1; -348277.41
2458.67; -5360467.4; -353464.2
2459.64; -4330528.6; -357654.42
2460.61; -3255900.1; -360804.83
2461.57; -2142218.7; -362877.64
2462.54; -995750.78; -363841.12
2463.51; 176710.97; -363670.14
2464.48; 1367956.2; -362346.5
2465.44; 2570467; -359859.32
2466.41; 3776521.5; -356205.16
2467.38; 4978291.3; -351388.16
2468.35; 6167937; -345420.07
2469.32; 7337698; -338320.11
2470.28; 8479974.9; -330114.89
2471.25; 9587416.4; -320838.1
2472.22; 10653011; -310530.25
2473.19; 11670180; -299238.18
2474.15; 12632871; -287014.62
2475.12; 13535639; -273917.53
2476.09; 14373722; -260009.52
2477.06; 15143104; -245357.05
2478.02; 15840576; -230029.71
2478.99; 16463775; -214099.36
2479.96; 17011223; -197639.3
2480.93; 17482348; -180723.38
2481.89; 17877498; -163425.12
2482.86; 18197935; -145816.79
2483.83; 18445816; -127968.62
2484.80; 18624150; -109947.9
2485.76; 18736731; -91818.234
2486.73; 18788047; -73638.92
2487.70; 18783161; -55464.334
2488.67; 18727586; -37343.522
2489.63; 18627142; -19319.899
2490.60; 18487813; -1431.0915
2491.57; 18315585; 16291.069
2492.54; 18116306; 33820.407
2493.51; 17895534; 51136.126
2494.47; 17658409; 68222.402
2495.44; 17409542; 85067.875
2496.41; 17152933; 101665.05
2497.38; 16891896; 118009.65
2498.34; 16629025; 134099.9
2499.31; 16366165; 149935.8
2500.28; 16104405; 165518.42
2501.25; 15844091; 180849.16
2502.21; 15584870; 195929.08
2503.18; 15325743; 210758.27
2504.15; 15065128; 225335.29
2505.12; 14800937; 239656.67
2506.08; 14530653; 253716.53
2507.05; 14251409; 267506.2
2508.02; 13960075; 281013.97
2508.99; 13653334; 294224.93
2509.95; 13327778; 307120.89
2510.92; 12979998; 319680.34
2511.89; 12606665; 331878.54
2512.86; 12204625; 343687.74
2513.82; 11770983; 355077.34
2514.79; 11303190; 366014.31
2515.76; 10799119; 376463.54
2516.73; 10257140; 386388.35
2517.70; 9676183.1; 395751.02
2518.66; 9055784.6; 404513.4
2519.63; 8396127.1; 412637.49
2520.60; 7698053.7; 420086.13
2521.57; 6963056.1; 426823.58
2522.53; 6193242.3; 432816.16
2523.50; 5391293.2; 438032.78
2524.47; 4560411.6; 442445.43
2525.44; 3704264.8; 446029.68
2526.40; 2826923.5; 448765.01
2527.37; 1932801.5; 450635.19
2528.34; 1026602.6; 451628.53
2529.31; 113270.11; 451738.13
2530.27; -802068.16; 450962.05
2531.24; -1714157.7; 449303.43
2532.21; -2617682.8; 446770.56
2533.18; -3507343.1; 443376.85
2534.14; -4377935; 439140.76
2535.11; -5224436.2; 434085.6
2536.08; -6042096.5; 428239.27
2537.05; -6826526.6; 421633.92
2538.01; -7573778.8; 414305.53
2538.98; -8280423.9; 406293.39
2539.95; -8943621.2; 397639.55
2540.92; -9561169.4; 388388.16
2541.89; -10131538; 378584.88
2542.85; -10653886; 368276.18
2543.82; -11128067; 357508.66
2544.79; -11554607; 346328.43
2545.76; -11934664; 334780.45
2546.72; -12269966; 322908.03
2547.69; -12562731; 310752.33
2548.66; -12815566; 298351.99
2549.63; -13031362; 285742.84
2550.59; -13213184; 272957.76
2551.56; -13364165; 260026.6
2552.53; -13487410; 246976.18
2553.50; -13585905; 233830.46
2554.46; -13662440; 220610.68
2555.43; -13719541; 207335.65
2556.40; -13759431; 194022.03
2557.37; -13784002; 180684.63
2558.33; -13794808; 167336.77
2559.30; -13793065; 153990.6
2560.27; -13779672; 140657.39
2561.24; -13755236; 127347.82
2562.20; -13720101; 114072.25
2563.17; -13674371; 100840.93
2564.14; -13617936; 87664.218
2565.11; -13550498; 74552.756
2566.08; -13471588; 61517.648
2567.04; -13380578; 48570.601
2568.01; -13276682; 35724.083
2568.98; -13158960; 22991.473
2569.95; -13026314; 10387.212
2570.91; -12877490; -2073.0481
2571.88; -12711092; -14372.301
2572.85; -12525605; -26492.077
2573.82; -12319445; -38412.371
2574.78; -12091012; -50111.634
2575.75; -11838775; -61566.832
2576.72; -11561353; -72753.597
2577.69; -11257597; -83646.448
2578.65; -10926664; -94219.088
2579.62; -10568093; -104444.77
2580.59; -10181864; -114296.75
2581.56; -9768439.3; -123748.69
2582.52; -9328779.4; -132775.22
2583.49; -8864346.5; -141352.36
2584.46; -8377095.3; -149458.03
2585.43; -7869439.6; -157072.5
2586.39; -7344202.4; -164178.75
2587.36; -6804563.5; -170762.85
2588.33; -6254002.4; -176814.22
2589.30; -5696228.5; -182325.89
2590.27; -5135104.6; -187294.62
2591.23; -4574571.8; -191720.98
2592.20; -4018569.4; -195609.34
2593.17; -3470948; -198967.83
2594.14; -2935375.9; -201808.1
2595.10; -2415247; -204145.1
2596.07; -1913601.9; -205996.7
2597.04; -1433062; -207383.33
2598.01; -975783.47; -208327.5
2598.97; -543432.37; -208853.32
2599.94; -137179.86; -208986.06
2600.91; 242278.75; -208751.63
2601.88; 594689.66; -208176.21
2602.84; 920200.56; -207285.82
2603.81; 1219317.8; -206106.01
2604.78; 1492866.6; -204661.51
2605.75; 1741957.8; -202975.99
2606.71; 1967962.6; -201071.79
2607.68; 2172485.1; -198969.69
2608.65; 2357332.7; -196688.74
2609.62; 2524492.1; -194246.04
2610.58; 2676104.2; -191656.64
2611.55; 2814439.4; -188933.39
2612.52; 2941882.7; -186086.83
2613.49; 3060927.3; -183125.07
2614.46; 3174165.3; -180053.75
2615.42; 3284272.5; -176875.89
2616.39; 3393990.2; -173591.86
2617.36; 3506104.4; -170199.36
2618.33; 3623408.3; -166693.35
2619.29; 3748645.1; -163066.16
2620.26; 3884432.9; -159307.58
2621.23; 4033183; -155405.07
2622.20; 4197010.9; -151344.04
2623.16; 4377642; -147108.24
2624.13; 4576328.1; -142680.18
2625.10; 4793776.1; -138041.73
2626.07; 5030092.5; -133174.61
2627.03; 5284750.3; -128061.08
2628.00; 5556576.4; -122684.54
2628.97; 5843759.1; -117030.12
2629.94; 6143878.7; -111085.3
2630.90; 6453959.5; -104840.45
2631.87; 6770539.9; -98289.276
2632.84; 7089758.5; -91429.226
2633.81; 7407456.3; -84261.771
2634.77; 7719291; -76792.585
2635.74; 8020853.1; -69031.607
2636.71; 8307780.5; -60992.999
2637.68; 8575875.1; -52694.982
2638.65; 8821222.6; -44159.567
2639.61; 9040303.5; -35412.17
2640.58; 9230092.7; -26481.132
2641.55; 9388144.1; -17397.164
2642.52; 9512653.5; -8192.7201
2643.48; 9602495.7; 1098.6547
2644.45; 9657236.6; 10442.997
2645.42; 9677116.6; 19806.575
2646.39; 9663003; 29156.497
2647.35; 9616324.2; 38461.252
2648.32; 9538993.1; 47691.182
2649.29; 9433326; 56818.868
2650.26; 9301954.2; 65819.439
2651.22; 9147736.8; 74670.789
2652.19; 8973694.8; 83353.736
2653.16; 8782957.4; 91852.126
2654.13; 8578716.2; 100152.89
2655.09; 8364197.7; 108246.09
2656.06; 8142655.7; 116124.92
2657.03; 7917371.5; 123785.77
2658.00; 7691654.4; 131228.22
2658.96; 7468837.3; 138455.06
2659.93; 7252264.9; 145472.35
2660.90; 7045264.3; 152289.35
2661.87; 6851082.5; 158918.46
2662.84; 6672801.6; 165375.06
2663.80; 6513240.7; 171677.27
2664.77; 6374851.6; 177845.58
2665.74; 6259614.7; 183902.38
2666.71; 6168940.4; 189871.45
2667.67; 6103583.6; 195777.28
2668.64; 6063576.8; 201644.39
2669.61; 6048183.5; 207496.62
2670.58; 6055876; 213356.28
2671.54; 6084340.6; 219243.49
2672.51; 6130510.5; 225175.37
2673.48; 6190622.9; 231165.42
2674.45; 6260299.3; 237222.89
2675.41; 6334652.6; 243352.29
2676.38; 6408419.8; 249553.08
2677.35; 6476111.9; 255819.37
2678.32; 6532176.1; 262139.9
2679.28; 6571165; 268498.16
2680.25; 6587903.4; 274872.62
2681.22; 6577647.1; 281237.15
2682.19; 6536230.2; 287561.6
2683.15; 6460185.1; 293812.48
2684.12; 6346828.6; 299953.67
2685.09; 6194317.8; 305947.29
2686.06; 6001670.9; 311754.51
2687.03; 5768748.5; 317336.35
2687.99; 5496208.6; 322654.48
2688.96; 5185434; 327671.91
2689.93; 4838433.8; 332353.58
2690.90; 4457728.7; 336666.87
2691.86; 4046235.3; 340582.01
2692.83; 3607159.2; 344072.3
2693.80; 3143898.6; 347114.33
2694.77; 2659953.7; 349688.11
2695.73; 2158843.7; 351777
2696.70; 1644037.7; 353367.77
2697.67; 1118894.5; 354450.42
2698.64; 586603.2; 355018.01
2699.60; 50133.56; 355066.52
2700.57; -487797.69; 354594.53
2701.54; -1024754.3; 353602.98
2702.51; -1558596.4; 352094.88
2703.47; -2087473.6; 350075.04
2704.44; -2609805.9; 347549.79
2705.41; -3124260; 344526.76
2706.38; -3629719.8; 341014.64
2707.34; -4125253.6; 337023.05
2708.31; -4610089.4; 332562.32
2709.28; -5083595.9; 327643.44
2710.25; -5545277.4; 322277.83
2711.22; -5994790.6; 316477.27
2712.18; -6431976.3; 310253.69
2713.15; -6856906.4; 303618.94
2714.12; -7269929.6; 296584.56
2715.09; -7671705.8; 289161.42
2716.05; -8063225.9; 281359.44
2717.02; -8445811; 273187.27
2717.99; -8821091.7; 264651.98
2718.96; -9190963.7; 255758.81
2719.92; -9557513; 246510.96
2720.89; -9922922.4; 236909.54
2721.86; -10289368; 226953.55
2722.83; -10658906; 216639.99
2723.79; -11033356; 205964.11
2724.76; -11414190; 194919.74
2725.73; -11802437; 183499.7
2726.70; -12198600; 171696.34
2727.66; -12602593; 159502.07
2728.63; -13013696; 146910.02
2729.60; -13430526; 133914.64
2730.57; -13851033; 120512.38
2731.53; -14272519; 106702.29
2732.50; -14691682; 92486.619
2733.47; -15104681; 77871.329
2734.44; -15507215; 62866.548
2735.41; -15894622; 47486.912
2736.37; -16261971; 31751.828
2737.34; -16604168; 15685.636
2738.31; -16916054; -682.33809
2739.28; -17192505; -17317.806
2740.24; -17428519; -34181.64
2741.21; -17619299; -51230.074
2742.18; -17760329; -68414.969
2743.15; -17847448; -85684.159
2744.11; -17876923; -102981.87
2745.08; -17845518; -120249.19
2746.05; -17750570; -137424.65
2747.02; -17590050; -154444.78
2747.98; -17362617; -171244.85
2748.95; -17067656; -187759.51
2749.92; -16705298; -203923.56
2750.89; -16276413; -219672.61
2751.85; -15782575; -234943.83
2752.82; -15226006; -249676.52
2753.79; -14609502; -263812.67
2754.76; -13936345; -277297.48
2755.72; -13210221; -290079.69
2756.69; -12435132; -302111.92
2757.66; -11615324; -313350.91
2758.63; -10755223; -323757.66
2759.60; -9859396.1; -333297.62
2760.56; -8932511.9; -341940.71
2761.53; -7979315.3; -349661.5
2762.50; -7004602.6; -356439.15
2763.47; -6013202.8; -362257.53
2764.43; -5009959; -367105.16
2765.40; -3999708.3; -370975.28
2766.37; -2987253.2; -373865.75
2767.34; -1977319.6; -375779
2768.30; -974503.09; -376721.93
2769.27; 16805.179; -376705.67
2770.24; 992508.1; -375745.32
2771.21; 1948890.6; -373859.57
2772.17; 2882700; -371070.27
2773.14; 3791214; -367401.89
2774.11; 4672293.3; -362880.98
2775.08; 5524413.4; -357535.56
2776.04; 6346664.8; -351394.53
2777.01; 7138725.7; -344487.1
2777.98; 7900814.7; -336842.27
2778.95; 8633616.9; -328488.38
2779.91; 9338189.3; -319452.75
2780.88; 10015854; -309761.41
2781.85; 10668085; -299438.97
2782.82; 11296399; -288508.57
2783.79; 11902255; -276991.95
2784.75; 12486976; -264909.55
2785.72; 13051690; -252280.74
2786.69; 13597303; -239123.99
2787.66; 14124472; -225457.15
2788.62; 14633598; -211297.68
2789.59; 15124820; -196662.9
2790.56; 15598010; -181570.27
2791.53; 16052770; -166037.61
2792.49; 16488423; -150083.41
2793.46; 16904022; -133727.08
2794.43; 17298368; -116989.18
2795.40; 17670033; -99891.656
2796.36; 18017394; -82458.025
2797.33; 18338684; -64713.514
2798.30; 18632047; -46685.146
2799.27; 18895599; -28401.764
2800.23; 19127497; -9893.9974
2801.20; 19325987; 8805.8279
2802.17; 19489457; 27663.827
2803.14; 19616484; 46644.737
2804.10; 19705864; 65712.131
2805.07; 19756626; 84828.642
2806.04; 19768034; 103956.19
2807.01; 19739585; 123056.21
2807.98; 19670977; 142089.85
2808.94; 19562074; 161018.11
2809.91; 19412863; 179802
2810.88; 19223407; 198402.57
2811.85; 18993789; 216780.96
2812.81; 18724066; 234898.37
2813.78; 18414237; 252715.98
2814.75; 18064235; 270194.94
2815.72; 17673929; 287296.23
2816.68; 17243173; 303980.72
2817.65; 16771874; 320209.19
2818.62; 16260078; 335942.44
2819.59; 15708038; 351141.54
2820.55; 15116291; 365768.06
2821.52; 14485699; 379784.42
2822.49; 13817482; 393154.22
2823.46; 13113222; 405842.57
2824.42; 12374854; 417816.48
2825.39; 11604624; 429045.12
2826.36; 10805038; 439500.07
2827.33; 9978778.7; 449155.54
2828.29; 9128635.5; 457988.4
2829.26; 8257425.3; 465978.29
2830.23; 7367928.4; 473107.5
2831.20; 6462838.1; 479360.94
2832.17; 5544728.7; 484726.02
2833.13; 4616049.6; 489192.51
2834.10; 3679142.9; 492752.45
2835.07; 2736275.1; 495400.07
2836.04; 1789671.7; 497131.75
2837.00; 841550.54; 497946.04
2837.97; -105846.77; 497843.62
2838.94; -1050224.6; 496827.42
2839.91; -1989202.6; 494902.67
2840.87; -2920291.9; 492077
2841.84; -3840882.3; 488360.56
2842.81; -4748235.4; 483766.17
2843.78; -5639483.6; 478309.4
2844.74; -6511647.9; 472008.73
2845.71; -7361671.7; 464885.58
2846.68; -8186459.4; 456964.36
2847.65; -8982920.8; 448272.48
2848.61; -9748020.7; 438840.3
2849.58; -10478836; 428700.98
2850.55; -11172618; 417890.35
2851.52; -11826853; 406446.69
2852.48; -12439312; 394410.41
2853.45; -13008091; 381823.78
2854.42; -13531649; 368730.56
2855.39; -14008844; 355175.6
2856.36; -14438958; 341204.47
2857.32; -14821733; 326862.96
2858.29; -15157385; 312196.67
2859.26; -15446622; 297250.52
2860.23; -15690639; 282068.26
2861.19; -15891121; 266692.01
2862.16; -16050218; 251161.82
2863.13; -16170505; 235515.24
2864.10; -16254917; 219786.98
2865.06; -16306667; 204008.65
2866.03; -16329138; 188208.58
2867.00; -16325771; 172411.76
2867.97; -16299951; 156639.93
2868.93; -16254906; 140911.68
2869.90; -16193603; 125242.75
2870.87; -16118682; 109646.31
2871.84; -16032395; 94133.369
2872.80; -15936580; 78713.135
2873.77; -15832643; 63393.47
2874.74; -15721566; 48181.283
2875.71; -15603921; 33082.929
2876.67; -15479891; 18104.586
2877.64; -15349301; 3252.6023
2878.61; -15211651; -11466.191
2879.58; -15066153; -26044.201
2880.55; -14911752; -40472.812
2881.51; -14747148; -54742.152
2882.48; -14570805; -68840.863
2883.45; -14380955; -82755.875
2884.42; -14175603; -96472.189
2885.38; -13952529; -109972.66
2886.35; -13709309; -123237.78
2887.32; -13443338; -136245.56
2888.29; -13151867; -148971.31
2889.25; -12832061; -161387.61
2890.22; -12481071; -173464.29
2891.19; -12096127; -185168.5
2892.16; -11674636; -196464.88
2893.12; -11214286; -207315.82
2894.09; -10713159; -217681.88
2895.06; -10169828; -227522.2
2896.03; -9583449.7; -236795.15
2896.99; -8953843.1; -245458.89
2897.96; -8281563; -253472.13
2898.93; -7567950; -260794.88
2899.90; -6815165.2; -267389.23
2900.86; -6026207.3; -273220.19
2901.83; -5204905.5; -278256.46
2902.80; -4355888.7; -282471.21
2903.77; -3484522.4; -285842.84
2904.74; -2596820; -288355.52
2905.70; -1699331.5; -289999.79
2906.67; -799010.41; -290772.92
2907.64; 96938.154; -290679.12
2908.61; 981221.05; -289729.69
2909.57; 1846621.9; -287942.9
2910.54; 2686160.7; -285343.77
2911.51; 3493245.4; -281963.7
2912.48; 4261807.4; -277839.98
2913.44; 4986415.8; -273015.12
2914.41; 5662374.6; -267536.21
2915.38; 6285802.9; -261454.07
2916.35; 6853691.2; -254822.44
2917.31; 7363933.2; -247697.09
2918.28; 7815337.3; -240134.97
2919.25; 8207617.3; -232193.28
2920.22; 8541357.4; -223928.67
2921.18; 8817955.7; -215396.41
2922.15; 9039547.7; -206649.74
2923.12; 9208918.7; -197739.2
2924.09; 9329413.6; -188712.05
2925.05; 9404849.4; -179611.92
2926.02; 9439429.4; -170478.33
2926.99; 9437659.2; -161346.45
2927.96; 9404269.8; -152246.88
2928.93; 9344152.9; -143205.48
2929.89; 9262308.1; -134243.27
2930.86; 9163802.5; -125376.37
2931.83; 9053742.1; -116615.97
2932.80; 8937243.7; -107968.3
2933.76; 8819394.9; -99434.649
2934.73; 8705200.2; -91011.497
2935.70; 8599518.2; -82690.603
2936.67; 8506982.5; -74459.247
2937.63; 8431899.4; -66300.541
2938.60; 8378133.8; -58193.859
2939.57; 8348994.2; -50115.372
2940.54; 8347116.6; -42038.702
2941.50; 8374354.3; -33935.677
2942.47; 8431680.5; -25777.183
2943.44; 8519107.6; -17534.094
2944.41; 8635631.3; -9178.2573
2945.37; 8779209.5; -683.49426
2946.34; 8946778; 7973.4081
2947.31; 9134299.7; 16811.756
2948.28; 9336851.1; 25846.094
2949.24; 9548755.1; 35085.469
2950.21; 9763754.2; 44532.878
2951.18; 9975207; 54184.888
2952.15; 10176295; 64031.471
2953.12; 10360228; 74056.027
2954.08; 10520458; 84235.623
2955.05; 10650875; 94541.41
2956.02; 10745989; 104939.23
2956.99; 10801075; 115390.35
2957.95; 10812294; 125852.32
2958.92; 10776768; 136279.93
2959.89; 10692626; 146626.11
2960.86; 10559009; 156843.01
2961.82; 10376035; 166882.86
2962.79; 10144744; 176698.91
2963.76; 9867015.9; 186246.24
2964.73; 9545470.8; 195482.43
2965.69; 9183358; 204368.25
2966.66; 8784450.5; 212868.09
2967.63; 8352947.4; 220950.4
2968.60; 7893373.8; 228588.03
2969.56; 7410484; 235758.41
2970.53; 6909179.5; 242443.73
2971.50; 6394441.9; 248630.99
2972.47; 5871272.1; 254312.04
2973.43; 5344633.7; 259483.51
2974.40; 4819405; 264146.76
2975.37; 4300336.2; 268307.77
2976.34; 3792003.8; 271976.91
2977.31; 3298762.2; 275168.79
2978.27; 2824697.9; 277901.97
2979.24; 2373579.3; 280198.65
2980.21; 1948796.9; 282084.3
2981.18; 1553295.4; 283587.27
2982.14; 1189504.1; 284738.23
2983.11; 859274.46; 285569.67
2984.08; 563824.48; 286115.22
2985.05; 303691.37; 286409.08
2986.01; 78709.863; 286485.24
2986.98; -111990.67; 286376.87
2987.95; -269982.17; 286115.64
2988.92; -397519.29; 285731
2989.88; -497496.53; 285249.62
2990.85; -573386.72; 284694.81
2991.82; -629171.04; 284086.03
2992.79; -669251.62; 283438.46
2993.75; -698339.56; 282762.75
2994.72; -721330.2; 282064.79
2995.69; -743172.88; 281345.69
2996.66; -768740.68; 280601.86
2997.62; -802705.86; 279825.16
2998.59; -849423.91; 279003.26
2999.56; -912827.8; 278120.01
3000.53; -996332.52; 277155.95
3001.50; -1102750.4; 276088.93
3002.46; -1234218.9; 274894.7
3003.43; -1392148.4; 273547.66
3004.40; -1577194.3; 272021.57
3005.37; -1789251.4; 270290.29
3006.33; -2027476.7; 268328.5
3007.30; -2290341.5; 266112.37
3008.27; -2575705; 263620.11
3009.24; -2880906.8; 260832.55
3010.20; -3202873.7; 257733.45
3011.17; -3538234.5; 254309.85
3012.14; -3883439.5; 250552.24
3013.11; -4234873.8; 246454.57
3014.07; -4588962.8; 242014.29
3015.04; -4942265.4; 237232.16
3016.01; -5291549.3; 232112.05
3016.98; -5633852.4; 226660.74
3017.94; -5966533.7; 220887.52
3018.91; -6287303.8; 214803.92
3019.88; -6594233.9; 208423.34
3020.85; -6885760.4; 201760.68
3021.81; -7160681.1; 194832.01
3022.78; -7418141.3; 187654.21
3023.75; -7657624.9; 180244.7
3024.72; -7878953.6; 172621.02
3025.69; -8082291.4; 164800.59
3026.65; -8268140.6; 156800.34
3027.62; -8437330.2; 148636.38
3028.59; -8590992.2; 140323.74
3029.56; -8730524.1; 131876.08
3030.52; -8857539.3; 123305.53
3031.49; -8973806.1; 114622.47
3032.46; -9081174.9; 105835.53
3033.43; -9181490; 96951.518
3034.39; -9276498.1; 87975.578
3035.36; -9367761.4; 78911.332
3036.33; -9456573.2; 69761.152
3037.30; -9543888.6; 60526.485
3038.26; -9630281.1; 51208.226
3039.23; -9715924; 41807.097
3040.20; -9800600; 32324.037
3041.17; -9883732.1; 22760.538
3042.13; -9964422.4; 13118.963
3043.10; -10041495; 3402.8122
3044.07; -10113544; -6383.0527
3045.04; -10178973; -16232.227
3046.00; -10236027; -26136.606
3046.97; -10282816; -36086.259
3047.94; -10317346; -46069.323
3048.91; -10337544; -56071.931
3049.88; -10341282; -66078.155
3050.84; -10326406; -76069.985
3051.81; -10290756; -86027.321
3052.78; -10232193; -95927.991
3053.75; -10148625; -105747.8
3054.71; -10038045; -115460.61
3055.68; -9898582.5; -125038.48
3056.65; -9728570.3; -134451.85
3057.62; -9526622.7; -143669.81
3058.58; -9291709.7; -152660.47
3059.55; -9023222.6; -161391.34
3060.52; -8721029.4; -169829.8
3061.49; -8385514.8; -177943.63
3062.45; -8017602.1; -185701.46
3063.42; -7618757; -193073.37
3064.39; -7190970.5; -200031.35
3065.36; -6736718.1; -206549.8
3066.32; -6258888.7; -212605.9
3067.29; -5760692.9; -218179.95
3068.26; -5245557.6; -223255.55
3069.23; -4717014; -227819.73
3070.19; -4178583.2; -231862.93
3071.16; -3633679.1; -235378.88
3072.13; -3085520.8; -238364.43
3073.10; -2537049.1; -240819.28
3074.07; -1990856.9; -242745.63
3075.03; -1449125.4; -244147.8
3076.00; -913558.56; -245031.76
3076.97; -385319.6; -245404.6
3077.94; 135021.64; -245273.95
3078.90; 647513.67; -244647.42
3079.87; 1152817.2; -243531.95
3080.84; 1652165.7; -241933.31
3081.81; 2147295.6; -239855.59
3082.77; 2640342.3; -237300.8
3083.74; 3133711.5; -234268.62
3084.71; 3629949.3; -230756.28
3085.68; 4131610.5; -226758.53
3086.64; 4641124.8; -222267.78
3087.61; 5160671.2; -217274.31
3088.58; 5692072.8; -211766.66
3089.55; 6236709.2; -205732.02
3090.51; 6795440.1; -199156.76
3091.48; 7368541.5; -192026.96
3092.45; 7955664.3; -184329.05
3093.42; 8555811.1; -176050.45
3094.38; 9167325.5; -167180.15
3095.35; 9787906.6; -157709.37
3096.32; 10414646; -147632.16
3097.29; 11044069; -136945.92
3098.26; 11672182; -125651.91
3099.22; 12294524; -113755.73
3100.19; 12906214; -101267.68
3101.16; 13502008; -88203.136
3102.13; 14076352; -74582.858
3103.09; 14623441; -60433.216
3104.06; 15137275; -45786.389
3105.03; 15611720; -30680.488
3106.00; 16040584; -15159.619
3106.96; 16417701; 726.14889
3107.93; 16737033; 16920.902
3108.90; 16992775; 33363.11
3109.87; 17179472; 49985.968
3110.83; 17292142; 66717.844
3111.80; 17326395; 83482.864
3112.77; 17278562; 100201.6
3113.74; 17145810; 116791.89
3114.70; 16926239; 133169.72
3115.67; 16618974; 149250.24
3116.64; 16224236; 164948.81
3117.61; 15743413; 180182.13
3118.57; 15179118; 194869.45
3119.54; 14535218; 208933.72
3120.51; 13816841; 222302.9
3121.48; 13030361; 234911.08
3122.45; 12183338; 246699.67
3123.41; 11284436; 257618.5
3124.38; 10343305; 267626.68
3125.35; 9370426.5; 276693.5
3126.32; 8376939.8; 284799.03
3127.28; 7374436.9; 291934.53
3128.25; 6374744.6; 298102.74
3129.22; 5389691; 303317.8
3130.19; 4430866.5; 307605.11
3131.15; 3509389.2; 311000.79
3132.12; 2635685; 313551.08
3133.09; 1819285; 315311.42
3134.06; 1068643.4; 316345.44
3135.02; 390983.79; 316723.76
3135.99; -207829.15; 316522.66
3136.96; -723392.36; 315822.71
3137.93; -1152836.2; 314707.22
3138.89; -1494868.4; 313260.79
3139.86; -1749790; 311567.69
3140.83; -1919480.4; 309710.4
3141.80; -2007354.2; 307768.09
3142.76; -2018293.6; 305815.19
3143.73; -1958553.8; 303920.09
3144.70; -1835644.9; 302143.92
3145.67; -1658199.2; 300539.45
3146.64; -1435820.1; 299150.15
3147.60; -1178915.3; 298009.43
3148.57; -898517.8; 297140.02
3149.54; -606098.4; 296553.56
3150.51; -313369.8; 296250.34
3151.47; -32074.032; 296219.31
3152.44; 226235.52; 296438.21
3153.41; 450399.1; 296874.02
3154.38; 629845.82; 297483.46
3155.34; 754790.95; 298213.8
3156.31; 816427.03; 299003.77
3157.28; 807094.91; 299784.72
3158.25; 720437.96; 300481.81
3159.21; 551541.98; 301015.48
3160.18; 297046.44; 301302.9
3161.15; -44783.324; 301259.57
3162.12; -474018.22; 300800.91
3163.08; -989054.98; 299843.9
3164.05; -1586631; 298308.68
3165.02; -2261867.1; 296120.1
3165.99; -3008346.5; 293209.22
3166.95; -3818217; 289514.71
3167.92; -4682310.6; 284984.11
3168.89; -5590293.7; 279574.94
3169.86; -6530848.8; 273255.69
3170.83; -7491873.6; 266006.56
3171.79; -8460696.5; 257819.99
3172.76; -9424300.4; 248701.03
3173.73; -10369552; 238667.45
3174.70; -11283448; 227749.59
3175.66; -12153366; 215989.99
3176.63; -12967310; 203442.82
3177.60; -13714140; 190173.02
3178.57; -14383787; 176255.27
3179.53; -14967434; 161772.78
3180.50; -15457671; 146815.94
3181.47; -15848622; 131480.81
3182.44; -16136037; 115867.58
3183.40; -16317344; 100078.92
3184.37; -16391678; 84218.332
3185.34; -16359867; 68388.524
3186.31; -16224398; 52689.797
3187.27; -15989342; 37218.51
3188.24; -15660262; 22065.641
3189.21; -15244078; 7315.4703
3190.18; -14748930; -6955.5946
3191.14; -14184003; -20680.036
3192.11; -13559351; -33800.064
3193.08; -12885714; -46268.281
3194.05; -12174313; -58048.146
3195.02; -11436635; -69114.234
3195.98; -10684217; -79452.282
3196.95; -9928415.4; -89059.017
3197.92; -9180179.9; -97941.759
3198.89; -8449835.5; -106117.82
3199.85; -7746880.1; -113613.7
3200.82; -7079801.4; -120464.12
3201.79; -6455918.5; -126710.86
3202.76; -5881261.3; -132401.57
3203.72; -5360485.3; -137588.38
3204.69; -4896813.6; -142326.53
3205.66; -4492012; -146673.01
3206.63; -4146395.7; -150685.06
3207.59; -3858857.2; -154418.89
3208.56; -3626917.1; -157928.29
3209.53; -3446805.5; -161263.42
3210.50; -3313565.6; -164469.63
3211.46; -3221166.1; -167586.43
3212.43; -3162621.2; -170646.58
3213.40; -3130123.5; -173675.29
3214.37; -3115186.1; -176689.54
3215.33; -3108800.8; -179697.62
3216.30; -3101606.7; -182698.73
3217.27; -3084068.9; -185682.88
3218.24; -3046671.9; -188630.84
3219.21; -2980129; -191514.41
3220.17; -2875598.7; -194296.84
3221.14; -2724904.3; -196933.46
3222.11; -2520752.5; -199372.54
3223.08; -2256941; -201556.35
3224.04; -1928541.7; -203422.41
3225.01; -1532058.4; -204904.83
3225.98; -1065555.3; -205935.86
3226.95; -528739.02; -206447.47
3227.91; 76992.974; -206372.97
3228.88; 748537.96; -205648.69
3229.85; 1481121; -204215.55
3230.82; 2268375.9; -202020.67
3231.78; 3102471.5; -199018.72
3232.75; 3974284.4; -195173.2
3233.72; 4873609; -190457.5
3234.69; 5789389.2; -184855.69
3235.65; 6709953.5; -178363.14
3236.62; 7623248.4; -170986.88
3237.59; 8517080.1; -162745.75
3238.56; 9379354.1; -153670.29
3239.52; 10198307; -143802.41
3240.49; 10962740; -133194.86
3241.46; 11662254; -121910.46
3242.43; 12287452; -110021.13
3243.40; 12830132; -97606.69
3244.36; 13283451; -84753.623
3245.33; 13642058; -71553.568
3246.30; 13902170; -58101.828
3247.27; 14061622; -44495.803
3248.23; 14119865; -30833.422
3249.20; 14077940; -17211.607
3250.17; 13938405; -3724.8061
3251.14; 13705234; 9536.3783
3252.10; 13383709; 22486.455
3253.07; 12980297; 35046.191
3254.04; 12502518; 47143.627
3255.01; 11958816; 58714.977
3255.97; 11358430; 69705.394
3256.94; 10711246; 80069.595
3257.91; 10027652; 89772.351
3258.88; 9318371.5; 98788.807
3259.84; 8594298.4; 107104.65
3260.81; 7866326.2; 114716.11
3261.78; 7145174.6; 121629.78
3262.75; 6441215.5; 127862.3
3263.71; 5764302.6; 133439.84
3264.68; 5123604.7; 138397.44
3265.65; 4527437.9; 142778.19
3266.62; 3983107.7; 146632.24
3267.59; 3496775.2; 150015.72
3268.55; 3073333.1; 152989.48
3269.52; 2716298.4; 155617.77
3270.49; 2427738.2; 157966.85
3271.46; 2208225.5; 160103.53
3272.42; 2056825.7; 162093.71
3273.39; 1971118.3; 164000.97
3274.36; 1947257.1; 165885.13
3275.33; 1980062.7; 167801.04
3276.29; 2063141.6; 169797.34
3277.26; 2189037.6; 171915.45
3278.23; 2349424; 174188.75
3279.20; 2535327.3; 176641.93
3280.16; 2737367.7; 179290.61
3281.13; 2946000.5; 182141.16
3282.10; 3151752.7; 185190.8
3283.07; 3345453.9; 188427.86
3284.03; 3518442.9; 191832.3
3285.00; 3662737.9; 195376.37
3285.97; 3771160.6; 199025.34
3286.94; 3837425.4; 202738.44
3287.90; 3856205.2; 206469.7
3288.87; 3823188.1; 210169.02
3289.84; 3735139.8; 213783.14
3290.81; 3589967.6; 217256.79
3291.78; 3386779.5; 220533.84
3292.74; 3125925; 223558.48
3293.71; 2808997.5; 226276.47
3294.68; 2438803.6; 228636.26
3295.65; 2019303.8; 230590.14
3296.61; 1555528.1; 232095.26
3297.58; 1053467.8; 233114.6
3298.55; 519943.13; 233617.7
3299.52; -37540.634; 233581.37
3300.48; -610933.12; 232990.23
3301.45; -1191783; 231837.06
3302.42; -1771392.1; 230123.07
3303.39; -2340974.6; 227857.94
3304.35; -2891823.6; 225059.81
3305.32; -3415483.2; 221754.99
3306.29; -3903919.4; 217977.56
3307.26; -4349678.6; 213768.81
3308.22; -4746031.8; 209176.55
3309.19; -5087104.7; 204254.26
3310.16; -5367995.1; 199060.19
3311.13; -5584880.8; 193656.26
3312.09; -5735112.8; 188106.97
3313.06; -5817283.3; 182478.16
3314.03; -5831263.8; 176835.83
3315.00; -5778203.1; 171244.84
3315.97; -5660495.6; 165767.75
3316.93; -5481730.5; 160463.62
3317.90; -5246605.7; 155387.01
3318.87; -4960816.7; 150586.92
3319.84; -4630941.2; 146106.02
3320.80; -4264306.8; 141979.88
3321.77; -3868841.6; 138236.39
3322.74; -3452923.4; 134895.34
3323.71; -3025216.3; 131968.14
3324.67; -2594490.3; 129457.71
3325.64; -2169438; 127358.56
3326.61; -1758483; 125657.06
3327.58; -1369589.7; 124331.84
3328.54; -1010107.4; 123354.46
3329.51; -686647.4; 122690.06
3330.48; -404984.38; 122298.2
3331.45; -169995.07; 122133.71
3332.41; 14361.078; 122147.61
3333.38; 145038.62; 122287.95
3334.35; 219893.77; 122500.72
3335.32; 237655.25; 122730.67
3336.28; 197882.72; 122922.14
3337.25; 100925.12; 123019.8
3338.22; -52117.102; 122969.37
3339.19; -259424.77; 122718.35
3340.16; -518483.17; 122216.67
3341.12; -826099.12; 121417.33
3342.09; -1178426.4; 120277.09
3343.06; -1571002.9; 118756.98
3344.03; -1998803.3; 116822.94
3344.99; -2456312.9; 114446.21
3345.96; -2937626; 111603.77
3346.93; -3436549; 108278.56
3347.90; -3946700; 104459.74
3348.86; -4461614.6; 100142.68
3349.83; -4974858.1; 95329.004
3350.80; -5480129.3; 90026.431
3351.77; -5971357; 84248.546
3352.73; -6442783.3; 78014.509
3353.70; -6889039.4; 71348.674
3354.67; -7305217.5; 64280.146
3355.64; -7686935.7; 56842.267
3356.60; -8030388.6; 49072.063
3357.57; -8332391; 41009.641
3358.54; -8590425.4; 32697.546
3359.51; -8802676.5; 24180.076
3360.47; -8968044; 15502.597
3361.44; -9086149.5; 6710.8384
3362.41; -9157330.4; -2149.7945
3363.38; -9182611.5; -11034.889
3364.35; -9163655.3; -19901.642
3365.31; -9102693.5; -28709.408
3366.28; -9002441.1; -37420.17
3367.25; -8865996.1; -45998.908
3368.22; -8696728.5; -54413.863
3369.18; -8498154.3; -62636.677
3370.15; -8273807.8; -70642.413
3371.12; -8027124.6; -78409.459
3372.09; -7761335.4; -85919.327
3373.05; -7479365.9; -93156.362
3374.02; -7183754.6; -100107.36
3374.99; -6876584.5; -106761.15
3375.96; -6559431.1; -113108.05
3376.92; -6233342.6; -119139.43
3377.89; -5898858.6; -124847.17
3378.86; -5556055.7; -130223.21
3379.83; -5204609.1; -135259.19
3380.79; -4843865; -139946.11
3381.76; -4472927.3; -144274.12
3382.73; -4090746.1; -148232.32
3383.70; -3696204.7; -151808.77
3384.66; -3288203.3; -154990.44
3385.63; -2865721.1; -157763.31
3386.60; -2427849.9; -160112.5
3387.57; -1973807.5; -162022.35
3388.54; -1502944.3; -163476.6
3389.50; -1014748.2; -164458.47
3390.47; -508866.01; -164950.85
3391.44; 14844.691; -164936.49
3392.41; 556254.7; -164398.25
3393.37; 1114904.4; -163319.47
3394.34; 1689947.9; -161684.28
3395.31; 2280102.7; -159478.05
3396.28; 2883612.9; -156687.87
3397.24; 3498226.5; -153302.98
3398.21; 4121182.1; -149315.33
3399.18; 4749210.7; -144719.99
3400.15; 5378560.1; -139515.7
3401.11; 6005037.4; -133705.22
3402.08; 6624059.8; -127295.78
3403.05; 7230721.7; -120299.34
3404.02; 7819881.3; -112732.82
3404.98; 8386250.9; -104618.28
3405.95; 8924488.8; -95982.947
3406.92; 9429293.3; -86859.163
3407.89; 9895489.9; -77284.287
3408.85; 10318123; -67300.471
3409.82; 10692559; -56954.351
3410.79; 11014583; -46296.641
3411.76; 11280480; -35381.649
3412.73; 11487114; -24266.717
3413.69; 11631992; -13011.602
3414.66; 11713289; -1677.8236
3415.63; 11729863; 9671.9914
3416.60; 11681248; 20974.767
3417.56; 11567671; 32167.645
3418.53; 11390059; 43188.667
3419.50; 11150075; 53977.479
3420.47; 10850136; 64476.071
3421.43; 10493452; 74629.535
3422.40; 10084025; 84386.838
3423.37; 9626626.5; 93701.562
3424.34; 9126753.3; 102532.61
3425.30; 8590562.4; 110844.84
3426.27; 8024789.9; 118609.62
3427.24; 7436663.4; 125805.34
3428.21; 6833796.8; 132417.72
3429.17; 6224073.5; 138440.13
3430.14; 5615530.8; 143873.72
3431.11; 5016224.3; 148727.42
3432.08; 4434078.7; 153017.83
3433.04; 3876743.5; 156768.97
3434.01; 3351454.2; 160011.84
3434.98; 2864896.2; 162783.91
3435.95; 2423081.7; 165128.49
3436.92; 2031242.6; 167093.92
3437.88; 1693730.1; 168732.77
3438.85; 1413895.8; 170100.86
3439.82; 1193966.1; 171256.14
3440.79; 1034940.1; 172257.55
3441.75; 936510.21; 173163.71
3442.72; 897013.81; 174031.66
3443.69; 913449.66; 174915.52
3444.66; 981549.63; 175865.26
3445.62; 1095886.1; 176925.64
3446.59; 1250022.5; 178135.17
3447.56; 1436694.6; 179525.31
3448.53; 1647993.5; 181119.91
3449.49; 1875557.7; 182934.7
3450.46; 2110775; 184977.09
3451.43; 2344973.7; 187246.08
3452.40; 2569599.9; 189732.43
3453.36; 2776381.2; 192418.85
3454.33; 2957475.7; 195280.51
3455.30; 3105598.2; 198285.48
3456.27; 3214123.9; 201395.47
3457.23; 3277173.3; 204566.46
3458.20; 3289666.8; 207749.54
3459.17; 3247360.2; 210891.69
3460.14; 3146886.4; 213936.62
3461.11; 2985802.8; 216825.68
3462.07; 2762641.6; 219498.81
3463.04; 2476972.7; 221895.53
3464.01; 2129479.1; 223956.02
3464.98; 1722027.7; 225622.25
3465.94; 1257729.1; 226839.23
3466.91; 740964.94; 227556.19
3467.88; 177372.58; 227727.81
3468.85; -426209.87; 227315.41
3469.81; -1061841; 226287.97
3470.78; -1720616.5; 224623.1
3471.75; -2392854.5; 222307.78
3472.72; -3068313.3; 219338.88
3473.68; -3736428.8; 215723.51
3474.65; -4386561.7; 211479.07
3475.62; -5008237.1; 206633.1
3476.59; -5591371.4; 201222.89
3477.55; -6126475.8; 195294.91
3478.52; -6604824.1; 188904.09
3479.49; -7018597.6; 182112.89
3480.46; -7361018; 174990.37
3481.42; -7626458.5; 167611.01
3482.39; -7810543.5; 160053.53
3483.36; -7910243.6; 152399.58
3484.33; -7923966.9; 144732.34
3485.30; -7851642.3; 137135.1
3486.26; -7694789; 129689.62
3487.23; -7456566.1; 122474.64
3488.20; -7141789.5; 115564.25
3489.17; -6756908.5; 109026.26
3490.13; -6309949.7; 102920.76
3491.10; -5810413.9; 97298.601
3492.07; -5269113.6; 92200.206
3493.04; -4697951.4; 87654.468
3494.00; -4109647.8; 83677.973
3494.97; -3517429.9; 80274.508
3495.94; -2934699.7; 77434.893
3496.91; -2374680.7; 75137.152
3497.87; -1850071.3; 73347.023
3498.84; -1372726.9; 72018.772
3499.81; -953361.08; 71096.3
3500.78; -601276.48; 70514.505
3501.74; -324152.13; 70200.855
3502.71; -127887.62; 70077.111
3503.68; -16500.661; 70061.145
3504.65; 7909.0769; 70068.798
3505.61; -54856.568; 70015.719
3506.58; -203132.5; 69819.168
3507.55; -433455.36; 69399.756
3508.52; -740661.04; 68683.093
3509.49; -1118006.6; 67601.309
3510.45; -1557311.1; 66094.455
3511.42; -2049111.1; 64111.735
3512.39; -2582841.6; 61612.578
3513.36; -3147046.9; 58567.495
3514.32; -3729609.2; 54958.725
3515.29; -4317982.9; 50780.645
3516.26; -4899445.5; 46039.942
3517.23; -5461361.6; 40755.528
3518.19; -5991439.4; 34958.211
3519.16; -6477960.8; 28690.137
3520.13; -6909989.8; 22004.03
3521.10; -7277548.7; 14962.274
3522.06; -7571768.8; 7635.8308
3523.03; -7785027.7; 103.03792
3524.00; -7911077; -7551.7202
3524.97; -7945157.1; -15239.454
3525.93; -7884092; -22868.102
3526.90; -7726371.2; -30344.138
3527.87; -7472222.2; -37574.261
3528.84; -7123672; -44467.126
3529.80; -6684593.1; -50935.138
3530.77; -6160724.1; -56896.254
3531.74; -5559654.2; -62275.776
3532.71; -4890756.9; -67008.072
3533.68; -4165073.8; -71038.198
3534.64; -3395146.6; -74323.341
3535.61; -2594791; -76834.061
3536.58; -1778809.9; -78555.238
3537.55; -962653.67; -79486.701
3538.51; -162046.61; -79643.498
3539.48; 607407.79; -79055.77
3540.45; 1330618.3; -77768.264
3541.42; 1993364.2; -75839.484
3542.38; 2582613.8; -73340.547
3543.35; 3086818; -70353.742
3544.32; 3496182; -66970.836
3545.29; 3802911.9; -63291.139
3546.25; 4001425; -59419.36
3547.22; 4088509.2; -55463.318
3548.19; 4063420.6; -51531.553
3549.16; 3927901.7; -47730.915
3550.12; 3686128.5; -44164.217
3551.09; 3344595.5; -40927.987
3552.06; 2911932.7; -38110.4
3553.03; 2398684.1; -35789.434
3553.99; 1817064.8; -34031.242
3554.96; 1180697.5; -32888.799
3555.93; 504333.86; -32400.806
3556.90; -196430.96; -32590.872
3557.87; -905448.36; -33466.984
3558.83; -1606298.1; -35021.238
3559.80; -2282560.6; -37229.844
3560.77; -2918084.4; -40053.382
3561.74; -3497253.1; -43437.324
3562.70; -4005252.3; -47312.806
3563.67; -4428330.2; -51597.659
3564.64; -4754055.2; -56197.682
3565.61; -4971573.5; -61008.177
3566.57; -5071862.3; -65915.711
3567.54; -5047966.3; -70800.123
3568.51; -4895212.6; -75536.731
3569.48; -4611389.4; -79998.711
3570.44; -4196866.8; -84059.6
3571.41; -3654658.4; -87595.847
3572.38; -2990423.3; -90489.381
3573.35; -2212394.9; -92630.094
3574.31; -1331246.8; -93918.208
3575.28; -359899.92; -94266.447
3576.25; 686725.93; -93601.971
3577.22; 1792005.1; -91868.027
3578.18; 2937938.4; -89025.278
3579.15; 4105514; -85052.783
3580.12; 5275104.1; -79948.592
3581.09; 6426888.3; -73729.935
3582.06; 7541265.3; -66433.006
3583.02; 8599250; -58112.372
3583.99; 9582859.9; -48839.997
3584.96; 10475474; -38703.928
3585.93; 11262151; -27806.671
3586.89; 11929897; -16263.303
3587.86; 12467905; -4199.3584
3588.83; 12867755; 8251.4814
3589.80; 13123566; 20949.844
3590.76; 13232104; 33753.227
3591.73; 13192848; 46518.627
3592.70; 13008020; 59105.187
3593.67; 12682550; 71376.822
3594.63; 12223968; 83204.734
3595.60; 11642243; 94469.768
3596.57; 10949563; 105064.56
3597.54; 10160070; 114895.45
3598.50; 9289566.4; 123884.03
3599.47; 8355190.8; 131968.52
3600.44; 7375075.7; 139104.64
3601.41; 6367996.9; 145266.31
3602.37; 5353025; 150445.9
3603.34; 4349166.2; 154654.15
3604.31; 3375012.9; 157919.82
3605.28; 2448419.5; 160288.91
3606.25; 1586197; 161823.71
3607.21; 803820.96; 162601.49
3608.18; 115171.19; 162712.93
3609.15; -467695.97; 162260.38
3610.12; -934746.7; 161355.92
3611.08; -1278139.1; 160119.2
3612.05; -1492363.8; 158675.18
3613.02; -1574359.2; 157151.83
3613.99; -1523596.6; 155677.6
3614.95; -1342132.4; 154378.96
3615.92; -1034619.4; 153377.86
3616.89; -608268.93; 152789.3
3617.86; -72768.513; 152718.89
3618.82; 559844.16; 153260.59
3619.79; 1275351.1; 154494.62
3620.76; 2057567.5; 156485.52
3621.73; 2888613.1; 159280.55
3622.69; 3749251.6; 162908.32
3623.66; 4619291.3; 167377.95
3624.63; 5478044; 172678.5
3625.60; 6304820.2; 178779.05
3626.56; 7079425.1; 185629.1
3627.53; 7782627.4; 193159.57
