#Correlation Depth / fs;  Velocity ACF / pm^2 ps^-2;  Integral / pm^2 ps^-1
0.00; 70468235; 68185.065
0.97; 66941306; 132957.47
1.94; 62967206; 193884.54
2.90; 58588221; 250574.5
3.87; 53895697; 302723.98
4.84; 48902138; 350041.69
5.81; 43715967; 392341.26
6.77; 38365982; 429464.18
7.74; 32957040; 461353.41
8.71; 27451619; 487915.6
9.68; 21920796; 509126.16
10.64; 16356058; 524952.28
11.61; 10812253; 535414.22
12.58; 5371795; 540611.97
13.55; 44544.514; 540655.07
14.51; -5110396.3; 535710.25
15.48; -10027522; 526007.62
16.45; -14644996; 511837.12
17.42; -18898230; 493551.19
18.38; -22724612; 471562.86
19.35; -26043417; 446363.25
20.32; -28786203; 418509.72
21.29; -30884813; 388625.57
22.25; -32276241; 357395.08
23.22; -32942568; 325519.85
24.19; -32911282; 293674.9
25.16; -32233730; 262485.54
26.13; -30945833; 232542.35
27.09; -29128060; 204358.04
28.06; -26852250; 178375.81
29.03; -24221548; 154939.04
30.00; -21318045; 134311.69
30.96; -18182082; 116718.71
31.93; -14840691; 102358.86
32.90; -11369913; 91357.332
33.87; -7827981.8; 83782.977
34.83; -4259087.4; 79661.884
35.80; -708030.17; 78976.794
36.77; 2758972.7; 81646.376
37.74; 6052135.6; 87502.423
38.70; 9086460.9; 96294.482
39.67; 11819674; 107731.2
40.64; 14180133; 121451.9
41.61; 16088587; 137019.21
42.57; 17517966; 153969.6
43.54; 18381576; 171755.61
44.51; 18651480; 189802.78
45.48; 18360712; 207568.61
46.44; 17519095; 224520.08
47.41; 16148792; 240145.65
48.38; 14333630; 254014.87
49.35; 12125834; 265747.83
50.32; 9579725.9; 275017.17
51.28; 6764841.7; 281562.83
52.25; 3750204.1; 285191.53
53.22; 571087.95; 285744.12
54.19; -2739722.1; 283093.16
55.15; -6114482.1; 277176.79
56.12; -9489717.3; 267994.54
57.09; -12797034; 255612.13
58.06; -16017228; 240113.86
59.02; -19054724; 221676.51
59.99; -21858565; 200526.16
60.96; -24361376; 176954.09
61.93; -26508610; 151304.36
62.89; -28238609; 123980.68
63.86; -29510440; 95426.381
64.83; -30237601; 66168.479
65.80; -30420556; 36733.549
66.76; -30058806; 7648.6481
67.73; -29186831; -20592.53
68.70; -27835143; -47525.814
69.67; -26041622; -72723.687
70.63; -23857781; -95808.477
71.60; -21378502; -116494.31
72.57; -18640147; -134530.52
73.54; -15723549; -149744.63
74.51; -12639182; -161974.3
75.47; -9413910.3; -171083.2
76.44; -6097411.1; -176983.05
77.41; -2780448; -179673.41
78.38; 509284.08; -179180.63
79.34; 3741453.8; -175560.4
80.31; 6840350; -168941.68
81.28; 9773042.5; -159485.28
82.25; 12527263; -147363.9
83.21; 15026899; -132823.87
84.18; 17198970; -116182.15
85.15; 19029223; -97769.475
86.12; 20437941; -77993.724
87.08; 21387694; -57298.99
88.05; 21879794; -36128.102
89.02; 21905367; -14932.469
89.99; 21473620; 5845.4058
90.95; 20615018; 25792.497
91.92; 19385982; 44550.374
92.89; 17809889; 61783.223
93.86; 15921884; 77189.237
94.82; 13746530; 90490.38
95.79; 11377894; 101499.63
96.76; 8855872.8; 110068.57
97.73; 6222300.8; 116089.27
98.70; 3506988; 119482.63
99.66; 754898.48; 120213.07
100.63; -1981476; 118295.8
101.60; -4647448.7; 113798.92
102.57; -7186497.9; 106845.27
103.53; -9601624.2; 97554.738
104.50; -11793434; 86143.411
105.47; -13740073; 72848.516
106.44; -15436008; 57912.635
107.40; -16801091; 41655.899
108.37; -17816890; 24416.276
109.34; -18488670; 6526.6388
110.31; -18813101; -11676.918
111.27; -18775422; -29844.016
112.24; -18396313; -47644.288
113.21; -17690810; -64761.915
114.18; -16651505; -80873.911
115.14; -15322936; -95700.384
116.11; -13717442; -108973.38
117.08; -11853407; -120442.74
118.05; -9764920.3; -129891.27
119.01; -7505464.4; -137153.56
119.98; -5129483.3; -142116.85
120.95; -2632101.7; -144663.67
121.92; -48429.6; -144710.53
122.89; 2574450.8; -142219.49
123.85; 5225015.3; -137163.77
124.82; 7849895.2; -129568.21
125.79; 10391574; -119513.32
126.76; 12804590; -107123.6
127.72; 15035975; -92574.792
128.69; 17104109; -76024.856
129.66; 18942131; -57696.45
130.63; 20524131; -37837.3
131.59; 21800711; -16742.933
132.56; 22779413; 5298.4272
133.53; 23428289; 27967.64
134.50; 23743095; 50941.458
135.46; 23701532; 73875.061
136.43; 23334689; 96453.706
137.40; 22646265; 118366.23
138.37; 21674739; 139338.71
139.33; 20393447; 159071.41
140.30; 18875240; 177335.09
141.27; 17142666; 193922.33
142.24; 15212289; 208641.74
143.20; 13134996; 221351.17
144.17; 10911089; 231908.74
145.14; 8581974.5; 240212.65
146.11; 6198259; 246210.09
147.08; 3745833.2; 249834.56
148.04; 1304321; 251096.62
149.01; -1098814.1; 250033.41
149.98; -3429551.4; 246714.97
150.95; -5651757.8; 241246.33
151.91; -7747293; 233750.05
152.88; -9672192.7; 224391.24
153.85; -11408468; 213352.4
154.82; -12936982; 200834.58
155.78; -14258185; 187038.36
156.75; -15339984; 172195.39
157.72; -16178644; 156540.93
158.69; -16775685; 140308.78
159.65; -17126518; 123737.16
160.62; -17222196; 107072.97
161.59; -17038769; 90586.255
162.56; -16612267; 74512.225
163.52; -15954430; 59074.719
164.49; -15088428; 44475.155
165.46; -14038172; 30891.821
166.43; -12771421; 18534.193
167.39; -11327696; 7573.5149
168.36; -9720792.5; -1832.3239
169.33; -7952125.8; -9526.8008
170.30; -6074748.8; -15404.728
171.27; -4122934.7; -19394.079
172.23; -2130158.7; -21455.221
173.20; -116233.89; -21567.689
174.17; 1914852.4; -19714.878
175.14; 3903255.6; -15938.087
176.10; 5857856.9; -10270.025
177.07; 7726258.2; -2794.0976
178.04; 9480431.2; 6379.1676
179.01; 11097799; 17117.398
179.97; 12558762; 29269.256
180.94; 13807488; 42629.381
181.91; 14833602; 56982.374
182.88; 15636122; 72111.886
183.84; 16222317; 87808.6
184.81; 16570308; 103842.03
185.78; 16662518; 119964.68
186.75; 16482249; 135912.91
187.71; 16052128; 151444.94
188.68; 15417707; 166363.12
189.65; 14532153; 180424.43
190.62; 13396735; 193387.11
191.58; 12048691; 205045.42
192.55; 10540131; 215244.05
193.52; 8900206.4; 223855.89
194.49; 7195059.8; 230817.83
195.46; 5394352; 236037.41
196.42; 3550251.9; 239472.63
197.39; 1649523.7; 241068.71
198.36; -263573.05; 240813.68
199.33; -2142532.8; 238740.56
200.29; -3983326.3; 234886.3
201.26; -5769211.5; 229304.01
202.23; -7438985.5; 222106.05
203.20; -8982128.8; 213414.94
204.16; -10342250; 203407.78
205.13; -11520647; 192260.4
206.10; -12460493; 180203.63
207.07; -13166731; 167463.5
208.03; -13665920; 154240.35
209.00; -13930559; 140761.14
209.97; -13938129; 127274.61
210.94; -13685155; 114032.85
211.90; -13222756; 101238.52
212.87; -12543107; 89101.805
213.84; -11653783; 77825.605
214.81; -10569020; 67599.021
215.77; -9304350.2; 58596.131
216.74; -7868946.7; 50982.139
217.71; -6306808.8; 44879.67
218.68; -4629535.2; 40400.132
219.65; -2886999.1; 37606.672
220.61; -1106206.1; 36536.307
221.58; 668030.77; 37182.693
222.55; 2426477.7; 39530.553
223.52; 4091251.8; 43489.248
224.48; 5649579.7; 48955.782
225.45; 7074360; 55800.932
226.42; 8337590.2; 63868.385
227.39; 9383592.4; 72947.949
228.35; 10211637; 82828.729
229.32; 10795237; 93274.2
230.29; 11131693; 104045.23
231.26; 11194749; 114877.27
232.22; 10993453; 125514.53
233.19; 10510423; 135684.42
234.16; 9744755.1; 145113.44
235.13; 8698319.4; 153529.93
236.09; 7380964.5; 160671.76
237.06; 5842181.7; 166324.65
238.03; 4074196.7; 170266.84
239.00; 2123095.9; 172321.15
239.96; 16334.923; 172336.96
240.93; -2208904.4; 170199.62
241.90; -4465870.8; 165878.44
242.87; -6740400; 159356.43
243.84; -9009763.4; 150638.59
244.80; -11215370; 139786.59
245.77; -13308860; 126908.94
246.74; -15253656; 112149.5
247.71; -17002181; 95698.194
248.67; -18535694; 77763.057
249.64; -19809161; 58595.712
250.61; -20823754; 38446.648
251.58; -21541170; 17603.411
252.54; -21978220; -3662.7139
253.51; -22095192; -25042.021
254.48; -21928252; -46259.798
255.45; -21432900; -66998.272
256.41; -20626035; -86956.024
257.38; -19497053; -105821.37
258.35; -18068085; -123304.05
259.32; -16315048; -139090.49
260.28; -14299515; -152926.7
261.25; -12029422; -164566.37
262.22; -9543664.6; -173800.82
263.19; -6924709.8; -180501.17
264.15; -4190078.4; -184555.49
265.12; -1386737.4; -185897.3
266.09; 1433749.9; -184510
267.06; 4253798.6; -180394.03
268.03; 6987301.3; -173633.11
268.99; 9582767.5; -164360.83
269.96; 12000103; -152749.53
270.93; 14176063; -139032.77
271.90; 16136644; -123418.95
272.86; 17802171; -106193.57
273.83; 19158280; -87656.021
274.80; 20195849; -68114.517
275.77; 20867844; -47922.791
276.73; 21155765; -27452.473
277.70; 21052836; -7081.7494
278.67; 20623281; 12873.338
279.64; 19828433; 32059.329
280.60; 18674214; 50128.498
281.57; 17207040; 66778.03
282.54; 15434152; 81712.116
283.51; 13425157; 94702.298
284.47; 11204025; 105543.31
285.44; 8855634.6; 114112.02
286.41; 6419274.4; 120323.31
287.38; 3939072.4; 124134.76
288.34; 1452762; 125540.45
289.31; -1013503.9; 124559.79
290.28; -3409118.4; 121261.12
291.25; -5687155; 115758.23
292.22; -7783582.7; 108226.84
293.18; -9683784.4; 98856.809
294.15; -11354613; 87870.085
295.12; -12733821; 75548.84
296.09; -13792257; 62203.452
297.05; -14533693; 48140.651
298.02; -14948386; 33676.592
298.99; -14963497; 19197.912
299.96; -14620806; 5050.8208
300.92; -13944095; -8441.485
301.89; -12917305; -20940.269
302.86; -11541191; -32107.525
303.83; -9866635.9; -41654.482
304.79; -7912026.2; -49310.159
305.76; -5674822.1; -54801.117
306.73; -3218081.9; -57914.933
307.70; -616443.24; -58511.403
308.66; 2125637.3; -56454.636
309.63; 4920241.8; -51693.81
310.60; 7733902.1; -44210.487
311.57; 10510596; -34040.435
312.53; 13199289; -21268.803
313.50; 15751536; -6027.6172
314.47; 18115707; 11501.141
315.44; 20226879; 31072.669
316.41; 22072390; 52429.914
317.37; 23643750; 75307.606
318.34; 24905130; 99405.809
319.31; 25818424; 124387.72
320.28; 26324438; 149859.24
321.24; 26394851; 175398.9
322.21; 26056987; 200611.64
323.18; 25322490; 225113.68
324.15; 24203620; 248533.1
325.11; 22718906; 270515.92
326.08; 20903149; 290741.8
327.05; 18790561; 308923.55
328.02; 16412903; 324804.68
328.98; 13828842; 338185.46
329.95; 11075680; 348902.29
330.92; 8193169.5; 356830
331.89; 5244031; 361904.13
332.85; 2262680.9; 364093.5
333.82; -694443.52; 363421.55
334.79; -3599997.4; 359938.19
335.76; -6408013.3; 353737.8
336.72; -9032514.3; 344997.94
337.69; -11420026; 333947.92
338.66; -13572923; 320814.76
339.63; -15477520; 305838.72
340.60; -17109393; 289283.67
341.56; -18477036; 271405.29
342.53; -19513679; 252523.85
343.50; -20189360; 232988.63
344.47; -20530941; 213122.89
345.43; -20561800; 193227.29
346.40; -20289073; 173595.58
347.37; -19690517; 154543.04
348.34; -18781949; 136369.62
349.30; -17614259; 119326.07
350.27; -16188464; 103662.11
351.24; -14594270; 89540.693
352.21; -12830336; 77126.06
353.17; -10918993; 66560.843
354.14; -8931555.2; 57918.67
355.11; -6927723.1; 51215.405
356.08; -4917203.2; 46457.519
357.04; -2947437.9; 43605.579
358.01; -1060823.2; 42579.126
358.98; 678153.85; 43235.308
359.95; 2265251.6; 45427.165
360.91; 3698173.3; 49005.518
361.88; 4913502.2; 53759.822
362.85; 5887277.2; 59456.352
363.82; 6624751.2; 65866.461
364.79; 7076928.1; 72714.097
365.75; 7244681.4; 79724.05
366.72; 7148050.8; 86640.504
367.69; 6819860.9; 93239.402
368.66; 6247068.7; 99284.065
369.62; 5428114.6; 104536.31
370.59; 4377718.7; 108772.19
371.56; 3169609.5; 111839.1
372.53; 1809080.3; 113589.57
373.49; 307022.76; 113886.65
374.46; -1318793.7; 112610.58
375.43; -2981939.8; 109725.26
376.40; -4673173.8; 105203.49
377.36; -6365788.6; 99043.956
378.33; -8016834.1; 91286.867
379.30; -9586176.6; 82011.282
380.27; -11046750; 71322.447
381.23; -12361183; 59361.767
382.20; -13480550; 46317.987
383.17; -14419319; 32365.854
384.14; -15153060; 17703.753
385.10; -15610953; 2598.5943
386.07; -15832099; -12720.545
387.04; -15822813; -28030.699
388.01; -15559892; -43086.45
388.98; -15043694; -57642.728
389.94; -14262179; -71442.813
390.91; -13231801; -84245.903
391.88; -12003115; -95860.117
392.85; -10582328; -106099.58
393.81; -8988721.6; -114797.06
394.78; -7219061.4; -121782.23
395.75; -5343045.4; -126952.16
396.72; -3360008.1; -130203.3
397.68; -1294753.6; -131456.11
398.65; 805529.27; -130676.68
399.62; 2877298; -127892.6
400.59; 4907667.5; -123143.94
401.55; 6908026.8; -116459.74
402.52; 8804342.8; -107940.65
403.49; 10576765; -97706.577
404.46; 12169379; -85931.486
405.42; 13616278; -72756.376
406.39; 14829678; -58407.179
407.36; 15808619; -43110.76
408.33; 16573888; -27073.865
409.29; 17123615; -10505.056
410.26; 17422528; 6352.9824
411.23; 17473824; 23260.655
412.20; 17298471; 39998.655
413.17; 16879885; 56331.632
414.13; 16229001; 72034.813
415.10; 15361113; 86898.226
416.07; 14261343; 100697.5
417.04; 13015518; 113291.32
418.00; 11629255; 124543.78
418.97; 10109515; 134325.75
419.94; 8492123.4; 142542.73
420.91; 6813909; 149135.87
421.87; 5104344.6; 154074.83
422.84; 3396399.2; 157361.19
423.81; 1711346; 159017.09
424.78; 25089.546; 159041.36
425.74; -1599928.7; 157493.27
426.71; -3127294.1; 154467.3
427.68; -4534207.3; 150080
428.65; -5830151.2; 144438.75
429.61; -6993384.1; 137671.95
430.58; -7973583.1; 129956.71
431.55; -8797713.9; 121444.04
432.52; -9437580.3; 112312.24
433.48; -9885187.7; 102747.33
434.45; -10158660; 92917.813
435.42; -10247391; 83002.437
436.39; -10165818; 73165.992
437.36; -9867958.9; 63617.755
438.32; -9394097.4; 54528.026
439.29; -8734735.6; 46076.296
440.26; -7936183.5; 38397.245
441.23; -7022438.8; 31602.333
442.19; -6030095.4; 25767.613
443.16; -4951728.9; 20976.32
444.13; -3799933.9; 17299.504
445.10; -2587990.4; 14795.364
446.06; -1366325.8; 13473.308
447.03; -137002.56; 13340.744
448.00; 1053058.4; 14359.683
448.97; 2223053.2; 16510.709
449.93; 3359923.6; 19761.772
450.90; 4436475.6; 24054.505
451.87; 5431104.7; 29309.642
452.84; 6323276.4; 35428.044
453.80; 7107829.4; 42305.58
454.77; 7733173.1; 49788.199
455.74; 8214561.1; 57736.608
456.71; 8565528.7; 66024.613
457.67; 8761502.2; 74502.243
458.64; 8827345.2; 83043.582
459.61; 8753085.5; 91513.068
460.58; 8532285.9; 99768.907
461.55; 8181403.2; 107685.23
462.51; 7691001.7; 115127.05
463.48; 7087041.1; 121984.47
464.45; 6388861.8; 128166.33
465.42; 5589493.9; 133574.72
466.38; 4749559.2; 138170.4
467.35; 3829158.9; 141875.49
468.32; 2884784.8; 144666.81
469.29; 1919738.9; 146524.35
470.25; 927905.73; 147422.19
471.22; -74199.264; 147350.4
472.19; -1052636.5; 146331.86
473.16; -1982389.9; 144413.7
474.12; -2859174.3; 141647.17
475.09; -3692401.6; 138074.4
476.06; -4416602.1; 133800.89
477.03; -5056971.4; 128907.77
477.99; -5617545.6; 123472.23
478.96; -6038482.7; 117629.4
479.93; -6334268.6; 111500.36
480.90; -6512093.3; 105199.26
481.86; -6570049; 98842.077
482.83; -6495896.1; 92556.648
483.80; -6291898.5; 86468.607
484.77; -5971714; 80690.377
485.74; -5546010.4; 75324.057
486.70; -5013957.5; 70472.552
487.67; -4387613.9; 66227.096
488.64; -3658277.5; 62687.347
489.61; -2859360.6; 59920.63
490.57; -2017758.9; 57968.246
491.54; -1122136.8; 56882.467
492.51; -199312.68; 56689.612
493.48; 764286.32; 57429.135
494.44; 1727106; 59100.283
495.41; 2696981.8; 61709.883
496.38; 3635055.6; 65227.162
497.35; 4537631; 69617.774
498.31; 5345084.6; 74789.678
499.28; 6040640.4; 80634.602
500.25; 6627289.5; 87047.167
501.22; 7101679.8; 93918.752
502.18; 7455208.1; 101132.41
503.15; 7714541.6; 108597
504.12; 7850907; 116193.54
505.09; 7856307.5; 123795.3
506.05; 7725455.1; 131270.45
507.02; 7492549.4; 138520.24
507.99; 7112290.2; 145402.1
508.96; 6627209.6; 151814.58
509.93; 6041583.4; 157660.42
510.89; 5344995.6; 162832.24
511.86; 4551480.8; 167236.25
512.83; 3676917; 170794.04
513.80; 2716028.4; 173422.06
514.76; 1704838.8; 175071.67
515.73; 639998.8; 175690.93
516.70; -457903.3; 175247.86
517.67; -1562645.1; 173735.85
518.63; -2657267; 171164.68
519.60; -3704264.1; 167580.43
520.57; -4706641.5; 163026.28
521.54; -5656449.8; 157553.1
522.50; -6524688.8; 151239.81
523.47; -7278770; 144196.88
524.44; -7890320.4; 136562.2
525.41; -8387947.8; 128446.02
526.37; -8770871.3; 119959.33
527.34; -9030205.1; 111221.7
528.31; -9144493.2; 102373.49
529.28; -9115145.8; 93553.675
530.24; -8938447.5; 84904.833
531.21; -8634488.1; 76550.102
532.18; -8233052; 68583.801
533.15; -7695723.8; 61137.419
534.12; -7067326; 54299.074
535.08; -6324231.6; 48179.748
536.05; -5480176.2; 42877.129
537.02; -4557500.5; 38467.292
537.99; -3579192.3; 35004.065
538.95; -2592688.7; 32495.38
539.92; -1571553.4; 30974.745
540.89; -542909.65; 30449.425
541.86; 465222.34; 30899.575
542.82; 1421079.6; 32274.611
543.79; 2303780.8; 34503.749
544.76; 3100822.9; 37504.106
545.73; 3783321.9; 41164.848
546.69; 4372988.7; 45396.152
547.66; 4831142.9; 50070.766
548.63; 5152734.6; 55056.552
549.60; 5344991.7; 60228.366
550.56; 5426835.2; 65479.371
551.53; 5361309.1; 70666.974
552.50; 5176555.9; 75675.81
553.47; 4838235.6; 80357.286
554.43; 4354537.1; 84570.736
555.40; 3712685.1; 88163.13
556.37; 2970572.7; 91037.457
557.34; 2102767.2; 93072.094
558.31; 1130966.9; 94166.418
559.27; 83363.117; 94247.08
560.24; -994957.59; 93284.359
561.21; -2136222.8; 91217.35
562.18; -3299241.7; 88025.004
563.14; -4453733.7; 83715.571
564.11; -5574998.1; 78321.203
565.08; -6651140; 71885.56
566.05; -7661591.2; 64472.204
567.01; -8566146.7; 56183.6
567.98; -9402493.2; 47085.748
568.95; -10157297; 37257.547
569.92; -10765480; 26840.869
570.88; -11223726; 15980.792
571.85; -11527989; 4826.3097
572.82; -11664157; -6459.929
573.79; -11632233; -17715.278
574.75; -11472874; -28816.431
575.72; -11155787; -39610.77
576.69; -10681800; -49946.48
577.66; -10074651; -59694.713
578.62; -9321026.6; -68713.738
579.59; -8429051.9; -76869.688
580.56; -7418411.2; -84047.743
581.53; -6288800.7; -90132.787
582.50; -5060196; -95029.032
583.46; -3729285.7; -98637.489
584.43; -2346015.5; -100907.49
585.40; -911405.55; -101789.37
586.37; 530716.62; -101275.85
587.33; 1978996.7; -99360.971
588.30; 3388521.3; -96082.238
589.27; 4773085.4; -91463.801
590.24; 6073009.6; -85587.556
591.20; 7286095; -78537.531
592.17; 8420173.9; -70390.171
593.14; 9398569.8; -61296.115
594.11; 10255259; -51373.126
595.07; 10973847; -40754.832
596.04; 11547992; -29580.995
597.01; 11992298; -17977.247
597.98; 12270429; -6104.3802
598.94; 12414210; 5907.6094
599.91; 12418692; 17923.936
600.88; 12295321; 29820.889
601.85; 12049051; 41479.55
602.81; 11677370; 52778.574
603.78; 11197002; 63612.793
604.75; 10608739; 73877.809
605.72; 9886462.6; 83443.95
606.69; 9115357.6; 92263.97
607.65; 8308633.7; 100303.4
608.62; 7471220.5; 107532.56
609.59; 6634794; 113952.38
610.56; 5804529.2; 119568.85
611.52; 4978411.8; 124385.96
612.49; 4202437.4; 128452.24
613.46; 3462843.7; 131802.88
614.43; 2776534.5; 134489.46
615.39; 2146340.3; 136566.26
616.36; 1566817.4; 138082.31
617.33; 1080026.8; 139127.34
618.30; 683494.29; 139788.69
619.26; 359206.61; 140136.26
620.23; 148785.52; 140280.23
621.20; 31347.844; 140310.56
622.17; 14713.397; 140324.79
623.13; 92478.561; 140414.28
624.10; 272636.82; 140678.08
625.07; 532656.95; 141193.48
626.04; 848272.15; 142014.27
627.00; 1200138.4; 143175.52
627.97; 1592569.7; 144716.49
628.94; 2018571.3; 146669.66
629.91; 2490981; 149079.93
630.88; 2969867.8; 151953.58
631.84; 3446311.1; 155288.23
632.81; 3912487.6; 159073.95
633.78; 4341972.1; 163275.24
634.75; 4723042.8; 167845.26
635.71; 5038835.7; 172720.84
636.68; 5272125.3; 177822.15
637.65; 5437975.8; 183083.93
638.62; 5493077.2; 188399.03
639.58; 5463799.2; 193685.81
640.55; 5357078.4; 198869.31
641.52; 5120249.3; 203823.67
642.49; 4816464.9; 208484.08
643.45; 4396564.3; 212738.19
644.42; 3872895.6; 216485.61
645.39; 3280968.6; 219660.27
646.36; 2612251.7; 222187.89
647.32; 1898414.9; 224024.79
648.29; 1128816.9; 225117.04
649.26; 294665.21; 225402.16
650.23; -578332.19; 224842.56
651.19; -1487119.5; 223403.62
652.16; -2411883.1; 221069.89
653.13; -3317228.7; 217860.14
654.10; -4245570.6; 213752.12
655.07; -5171749.2; 208747.94
656.03; -6086343.1; 202858.79
657.00; -6931905; 196151.48
657.97; -7705892.4; 188695.26
658.94; -8409562.9; 180558.17
659.90; -9039913.4; 171811.15
660.87; -9593299.4; 162528.67
661.84; -10056240; 152798.25
662.81; -10422237; 142713.7
663.77; -10707884; 132352.75
664.74; -10855930; 121848.55
665.71; -10888297; 111313.03
666.68; -10825951; 100837.84
667.64; -10654927; 90528.136
668.61; -10378799; 80485.61
669.58; -10020832; 70789.452
670.55; -9575531.9; 61524.168
671.51; -9036170.4; 52780.769
672.48; -8413852.9; 44639.525
673.45; -7716851.8; 37172.7
674.42; -6935359; 30462.046
675.38; -6113125.7; 24546.986
676.35; -5282773.3; 19435.374
677.32; -4438117.1; 15141.052
678.29; -3588468.2; 11668.85
679.26; -2736875.4; 9020.6498
680.22; -1885458; 7196.2806
681.19; -1077309.8; 6153.8756
682.16; -311065.27; 5852.8889
683.13; 409215.85; 6248.8461
684.09; 1046436.4; 7261.3779
685.06; 1590028.9; 8799.8899
686.03; 2089548; 10821.737
687.00; 2483671; 13224.937
687.96; 2776439; 15911.419
688.93; 3001617.9; 18815.785
689.90; 3137484; 21851.614
690.87; 3174101.8; 24922.875
691.83; 3150357.2; 27971.161
692.80; 3045877.9; 30918.352
693.77; 2874812; 33700.02
694.74; 2631525.2; 36246.284
695.70; 2307668.3; 38479.184
696.67; 1882767.1; 40300.949
697.64; 1395058.8; 41650.808
698.61; 858946.4; 42481.925
699.57; 297189.46; 42769.485
700.54; -287287.26; 42491.506
701.51; -873009.62; 41646.782
702.48; -1479131.7; 40215.574
703.45; -2065895; 38216.614
704.41; -2631074.6; 35670.786
705.38; -3162236.7; 32611.006
706.35; -3636594.3; 29092.237
707.32; -4059682.5; 25164.089
708.28; -4421862.1; 20885.495
709.25; -4705472.3; 16332.48
710.22; -4919321.5; 11572.544
711.19; -5056192.1; 6680.173
712.15; -5144477.3; 1702.3767
713.12; -5157016.1; -3287.5521
714.09; -5076110.5; -8199.1966
715.06; -4923818.5; -12963.483
716.02; -4697235.2; -17508.528
716.99; -4369937.9; -21736.88
717.96; -3940861; -25550.057
718.93; -3441012.7; -28879.581
719.89; -2853617.3; -31640.741
720.86; -2200643.4; -33770.084
721.83; -1499075.9; -35220.589
722.80; -748729.39; -35945.06
723.76; 56928.199; -35889.976
724.73; 883484.41; -35035.117
725.70; 1704473.7; -33385.868
726.67; 2542582.3; -30925.665
727.64; 3360862.8; -27673.694
728.60; 4147423.1; -23660.648
729.57; 4895712.8; -18923.556
730.54; 5586787; -13517.781
731.51; 6208697.2; -7510.2457
732.47; 6741998.1; -986.68826
733.44; 7212336.3; 5991.9684
734.41; 7618638; 13363.763
735.38; 7962525.8; 21068.302
736.34; 8196861.2; 28999.585
737.31; 8338758.8; 37068.168
738.28; 8393924.8; 45190.13
739.25; 8374110; 53292.919
740.21; 8243533.3; 61269.362
741.18; 7991726.5; 69002.156
742.15; 7635393.7; 76390.163
743.12; 7193769.1; 83350.854
744.08; 6664089.1; 89799.027
745.05; 6074617.7; 95676.827
746.02; 5421402.9; 100922.58
746.99; 4726350.6; 105495.79
747.95; 3985389.6; 109352.06
748.92; 3241577.1; 112488.61
749.89; 2497780.5; 114905.46
750.86; 1758237.4; 116606.73
751.83; 1039342.1; 117612.4
752.79; 352702.92; 117953.67
753.76; -310668.38; 117653.07
754.73; -934897.95; 116748.46
755.70; -1486444.2; 115310.18
756.66; -1988437.8; 113386.17
757.63; -2403720.3; 111060.33
758.60; -2734408; 108414.51
759.57; -2965913.1; 105544.7
760.53; -3098980.6; 102546.12
761.50; -3119255.8; 99527.93
762.47; -3054881.2; 96572.027
763.44; -2886789.7; 93778.769
764.40; -2626199.7; 91237.659
765.37; -2285301.2; 89026.401
766.34; -1877150.5; 87210.07
767.31; -1371834.3; 85882.683
768.27; -823289.2; 85086.069
769.24; -228928.81; 84864.557
770.21; 429676.94; 85280.313
771.18; 1090096.9; 86335.09
772.14; 1784277.7; 88061.557
773.11; 2459608.4; 90441.475
774.08; 3091704.1; 93433.007
775.05; 3715560.3; 97028.184
776.02; 4286062.6; 101175.38
776.98; 4812152.7; 105831.62
777.95; 5245498.7; 110907.16
778.92; 5595121.3; 116321
779.89; 5843299.3; 121974.98
780.85; 6023062.1; 127802.89
781.82; 6079643.1; 133685.55
782.79; 6025906.1; 139516.22
783.76; 5889647.7; 145215.04
784.72; 5650439.5; 150682.41
785.69; 5306578.8; 155817.06
786.66; 4856641.6; 160516.34
787.63; 4300783.6; 164677.78
788.59; 3654373.5; 168213.75
789.56; 2940489.7; 171058.97
790.53; 2172254; 173160.84
791.50; 1365855.8; 174482.44
792.46; 541745.49; 175006.64
793.43; -295570.23; 174720.64
794.40; -1111033.4; 173645.61
795.37; -1926119.1; 171781.89
796.33; -2722537.5; 169147.57
797.30; -3492526.4; 165768.2
798.27; -4235997.3; 161669.45
799.24; -4907548.2; 156920.9
800.21; -5481825.1; 151616.69
801.17; -5970110.2; 145840.01
802.14; -6380275.8; 139666.46
803.11; -6657180.6; 133224.97
804.08; -6798977; 126646.28
805.04; -6818913.5; 120048.3
806.01; -6711524.8; 113554.23
806.98; -6498950.6; 107265.84
807.95; -6174300.8; 101291.59
808.91; -5742120.4; 95735.513
809.88; -5220723.7; 90683.941
810.85; -4620727.5; 86212.925
811.82; -3897562.4; 82441.644
812.78; -3105189; 79437.063
813.75; -2294048.7; 77217.341
814.72; -1450595.5; 75813.745
815.69; -597969.64; 75235.15
816.65; 272991.61; 75499.296
817.62; 1132289.2; 76594.899
818.59; 1946157.4; 78478.001
819.56; 2718519.8; 81108.441
820.52; 3420113.2; 84417.742
821.49; 4071852; 88357.666
822.46; 4613596.1; 92821.782
823.43; 5051913.5; 97710.013
824.40; 5376751.1; 102912.56
825.36; 5571981.1; 108304.01
826.33; 5641602.7; 113762.82
827.30; 5586078.9; 119167.91
828.27; 5375999.9; 124369.73
829.23; 5027611.8; 129234.45
830.20; 4556242.2; 133643.07
831.17; 3966685.7; 137481.23
832.14; 3285843.2; 140660.61
833.10; 2507508.6; 143086.88
834.07; 1651272.6; 144684.65
835.04; 740339.9; 145401
836.01; -211621.93; 145196.24
836.97; -1190360.7; 144044.44
837.94; -2209758.9; 141906.28
838.91; -3283805.5; 138728.87
839.88; -4361440.6; 134508.74
840.84; -5413646.2; 129270.5
841.81; -6416787.1; 123061.61
842.78; -7347317.7; 115952.35
843.75; -8188796.1; 108028.87
844.71; -8949931; 99368.917
845.68; -9593680; 90086.073
846.65; -10112776; 80300.95
847.62; -10526219; 70115.781
848.59; -10827606; 59638.99
849.55; -10997821; 48997.498
850.52; -11010868; 38343.381
851.49; -10912785; 27784.171
852.46; -10667816; 17461.992
853.42; -10317602; 7478.6804
854.39; -9853007.6; -2055.0897
855.36; -9283888.5; -11038.18
856.33; -8598492.9; -19358.082
857.29; -7837883.5; -26942.018
858.26; -7012899.4; -33727.699
859.23; -6153909.9; -39682.223
860.20; -5240732; -44753.155
861.16; -4292162; -48906.251
862.13; -3317919.7; -52116.67
863.10; -2320996.3; -54362.466
864.07; -1328167.4; -55647.601
865.03; -367480.25; -56003.175
866.00; 543705.13; -55477.086
866.97; 1384015.1; -54137.913
867.94; 2181254.6; -52027.331
868.90; 2832919; -49286.198
869.87; 3413436.2; -45983.357
870.84; 3884050.1; -42225.15
871.81; 4239106.4; -38123.391
872.78; 4481568.4; -33787.025
873.74; 4621145.7; -29315.605
874.71; 4686171.2; -24781.266
875.68; 4680448.7; -20252.463
876.65; 4624693; -15777.61
877.61; 4504099.5; -11419.444
878.58; 4330362.4; -7229.3851
879.55; 4103222.2; -3259.1074
880.52; 3829486.6; 446.30391
881.48; 3495489.6; 3828.5397
882.45; 3135929.3; 6862.8648
883.42; 2758497.2; 9531.9867
884.39; 2370708.7; 11825.884
885.35; 2004090.7; 13765.043
886.32; 1679229.8; 15389.865
887.29; 1387338.8; 16732.254
888.26; 1126808.7; 17822.555
889.22; 923981.61; 18716.599
890.19; 799542.52; 19490.236
891.16; 727179.3; 20193.855
892.13; 728575.63; 20898.825
893.09; 779043.98; 21652.628
894.06; 892686.53; 22516.391
895.03; 1051284.9; 23533.615
896.00; 1260892.1; 24753.654
896.97; 1525448.4; 26229.678
897.93; 1872605; 28041.61
898.90; 2262034; 30230.354
899.87; 2711098.3; 32853.613
900.84; 3195664.4; 35945.738
901.80; 3701529.1; 39527.337
902.77; 4207962.3; 43598.962
903.74; 4713742.6; 48159.979
904.71; 5234552; 53224.932
905.67; 5726834.1; 58766.216
906.64; 6168152.3; 64734.521
907.61; 6560844.2; 71082.793
908.58; 6893125.8; 77752.582
909.54; 7182930.1; 84702.785
910.51; 7391797.7; 91855.089
911.48; 7507185.3; 99119.041
912.45; 7524113.1; 106399.37
913.41; 7469480.4; 113626.84
914.38; 7316685.9; 120706.47
915.35; 7123482.6; 127599.15
916.32; 6874645.6; 134251.06
917.28; 6568674.5; 140606.91
918.25; 6197504.8; 146603.61
919.22; 5763822.8; 152180.69
920.19; 5255175.5; 157265.59
921.16; 4705740.4; 161818.87
922.12; 4105746.9; 165791.59
923.09; 3498199.2; 169176.45
924.06; 2877879.3; 171961.08
925.03; 2230575.5; 174119.39
925.99; 1570073.9; 175638.59
926.96; 901898.1; 176511.27
927.93; 227209.38; 176731.12
928.90; -428879.87; 176316.13
929.86; -1035604.4; 175314.08
930.83; -1617169.1; 173749.31
931.80; -2149676; 171669.28
932.77; -2593645.6; 169159.67
933.73; -2959233.8; 166296.32
934.70; -3247678.7; 163153.86
935.67; -3446337.2; 159819.19
936.64; -3597072.8; 156338.66
937.60; -3721858.9; 152737.39
938.57; -3777033.1; 149082.73
939.54; -3773893.3; 145431.11
940.51; -3719320.8; 141832.3
941.47; -3601805.1; 138347.19
942.44; -3415613.4; 135042.24
943.41; -3176212; 131968.94
944.38; -2926301.6; 129137.45
945.35; -2618246.8; 126604.03
946.31; -2273379.3; 124404.31
947.28; -1889325; 122576.2
948.25; -1496013.1; 121128.66
949.22; -1068524.2; 120094.76
950.18; -654332.43; 119461.62
951.15; -256542.89; 119213.39
952.12; 144578.54; 119353.29
953.09; 504922.08; 119841.85
954.05; 839502.21; 120654.15
955.02; 1123510.5; 121741.26
955.99; 1350912.6; 123048.4
956.96; 1522337.6; 124521.42
957.92; 1621484.5; 126090.37
958.89; 1678207.3; 127714.2
959.86; 1713025.8; 129371.72
960.83; 1704068.5; 131020.58
961.79; 1691246.1; 132657.03
962.76; 1635815.7; 134239.84
963.73; 1540576.3; 135730.51
964.70; 1400079.6; 137085.22
965.66; 1221213.9; 138266.87
966.63; 961435.52; 139197.15
967.60; 665067.46; 139840.67
968.57; 338460.92; 140168.17
969.54; -24825.604; 140144.15
970.50; -417569.28; 139740.11
971.47; -841442.55; 138925.93
972.44; -1273080.7; 137694.09
973.41; -1688055.9; 136060.73
974.37; -2115807.3; 134013.48
975.34; -2571832.9; 131524.97
976.31; -3004192.9; 128618.11
977.28; -3459048.7; 125271.14
978.24; -3885515.1; 121511.51
979.21; -4333451.7; 117318.47
980.18; -4789152; 112684.48
981.15; -5207184.4; 107646.01
982.11; -5579975.7; 102246.83
983.08; -5920040; 96518.596
984.05; -6229123.8; 90491.296
985.02; -6489614.8; 84211.944
985.98; -6738472.2; 77691.799
986.95; -6947109.7; 70969.775
987.92; -7091944.1; 64107.61
988.89; -7188283.4; 57152.227
989.85; -7235405.1; 50151.249
990.82; -7234660.2; 43150.992
991.79; -7187869.2; 36196.01
992.76; -7107820.1; 29318.483
993.73; -6979445.8; 22565.171
994.69; -6815253; 15970.732
995.66; -6558179.4; 9625.0381
996.63; -6234949.5; 3592.1009
997.60; -5863800.8; -2081.7127
998.56; -5431802.7; -7337.5251
999.53; -4997215.2; -12172.83
1000.50; -4534061.5; -16559.988
1001.47; -4053897.3; -20482.539
1002.43; -3525316.1; -23893.635
1003.40; -2977704.9; -26774.863
1004.37; -2419156.6; -29115.638
1005.34; -1849814.7; -30905.519
1006.30; -1244849.3; -32110.035
1007.27; -618553.74; -32708.548
1008.24; 15704.29; -32693.353
1009.21; 645621.1; -32068.65
1010.17; 1241590.1; -30867.287
1011.14; 1827973.1; -29098.54
1012.11; 2400623.9; -26775.696
1013.08; 2937783.8; -23933.097
1014.04; 3409950; -20633.629
1015.01; 3819288.7; -16938.085
1015.98; 4146385.9; -12926.043
1016.95; 4392521.3; -8675.8389
1017.92; 4559326.5; -4264.2346
1018.88; 4678285.4; 262.47437
1019.85; 4739481.6; 4848.3968
1020.82; 4743248.7; 9437.9642
1021.79; 4676916; 13963.348
1022.75; 4577980.1; 18393.002
1023.72; 4417474.3; 22667.35
1024.69; 4210297.5; 26741.234
1025.66; 3968963.3; 30581.603
1026.62; 3686045.4; 34148.22
1027.59; 3374149.8; 37413.047
1028.56; 3037414.5; 40352.05
1029.53; 2659342; 42925.229
1030.49; 2290227.8; 45141.253
1031.46; 1883844.3; 46964.061
1032.43; 1459427.1; 48376.203
1033.40; 1037083.7; 49379.685
1034.36; 640811.19; 49999.734
1035.33; 270963.56; 50261.918
1036.30; -52186.865; 50211.422
1037.27; -310846.6; 49910.647
1038.23; -554046.43; 49374.552
1039.20; -758951.46; 48640.19
1040.17; -903876.06; 47765.6
1041.14; -970957.29; 46826.102
1042.11; -989530.85; 45868.632
1043.07; -945497.62; 44953.768
1044.04; -839542.76; 44141.427
1045.01; -697968.19; 43466.073
1045.98; -500885.54; 42981.416
1046.94; -262853.88; 42727.078
1047.91; 18150.685; 42744.641
1048.88; 330185.35; 43064.128
1049.85; 652790.22; 43695.768
1050.81; 992450.04; 44656.063
1051.78; 1381933.3; 45993.221
1052.75; 1797700.9; 47732.677
1053.72; 2207630.4; 49868.78
1054.68; 2597802.5; 52382.414
1055.65; 2969927.8; 55256.116
1056.62; 3280064.6; 58429.906
1057.59; 3581907.6; 61895.76
1058.55; 3848561.1; 65619.628
1059.52; 4046214.6; 69534.745
1060.49; 4191323.5; 73590.27
1061.46; 4260117.7; 77712.359
1062.42; 4267691.8; 81841.778
1063.39; 4243042.6; 85947.346
1064.36; 4122004.2; 89935.797
1065.33; 3904877.5; 93714.157
1066.30; 3623221.6; 97219.986
1067.26; 3289655.5; 100403.06
1068.23; 2919372.2; 103227.84
1069.20; 2540095.5; 105685.64
1070.17; 2153963.8; 107769.81
1071.13; 1767893.4; 109480.43
1072.10; 1357106.6; 110793.56
1073.07; 936148.59; 111699.38
1074.04; 504918.95; 112187.94
1075.00; 107845.27; 112292.29
1075.97; -298179.8; 112003.77
1076.94; -713776.24; 111313.12
1077.91; -1081956.5; 110266.22
1078.87; -1381922.4; 108929.07
1079.84; -1620746.8; 107360.84
1080.81; -1808678.9; 105610.76
1081.78; -1886560.4; 103785.33
1082.74; -1874256.1; 101971.8
1083.71; -1801727.1; 100228.44
1084.68; -1613426.8; 98667.292
1085.65; -1349030.6; 97361.97
1086.61; -1041450.9; 96354.262
1087.58; -672300.16; 95703.745
1088.55; -265393.78; 95446.95
1089.52; 201587.26; 95642.005
1090.49; 723130.76; 96341.707
1091.45; 1265941.9; 97566.632
1092.42; 1825772.8; 99333.25
1093.39; 2353808.2; 101610.79
1094.36; 2891618.4; 104408.72
1095.32; 3420291.8; 107718.2
1096.29; 3931147; 111521.98
1097.26; 4391791.8; 115771.47
1098.23; 4808896.7; 120424.56
1099.19; 5151973.1; 125409.61
1100.16; 5461137.2; 130693.81
1101.13; 5713776.7; 136222.46
1102.10; 5875560.4; 141907.65
1103.06; 5935508.3; 147650.85
1104.03; 5875378.6; 153335.87
1105.00; 5694552.6; 158845.91
1105.97; 5408248.9; 164078.94
1106.93; 5046794.1; 168962.21
1107.90; 4586453.3; 173400.07
1108.87; 4022152.2; 177291.9
1109.84; 3364761.5; 180547.64
1110.80; 2628231; 183090.72
1111.77; 1817886.7; 184849.71
1112.74; 982015.09; 185799.91
1113.71; 113859.12; 185910.08
1114.68; -773310.36; 185161.82
1115.64; -1672880.5; 183543.14
1116.61; -2551884.8; 181073.94
1117.58; -3424079.2; 177760.8
1118.55; -4274474.7; 173624.82
1119.51; -5079108.7; 168710.27
1120.48; -5840881.4; 163058.63
1121.45; -6562339.3; 156708.91
1122.42; -7192331.2; 149749.61
1123.38; -7729045.9; 142270.99
1124.35; -8171526.7; 134364.22
1125.32; -8504363.8; 126135.4
1126.29; -8736665.5; 117681.8
1127.25; -8842787.4; 109125.52
1128.22; -8829868.7; 100581.74
1129.19; -8665012.2; 92197.473
1130.16; -8379059.6; 84089.895
1131.12; -7980654.6; 76367.814
1132.09; -7508545.4; 69102.545
1133.06; -6958719.9; 62369.288
1134.03; -6347480.5; 56227.466
1134.99; -5683846; 50727.776
1135.96; -4971475.9; 45917.376
1136.93; -4250322; 41804.764
1137.90; -3508444.5; 38409.994
1138.87; -2770813.9; 35728.954
1139.83; -2013842.1; 33780.36
1140.80; -1258942.3; 32562.208
1141.77; -558991.15; 32021.328
1142.74; 90806.714; 32109.193
1143.70; 678755.95; 32765.957
1144.67; 1242545.2; 33968.244
1145.64; 1751908.9; 35663.391
1146.61; 2157364.6; 37750.857
1147.57; 2479784.1; 40150.296
1148.54; 2683762.5; 42747.104
1149.51; 2799540.8; 45455.94
1150.48; 2818277.5; 48182.905
1151.44; 2716812.2; 50811.693
1152.41; 2499134.1; 53229.855
1153.38; 2213331; 55371.474
1154.35; 1819211.2; 57131.743
1155.31; 1349031.2; 58437.065
1156.28; 823407.08; 59233.794
1157.25; 272935.16; 59497.886
1158.22; -316720.09; 59191.428
1159.18; -926895.82; 58294.563
1160.15; -1558058.4; 56786.986
1161.12; -2202750.2; 54655.605
1162.09; -2832995.6; 51914.398
1163.06; -3461712.8; 48564.845
1164.02; -4053209.3; 44642.96
1164.99; -4612272.9; 40180.125
1165.96; -5126294.8; 35219.922
1166.93; -5605262.4; 29796.27
1167.89; -6001410; 23989.306
1168.86; -6301254.7; 17892.212
1169.83; -6528390; 11575.341
1170.80; -6642335.8; 5148.2173
1171.76; -6703278.5; -1337.8751
1172.73; -6656693.2; -7778.8914
1173.70; -6501648; -14069.886
1174.67; -6277764.3; -20144.251
1175.63; -5968693.1; -25919.558
1176.60; -5536768.1; -31276.935
1177.57; -5023087.3; -36137.274
1178.54; -4444925.6; -40438.184
1179.50; -3835936; -44149.836
1180.47; -3205835.7; -47251.803
1181.44; -2528112.6; -49698.005
1182.41; -1847576.7; -51485.72
1183.37; -1155106; -52603.4
1184.34; -464509.34; -53052.859
1185.31; 252014.68; -52809.01
1186.28; 952531.44; -51887.341
1187.25; 1652293.5; -50288.581
1188.21; 2294614.9; -48068.312
1189.18; 2917649.1; -45245.195
1190.15; 3485809.9; -41872.325
1191.12; 4003916.7; -37998.135
1192.08; 4475831.7; -33667.321
1193.05; 4894481; -28931.421
1194.02; 5234175.3; -23866.833
1194.99; 5499250.8; -18545.758
1195.95; 5673771.3; -13055.816
1196.92; 5807732.6; -7436.2545
1197.89; 5867984.8; -1758.3924
1198.86; 5913359.2; 3963.374
1199.82; 5925103.9; 9696.5045
1200.79; 5905987.8; 15411.138
1201.76; 5817611.8; 21040.26
1202.73; 5689119.8; 26545.052
1203.69; 5550759.8; 31915.967
1204.66; 5391427.1; 37132.712
1205.63; 5210431; 42174.325
1206.60; 5039014.2; 47050.075
1207.56; 4863370.7; 51755.872
1208.53; 4698120.6; 56301.774
1209.50; 4545334.1; 60699.839
1210.47; 4430431.3; 64986.724
1211.44; 4339727.2; 69185.844
1212.40; 4294175.4; 73340.889
1213.37; 4248772.6; 77452.001
1214.34; 4242395; 81556.942
1215.31; 4255928.2; 85674.978
1216.27; 4282504.9; 89818.73
1217.24; 4299722; 93979.141
1218.21; 4340447.9; 98178.959
1219.18; 4396456.1; 102432.97
1220.14; 4480109.6; 106767.92
1221.11; 4576791.7; 111196.43
1222.08; 4714252.5; 115757.94
1223.05; 4869158.6; 120469.34
1224.01; 5029251.6; 125335.64
1224.98; 5143571.6; 130312.56
1225.95; 5271285.3; 135413.06
1226.92; 5382747.5; 140621.4
1227.88; 5467553; 145911.81
1228.85; 5525402.6; 151258.19
1229.82; 5580030.1; 156657.42
1230.79; 5613044.5; 162088.6
1231.75; 5591144.9; 167498.6
1232.72; 5491465.6; 172812.14
1233.69; 5356209.9; 177994.81
1234.66; 5171542; 182998.79
1235.63; 4929391.7; 187768.47
1236.59; 4680307.5; 192297.14
1237.56; 4364406.2; 196520.14
1238.53; 4000319.8; 200390.84
1239.50; 3577863.1; 203852.79
1240.46; 3105964.3; 206858.12
1241.43; 2597628.3; 209371.58
1242.40; 2060216.9; 211365.05
1243.37; 1531477.1; 212846.9
1244.33; 959515.64; 213775.33
1245.30; 356586.23; 214120.36
1246.27; -272467.13; 213856.73
1247.24; -904314.56; 212981.71
1248.20; -1541586.4; 211490.07
1249.17; -2200538.7; 209360.83
1250.14; -2812203.5; 206639.74
1251.11; -3412759.3; 203337.56
1252.07; -4015070.8; 199452.57
1253.04; -4579186.3; 195021.75
1254.01; -5093985.2; 190092.81
1254.98; -5567687; 184705.52
1255.94; -5988552.2; 178911
1256.91; -6360521.1; 172756.56
1257.88; -6671437.8; 166301.27
1258.85; -6943965; 159582.29
1259.82; -7144746.7; 152669.04
1260.78; -7297669.3; 145607.81
1261.75; -7381969.3; 138465.02
1262.72; -7433325; 131272.53
1263.69; -7454122.5; 124059.92
1264.65; -7434829.4; 116865.98
1265.62; -7352560.7; 109751.64
1266.59; -7223159.4; 102762.51
1267.56; -7021382.7; 95968.625
1268.52; -6787059.4; 89401.466
1269.49; -6524408.6; 83088.449
1270.46; -6209813.8; 77079.833
1271.43; -5840530.3; 71428.536
1272.39; -5418487.9; 66185.607
1273.36; -4951336.7; 61394.693
1274.33; -4474281.5; 57065.379
1275.30; -3976867.5; 53217.362
1276.26; -3459366.5; 49870.079
1277.23; -2929545.4; 47035.451
1278.20; -2412736.9; 44700.887
1279.17; -1908282; 42854.433
1280.13; -1416077.3; 41484.236
1281.10; -948944.7; 40566.038
1282.07; -493983.43; 40088.059
1283.04; -109441.71; 39982.163
1284.01; 212679.65; 40187.952
1284.97; 519242.02; 40690.371
1285.94; 800535.68; 41464.969
1286.91; 1076256.7; 42506.355
1287.88; 1334663; 43797.775
1288.84; 1521052; 45269.545
1289.81; 1634196.6; 46850.794
1290.78; 1702308.8; 48497.947
1291.75; 1692066.9; 50135.191
1292.71; 1621152.1; 51703.818
1293.68; 1482486.2; 53138.272
1294.65; 1260652.9; 54358.08
1295.62; 974564.64; 55301.068
1296.58; 677661.8; 55956.774
1297.55; 376909.36; 56321.471
1298.52; 61725.697; 56381.197
1299.49; -302094.63; 56088.89
1300.45; -700202.71; 55411.374
1301.42; -1106854.7; 54340.382
1302.39; -1496569.9; 52892.301
1303.36; -1900991.8; 51052.901
1304.32; -2294224.9; 48833.009
1305.29; -2688562.9; 46231.555
1306.26; -3052545.8; 43277.912
1307.23; -3406654.2; 39981.633
1308.20; -3733429.7; 36369.167
1309.16; -4018419.3; 32480.944
1310.13; -4272777.6; 28346.605
1311.10; -4479159.4; 24012.57
1312.07; -4622976; 19539.379
1313.03; -4691202.5; 15000.171
1314.00; -4686937.2; 10465.091
1314.97; -4662521.5; 5953.6348
1315.94; -4534383.1; 1566.1658
1316.90; -4327926.2; -2621.5356
1317.87; -4069332; -6559.0213
1318.84; -3778957.9; -10215.541
1319.81; -3436786; -13540.975
1320.77; -3055336.6; -16497.319
1321.74; -2633816.7; -19045.8
1322.71; -2167000.2; -21142.589
1323.68; -1683508.7; -22771.552
1324.64; -1158254.1; -23892.279
1325.61; -619788.85; -24491.987
1326.58; -74829.459; -24564.392
1327.55; 488685.81; -24091.539
1328.51; 1074551.3; -23051.803
1329.48; 1653569; -21451.81
1330.45; 2197329.6; -19325.674
1331.42; 2724088.5; -16689.846
1332.39; 3176376.9; -13616.384
1333.35; 3603792.7; -10129.354
1334.32; 3967859.4; -6290.053
1335.29; 4278475.6; -2150.2
1336.26; 4515790; 2219.2784
1337.22; 4638591; 6707.579
1338.19; 4668230; 11224.558
1339.16; 4656197; 15729.895
1340.13; 4589205.6; 20170.41
1341.09; 4473437.3; 24498.908
1342.06; 4309082.1; 28668.376
1343.03; 4130120.2; 32664.68
1344.00; 3886305; 36425.069
1344.96; 3613382; 39921.377
1345.93; 3329446.6; 43142.95
1346.90; 3053416.7; 46097.436
1347.87; 2777726.3; 48785.164
1348.83; 2465343.1; 51170.63
1349.80; 2138672.2; 53240.009
1350.77; 1832263.6; 55012.907
1351.74; 1510841.4; 56474.797
1352.70; 1213089; 57648.582
1353.67; 963386.17; 58580.755
1354.64; 755191.34; 59311.478
1355.61; 586205.98; 59878.691
1356.58; 480609.2; 60343.728
1357.54; 420677.76; 60750.776
1358.51; 445388.07; 61181.733
1359.48; 527185.48; 61691.838
1360.45; 652706.17; 62323.396
1361.41; 844423.66; 63140.461
1362.38; 1108399.1; 64212.948
1363.35; 1388033.1; 65556.009
1364.32; 1718974; 67219.288
1365.28; 2089544.5; 69241.131
1366.25; 2480042; 71640.82
1367.22; 2884383.2; 74431.749
1368.19; 3323195.4; 77647.273
1369.15; 3792413; 81316.812
1370.12; 4263155.3; 85441.841
1371.09; 4693204.2; 89982.985
1372.06; 5101638.2; 94919.33
1373.02; 5459489.3; 100201.93
1373.99; 5784385.4; 105798.9
1374.96; 6065442.2; 111667.83
1375.93; 6265727.1; 117730.54
1376.89; 6421009.3; 123943.51
1377.86; 6505256.8; 130238
1378.83; 6525711.3; 136552.28
1379.80; 6452047.9; 142795.28
1380.77; 6272740.5; 148864.78
1381.73; 6018589.7; 154688.37
1382.70; 5664967.1; 160169.79
1383.67; 5233384.6; 165233.61
1384.64; 4755195.3; 169834.74
1385.60; 4232892.2; 173930.49
1386.57; 3679525.6; 177490.8
1387.54; 3077184.1; 180468.28
1388.51; 2457781; 182846.43
1389.47; 1792744.4; 184581.09
1390.44; 1115313; 185660.26
1391.41; 402503.43; 186049.73
1392.38; -296845.39; 185762.5
1393.34; -998203.49; 184796.64
1394.31; -1684294.2; 183166.91
1395.28; -2336651.8; 180905.97
1396.25; -2940078.6; 178061.15
1397.21; -3494116.1; 174680.24
1398.18; -3964944.4; 170843.76
1399.15; -4348351.1; 166636.3
1400.12; -4658640.5; 162128.6
1401.08; -4908868.1; 157378.78
1402.05; -5065608.3; 152477.3
1403.02; -5134079; 147509.56
1403.99; -5110311.4; 142564.82
1404.96; -5026722.7; 137700.97
1405.92; -4860210.5; 132998.23
1406.89; -4630433.3; 128517.82
1407.86; -4317149.9; 124340.54
1408.83; -3961061.7; 120507.82
1409.79; -3541770.7; 117080.8
1410.76; -3055956; 114123.86
1411.73; -2555150.9; 111651.5
1412.70; -2047117.6; 109670.71
1413.66; -1535309.4; 108185.14
1414.63; -1005612.5; 107212.11
1415.60; -469583.37; 106757.74
1416.57; 43053.158; 106799.4
1417.53; 511608.7; 107294.43
1418.50; 937288.53; 108201.35
1419.47; 1317978.9; 109476.63
1420.44; 1631287.6; 111055.06
1421.40; 1878840.7; 112873.03
1422.37; 2054645; 114861.1
1423.34; 2145696.4; 116937.28
1424.31; 2181780.6; 119048.37
1425.27; 2137406.8; 121116.53
1426.24; 2004086.4; 123055.68
1427.21; 1765392.5; 124763.87
1428.18; 1447904; 126164.87
1429.15; 1062887; 127193.31
1430.11; 614646.28; 127788.05
1431.08; 144519.92; 127927.88
1432.05; -369928.64; 127569.94
1433.02; -916384.56; 126683.25
1433.98; -1498288.1; 125233.5
1434.95; -2113991.5; 123188.01
1435.92; -2735476.6; 120541.16
1436.89; -3352052.2; 117297.71
1437.85; -3949085.4; 113476.58
1438.82; -4542544.3; 109081.21
1439.79; -5107607; 104139.09
1440.76; -5604018.2; 98716.643
1441.72; -6062032.6; 92851.02
1442.69; -6485421.4; 86575.727
1443.66; -6829402.5; 79967.597
1444.63; -7074529; 73122.283
1445.59; -7249111; 66108.043
1446.56; -7385827.8; 58961.516
1447.53; -7421404.5; 51780.565
1448.50; -7376821.9; 44642.752
1449.46; -7276070.5; 37602.426
1450.43; -7104568.4; 30728.046
1451.40; -6899573.4; 24052.018
1452.37; -6637911.6; 17629.175
1453.34; -6333178.1; 11501.192
1454.30; -5992180.5; 5703.1583
1455.27; -5598243.4; 286.29794
1456.24; -5155454.2; -4702.1196
1457.21; -4676503.6; -9227.1045
1458.17; -4205362.5; -13296.213
1459.14; -3737793.4; -16912.902
1460.11; -3249474.8; -20057.094
1461.08; -2747689.8; -22715.759
1462.04; -2284408.2; -24926.152
1463.01; -1841186.3; -26707.684
1463.98; -1425063.5; -28086.575
1464.95; -1039663.9; -29092.554
1465.91; -667128.19; -29738.067
1466.88; -353693.06; -30080.301
1467.85; -76788.464; -30154.601
1468.82; 166434.77; -29993.559
1469.78; 378630.59; -29627.196
1470.75; 533256.48; -29111.217
1471.72; 645087.59; -28487.03
1472.69; 739986.75; -27771.019
1473.65; 793513.22; -27003.216
1474.62; 822906.83; -26206.971
1475.59; 824701.26; -25408.99
1476.56; 772379.05; -24661.636
1477.53; 721374.91; -23963.634
1478.49; 681319.68; -23304.389
1479.46; 656642.76; -22669.021
1480.43; 628864.89; -22060.532
1481.40; 583376.69; -21496.056
1482.36; 525468.06; -20987.614
1483.33; 463704.56; -20538.933
1484.30; 397272.75; -20154.532
1485.27; 372477.41; -19794.123
1486.23; 372025.76; -19434.151
1487.20; 419728.72; -19028.021
1488.17; 502997.46; -18541.321
1489.14; 618016.28; -17943.328
1490.10; 777940.24; -17190.593
1491.07; 978046.99; -16244.235
1492.04; 1250677.5; -15034.079
1493.01; 1548775.3; -13535.484
1493.97; 1868656; -11727.373
1494.94; 2232757.9; -9566.9564
1495.91; 2625225.1; -7026.7886
1496.88; 3026583.8; -4098.2661
1497.84; 3441370.7; -768.39575
1498.81; 3887021.2; 2992.686
1499.78; 4345286; 7197.1848
1500.75; 4799557.6; 11841.237
1501.72; 5243232.1; 16914.588
1502.68; 5698334.3; 22428.296
1503.65; 6166817.5; 28395.309
1504.62; 6619263.8; 34800.109
1505.59; 7067027.8; 41638.165
1506.55; 7497223; 48892.478
1507.52; 7909605.6; 56545.812
1508.49; 8280552.7; 64558.075
1509.46; 8584087.4; 72864.038
1510.42; 8837023.5; 81414.742
1511.39; 9007112.6; 90130.024
1512.36; 9136866.8; 98970.856
1513.33; 9237376.8; 107908.94
1514.29; 9245640.8; 116855.02
1515.26; 9188661.6; 125745.97
1516.23; 9071759.1; 134523.81
1517.20; 8925103.6; 143159.74
1518.16; 8709804.1; 151587.34
1519.13; 8463611; 159776.73
1520.10; 8178451.3; 167690.2
1521.07; 7833149.8; 175269.56
1522.03; 7428293.1; 182457.18
1523.00; 6992447.4; 189223.07
1523.97; 6476708.9; 195489.93
1524.94; 5924599.8; 201222.57
1525.91; 5324025.8; 206374.1
1526.87; 4707242.5; 210928.83
1527.84; 4061136.7; 214858.38
1528.81; 3394057.3; 218142.47
1529.78; 2695750.4; 220750.88
1530.74; 1997986.9; 222684.14
1531.71; 1309718; 223951.42
1532.68; 617356.24; 224548.77
1533.65; -67923.238; 224483.05
1534.61; -742681.98; 223764.43
1535.58; -1409704.1; 222400.4
1536.55; -2052477.7; 220414.42
1537.52; -2657136.2; 217843.38
1538.48; -3232943.1; 214715.18
1539.45; -3736966.2; 211099.29
1540.42; -4177694.5; 207056.96
1541.39; -4546327.9; 202657.93
1542.35; -4862958.1; 197952.53
1543.32; -5111889.1; 193006.27
1544.29; -5313602.6; 187864.83
1545.26; -5494477; 182548.37
1546.22; -5600680.2; 177129.15
1547.19; -5656432.2; 171655.99
1548.16; -5641382.2; 166197.39
1549.13; -5583708.5; 160794.59
1550.10; -5470900.3; 155500.95
1551.06; -5282385.3; 150389.71
1552.03; -5028416.9; 145524.21
1553.00; -4766515.9; 140912.13
1553.97; -4433239.8; 136622.53
1554.93; -4081590.3; 132673.18
1555.90; -3703533.2; 129089.65
1556.87; -3327988.4; 125869.48
1557.84; -2918093.1; 123045.94
1558.80; -2546464.6; 120581.98
1559.77; -2224852.4; 118429.21
1560.74; -1930964.2; 116560.81
1561.71; -1671007.9; 114943.94
1562.67; -1434152.7; 113556.26
1563.64; -1232443; 112363.74
1564.61; -1089549; 111309.5
1565.58; -992292.72; 110349.35
1566.54; -972079.34; 109408.77
1567.51; -1013780.2; 108427.84
1568.48; -1122087.3; 107342.11
1569.45; -1295882.3; 106088.21
1570.41; -1540184.7; 104597.93
1571.38; -1785665.4; 102870.12
1572.35; -2084740.2; 100852.92
1573.32; -2417633.7; 98513.62
1574.29; -2776717.1; 95826.869
1575.25; -3156201.1; 92772.928
1576.22; -3566629.2; 89321.858
1577.19; -3963916.1; 85486.373
1578.16; -4367298.6; 81260.575
1579.12; -4761117.7; 76653.717
1580.09; -5157382.8; 71663.434
1581.06; -5510708.3; 66331.272
1582.03; -5860100; 60661.039
1582.99; -6208997.4; 54653.214
1583.96; -6508823.2; 48355.276
1584.93; -6742203.6; 41831.52
1585.90; -6910411.6; 35145.006
1586.86; -6985924.2; 28385.426
1587.83; -6982247.8; 21629.403
1588.80; -6908821.4; 14944.427
1589.77; -6798489.3; 8366.2088
1590.73; -6588297.1; 1991.3725
1591.70; -6276321.5; -4081.5962
1592.67; -5872147.8; -9763.4864
1593.64; -5394429.7; -14983.137
1594.60; -4848253.2; -19674.306
1595.57; -4264580.4; -23800.714
1596.54; -3599916.3; -27283.993
1597.51; -2900277.1; -30090.302
1598.48; -2173818.6; -32193.688
1599.44; -1394077.7; -33542.598
1600.41; -626520.29; -34148.819
1601.38; 162935.69; -33991.162
1602.35; 924640.46; -33096.48
1603.31; 1631022.9; -31518.303
1604.28; 2324890.7; -29268.738
1605.25; 3000329.3; -26365.62
1606.22; 3591478.8; -22890.505
1607.18; 4097291.9; -18925.965
1608.15; 4553585.4; -14519.916
1609.12; 4924134.7; -9755.3231
1610.09; 5222992.6; -4701.5554
1611.05; 5439167.4; 561.38298
1612.02; 5567556.3; 5948.5504
1612.99; 5584836.6; 11352.438
1613.96; 5512730.7; 16686.557
1614.92; 5349349.2; 21862.587
1615.89; 5092874.7; 26790.452
1616.86; 4767526.4; 31403.511
1617.83; 4352769.5; 35615.251
1618.79; 3875872.8; 39365.545
1619.76; 3345692.5; 42602.837
1620.73; 2780468.1; 45293.218
1621.70; 2227766.9; 47448.805
1622.67; 1613688.6; 49010.211
1623.63; 1018725; 49995.929
1624.60; 451339.23; 50432.645
1625.57; -70613.331; 50364.319
1626.54; -550461.19; 49831.693
1627.50; -988774.7; 48874.955
1628.47; -1384698.2; 47535.121
1629.44; -1696065.4; 45894.008
1630.41; -1922195.9; 44034.091
1631.37; -2066412.1; 42034.631
1632.34; -2105322.2; 39997.521
1633.31; -2044252; 38019.503
1634.28; -1890383; 36190.368
1635.24; -1660870.6; 34583.31
1636.21; -1358017.9; 33269.292
1637.18; -965703.88; 32334.877
1638.15; -514001.8; 31837.529
1639.11; -18630.171; 31819.502
1640.08; 576950.46; 32377.759
1641.05; 1193488.9; 33532.579
1642.02; 1860004.6; 35332.32
1642.98; 2544987.6; 37794.85
1643.95; 3241195.7; 40931.031
1644.92; 3943385.6; 44746.65
1645.89; 4618978.9; 49215.974
1646.86; 5270788.4; 54315.989
1647.82; 5878374.6; 60003.905
1648.79; 6398719.2; 66195.305
1649.76; 6856667.7; 72829.817
1650.73; 7235885.4; 79831.26
1651.69; 7514932.8; 87102.709
1652.66; 7666723.6; 94521.03
1653.63; 7682431.2; 101954.55
1654.60; 7599513.3; 109307.84
1655.56; 7403624.8; 116471.59
1656.53; 7101131.3; 123342.64
1657.50; 6695124.6; 129820.84
1658.47; 6199153.2; 135819.15
1659.43; 5608516.8; 141245.95
1660.40; 4940044.8; 146025.93
1661.37; 4188653.9; 150078.87
1662.34; 3381461.1; 153350.78
1663.30; 2561267; 155829.06
1664.27; 1714508.8; 157488.02
1665.24; 855678.78; 158315.97
1666.21; -302.85868; 158315.68
1667.17; -859901.91; 157483.64
1668.14; -1677574.2; 155860.42
1669.11; -2440046.6; 153499.43
1670.08; -3193425.6; 150409.47
1671.05; -3861373.1; 146673.2
1672.01; -4457610.2; 142360.02
1672.98; -4921076.2; 137598.39
1673.95; -5271617.7; 132497.57
1674.92; -5492071.2; 127183.44
1675.88; -5623089.8; 121742.54
1676.85; -5627884.9; 116297
1677.82; -5503101.2; 110972.2
1678.79; -5242912.8; 105899.16
1679.75; -4864218.8; 101192.54
1680.72; -4392021.4; 96942.818
1681.69; -3859293.6; 93208.565
1682.66; -3257614.6; 90056.498
1683.62; -2603691.7; 87537.165
1684.59; -1896181.2; 85702.421
1685.56; -1157842.3; 84582.092
1686.53; -381640.18; 84212.817
1687.49; 388240; 84588.478
1688.46; 1128988.5; 85680.888
1689.43; 1871260.8; 87491.519
1690.40; 2599142.2; 90006.449
1691.36; 3307693.6; 93206.974
1692.33; 3954780.3; 97033.619
1693.30; 4512915.4; 101400.32
1694.27; 4977375.2; 106216.42
1695.24; 5315919.1; 111360.11
1696.20; 5569450.5; 116749.11
1697.17; 5708730.4; 122272.88
1698.14; 5723842.9; 127811.27
1699.11; 5640310.4; 133268.83
1700.07; 5435795.6; 138528.51
1701.04; 5113280; 143476.12
1702.01; 4697526.5; 148021.44
1702.98; 4174730.7; 152060.91
1703.94; 3545232.2; 155491.28
1704.91; 2842718; 158241.89
1705.88; 2080863.5; 160255.34
1706.85; 1273414.4; 161487.49
1707.81; 454847.67; 161927.6
1708.78; -375362.57; 161564.4
1709.75; -1191975.4; 160411.05
1710.72; -1981116.6; 158494.12
1711.68; -2756421.4; 155827
1712.65; -3489246; 152450.81
1713.62; -4160964.2; 148424.66
1714.59; -4814516.3; 143766.14
1715.55; -5345666.6; 138593.67
1716.52; -5765664.3; 133014.81
1717.49; -6131669.4; 127081.81
1718.46; -6399782.1; 120889.38
1719.43; -6572363.7; 114529.96
1720.39; -6663376.4; 108082.48
1721.36; -6627641.6; 101669.57
1722.33; -6501384.4; 95378.831
1723.30; -6283537; 89298.881
1724.26; -5991997.2; 83501.024
1725.23; -5630761.5; 78052.7
1726.20; -5205311.5; 73016.04
1727.17; -4741593.7; 68428.074
1728.13; -4259034.3; 64307.032
1729.10; -3738931.3; 60689.243
1730.07; -3176830.4; 57615.341
1731.04; -2629015.9; 55071.506
1732.00; -2094529.7; 53044.839
1732.97; -1565494.6; 51530.066
1733.94; -1028025.6; 50535.349
1734.91; -529602.3; 50022.905
1735.87; -95662.266; 49930.343
1736.84; 273087.26; 50194.582
1737.81; 618855.35; 50793.386
1738.78; 900664.05; 51664.869
1739.74; 1144271.8; 52772.066
1740.71; 1331029.4; 54059.97
1741.68; 1439097; 55452.44
1742.65; 1480454.1; 56884.928
1743.62; 1465260.4; 58302.714
1744.58; 1410385.8; 59667.403
1745.55; 1269650.9; 60895.917
1746.52; 1031553.3; 61894.048
1747.49; 728874.23; 62599.307
1748.45; 376374.28; 62963.487
1749.42; -3631.4216; 62959.973
1750.39; -400292.02; 62572.65
1751.36; -812829.91; 61786.156
1752.32; -1189907.5; 60634.802
1753.29; -1585546.8; 59100.627
1754.26; -1982092.1; 57182.754
1755.23; -2335710.8; 54922.72
1756.19; -2661122.7; 52347.818
1757.16; -2966342.7; 49477.585
1758.13; -3225352.6; 46356.734
1759.10; -3430232.1; 43037.641
1760.06; -3574581.1; 39578.877
1761.03; -3661781.3; 36035.737
1762.00; -3688845.9; 32466.41
1762.97; -3680857.9; 28904.812
1763.93; -3625183.2; 25397.084
1764.90; -3528685.9; 21982.728
1765.87; -3380594.2; 18711.665
1766.84; -3164049.4; 15650.131
1767.81; -2870850.5; 12872.296
1768.77; -2514482.9; 10439.282
1769.74; -2103166.1; 8404.2586
1770.71; -1635676.5; 6821.5781
1771.68; -1155285; 5703.7243
1772.64; -659153.01; 5065.9279
1773.61; -192515.05; 4879.6503
1774.58; 247224.74; 5118.865
1775.55; 665284.66; 5762.5944
1776.51; 1047654; 6776.3044
1777.48; 1386445.2; 8117.8288
1778.45; 1688477.2; 9751.5993
1779.42; 1957141.1; 11645.329
1780.38; 2215581.7; 13789.126
1781.35; 2440867.6; 16150.909
1782.32; 2621641.6; 18687.61
1783.29; 2759606.4; 21357.805
1784.25; 2880425.5; 24144.905
1785.22; 2995489.7; 27043.341
1786.19; 3070191.1; 30014.057
1787.16; 3106753.1; 33020.152
1788.12; 3108026.4; 36027.478
1789.09; 3070922; 38998.902
1790.06; 2984035.5; 41886.255
1791.03; 2863561.8; 44657.037
1792.00; 2690708.8; 47260.567
1792.96; 2497535.2; 49677.182
1793.93; 2284482.7; 51887.648
1794.90; 2043566.7; 53865.003
1795.87; 1830778.1; 55636.464
1796.83; 1621724; 57205.644
1797.80; 1440578.5; 58599.548
1798.77; 1269519.4; 59827.934
1799.74; 1122795.5; 60914.351
1800.70; 1002262.5; 61884.141
1801.67; 920053.08; 62774.384
1802.64; 857595.18; 63604.193
1803.61; 830269.72; 64407.562
1804.57; 801650.89; 65183.239
1805.54; 830608.77; 65986.936
1806.51; 887855.86; 66846.026
1807.48; 940395.51; 67755.953
1808.44; 995313.2; 68719.018
1809.41; 1090048; 69773.748
1810.38; 1208405.8; 70943.001
1811.35; 1314470.5; 72214.883
1812.31; 1417953.9; 73586.895
1813.28; 1547552.8; 75084.307
1814.25; 1689336.8; 76718.91
1815.22; 1838359.6; 78497.706
1816.19; 1996799.7; 80429.81
1817.15; 2178065.6; 82537.306
1818.12; 2354548.7; 84815.567
1819.09; 2547095.9; 87280.137
1820.06; 2706920.5; 89899.354
1821.02; 2826322.7; 92634.104
1821.99; 2924335.3; 95463.69
1822.96; 3005851.3; 98372.152
1823.93; 3083115.7; 101355.37
1824.89; 3163749.6; 104416.62
1825.86; 3239579.7; 107551.24
1826.83; 3346115.5; 110788.94
1827.80; 3459770.7; 114136.61
1828.76; 3591051.9; 117611.31
1829.73; 3709369.9; 121200.5
1830.70; 3823375.3; 124900
1831.67; 3912882.3; 128686.1
1832.63; 3945865.7; 132504.12
1833.60; 3934472.4; 136311.12
1834.57; 3900306.1; 140085.05
1835.54; 3826485.8; 143787.56
1836.50; 3747210.5; 147413.36
1837.47; 3641890.9; 150937.26
1838.44; 3523712.2; 154346.8
1839.41; 3410702.8; 157647
1840.38; 3278224.7; 160819.01
1841.34; 3154883.9; 163871.67
1842.31; 3005807.4; 166780.09
1843.28; 2829850.1; 169518.25
1844.25; 2636960.7; 172069.78
1845.21; 2369071.7; 174362.09
1846.18; 2063550.5; 176358.78
1847.15; 1727884.7; 178030.68
1848.12; 1376752.2; 179362.83
1849.08; 991713.27; 180322.41
1850.05; 552479.71; 180856.99
1851.02; 69650.672; 180924.38
1851.99; -451663.76; 180487.35
1852.95; -948328.67; 179569.75
1853.92; -1415436.1; 178200.18
1854.89; -1886134.4; 176375.15
1855.86; -2379157.4; 174073.08
1856.82; -2875974.3; 171290.29
1857.79; -3343579.4; 168055.04
1858.76; -3817767.4; 164360.97
1859.73; -4230675.6; 160267.37
1860.69; -4644268.1; 155773.57
1861.66; -5021621; 150914.65
1862.63; -5379234.8; 145709.7
1863.60; -5723043; 140172.09
1864.57; -6065592.2; 134303.02
1865.53; -6354527.3; 128154.38
1866.50; -6595027.4; 121773.03
1867.47; -6763670.3; 115228.5
1868.44; -6858163.7; 108592.54
1869.40; -6837009.4; 101977.05
1870.37; -6772539.6; 95423.945
1871.34; -6624704.1; 89013.882
1872.31; -6413096.4; 82808.57
1873.27; -6172114; 76836.432
1874.24; -5914955.6; 71113.121
1875.21; -5571098.2; 65722.526
1876.18; -5192050.2; 60698.699
1877.14; -4782954.7; 56070.712
1878.11; -4356784.8; 51855.087
1879.08; -3883871.8; 48097.052
1880.05; -3408045; 44799.428
1881.01; -2887886.8; 42005.109
1881.98; -2411740.1; 39671.509
1882.95; -1934063; 37800.11
1883.92; -1455176.2; 36392.081
1884.88; -958183.45; 35464.943
1885.85; -507572.63; 34973.816
1886.82; -101736; 34875.376
1887.79; 273634.02; 35140.144
1888.76; 589162.54; 35710.218
1889.72; 844882.66; 36527.726
1890.69; 1014562.1; 37509.417
1891.66; 1138086.2; 38610.629
1892.63; 1168863.9; 39741.621
1893.59; 1121695; 40826.974
1894.56; 998558.81; 41793.179
1895.53; 839070.44; 42605.064
1896.50; 647525.12; 43231.609
1897.46; 417611.53; 43635.69
1898.43; 137221.01; 43768.465
1899.40; -159223.36; 43614.4
1900.37; -456563.3; 43172.63
1901.33; -724079.46; 42472.01
1902.30; -1021462.2; 41483.644
1903.27; -1311195.6; 40214.931
1904.24; -1606845.7; 38660.147
1905.20; -1890173; 36831.215
1906.17; -2121281.6; 34778.663
1907.14; -2296673.7; 32556.402
1908.11; -2407459.3; 30226.944
1909.07; -2465569.8; 27841.259
1910.04; -2462587.2; 25458.46
1911.01; -2395705.2; 23140.375
1911.98; -2235652.3; 20977.158
1912.95; -2036891.9; 19006.262
1913.91; -1762825.9; 17300.551
1914.88; -1440318.7; 15906.899
1915.85; -1066623.3; 14874.834
1916.82; -613228.57; 14281.474
1917.78; -149244.24; 14137.066
1918.75; 358190.32; 14483.65
1919.72; 892320.41; 15347.06
1920.69; 1417291.2; 16718.431
1921.65; 1968811.2; 18623.452
1922.62; 2538882.5; 21080.075
1923.59; 3116597; 24095.694
1924.56; 3681411.9; 27657.828
1925.52; 4215647.9; 31736.889
1926.49; 4711659.9; 36295.891
1927.46; 5114335.7; 41244.523
1928.43; 5425639.3; 46494.371
1929.39; 5632280; 51944.165
1930.36; 5728255; 57486.825
1931.33; 5755887.3; 63056.221
1932.30; 5697777.7; 68569.391
1933.26; 5532140.8; 73922.29
1934.23; 5258906.5; 79010.808
1935.20; 4912553.5; 83764.195
1936.17; 4503020.1; 88121.317
1937.14; 4003881.3; 91995.473
1938.10; 3442583.9; 95326.517
1939.07; 2844799.9; 98079.146
1940.04; 2215216.9; 100222.59
1941.01; 1532575.7; 101705.51
1941.97; 814628.83; 102493.74
1942.94; 71983.24; 102563.4
1943.91; -628632.25; 101955.13
1944.88; -1335436.5; 100662.96
1945.84; -2022080.7; 98706.397
1946.81; -2689304; 96104.227
1947.78; -3335412.8; 92876.881
1948.75; -3909437.8; 89094.109
1949.71; -4401316; 84835.396
1950.68; -4797151.7; 80193.672
1951.65; -5094904.5; 75263.842
1952.62; -5290098.4; 70145.143
1953.58; -5371440.7; 64947.737
1954.55; -5376436.9; 59745.497
1955.52; -5238668.4; 54676.561
1956.49; -5000573.4; 49838.007
1957.45; -4655973.2; 45332.887
1958.42; -4223818.3; 41245.92
1959.39; -3707807.6; 37658.246
1960.36; -3107960.1; 34650.983
1961.33; -2436298.4; 32293.621
1962.29; -1713585; 30635.556
1963.26; -968938.53; 29698.011
1964.23; -153303.85; 29549.675
1965.20; 625421.9; 30154.833
1966.16; 1420981.2; 31529.774
1967.13; 2215617.8; 33673.606
1968.10; 3044492.1; 36619.457
1969.07; 3863804.9; 40358.074
1970.03; 4640555.6; 44848.276
1971.00; 5342768.1; 50017.938
1971.97; 5937284; 55762.854
1972.94; 6408726.5; 61963.938
1973.90; 6791062.2; 68534.97
1974.87; 7047400; 75354.034
1975.84; 7214815.6; 82335.09
1976.81; 7281860.9; 89381.018
1977.77; 7283181.6; 96428.225
1978.74; 7163762; 103359.88
1979.71; 6936097.6; 110071.25
1980.68; 6593749.7; 116451.36
1981.64; 6189150.7; 122439.98
1982.61; 5699583; 127954.9
1983.58; 5136609.7; 132925.08
1984.55; 4484589.1; 137264.37
1985.52; 3819420.9; 140960.04
1986.48; 3185668.7; 144042.5
1987.45; 2520725.3; 146481.55
1988.42; 1820924.9; 148243.48
1989.39; 1135733.9; 149342.41
1990.35; 469801.55; 149796.99
1991.32; -157878.14; 149644.23
1992.29; -748636.7; 148919.85
1993.26; -1285365.8; 147676.13
1994.22; -1759574.3; 145973.57
1995.19; -2158478.5; 143885.02
1996.16; -2454051.4; 141510.48
1997.13; -2636911.3; 138959.01
1998.09; -2741466.6; 136306.36
1999.06; -2754290.3; 133641.31
2000.03; -2688592.9; 131039.83
2001.00; -2559715.4; 128563.05
2001.96; -2331857.9; 126306.74
2002.93; -2032492.8; 124340.1
2003.90; -1686078; 122708.65
2004.87; -1325744.8; 121425.86
2005.83; -948842.7; 120507.76
2006.80; -538145.72; 119987.05
2007.77; -99826.115; 119890.46
2008.74; 347181.69; 120226.39
2009.71; 812313.63; 121012.39
2010.67; 1251799.6; 122223.63
2011.64; 1664276.6; 123833.98
2012.61; 2041614.7; 125809.45
2013.58; 2380254.9; 128112.59
2014.54; 2668253.3; 130694.39
2015.51; 2882506.7; 133483.5
2016.48; 3001216.7; 136387.48
2017.45; 3036363.6; 139325.46
2018.41; 2982162.3; 142211
2019.38; 2835068.4; 144954.22
2020.35; 2628846.2; 147497.89
2021.32; 2367040; 149788.24
2022.28; 2025103.4; 151747.73
2023.25; 1661024.1; 153354.93
2024.22; 1236633; 154551.5
2025.19; 754543.43; 155281.59
2026.15; 216294.32; 155490.88
2027.12; -357358.99; 155145.1
2028.09; -968290.69; 154208.18
2029.06; -1565572.8; 152693.33
2030.02; -2193345.9; 150571.05
2030.99; -2792149.7; 147869.37
2031.96; -3389830.8; 144589.37
2032.93; -3935250.9; 140781.62
2033.90; -4407795.1; 136516.64
2034.86; -4846891.4; 131826.78
2035.83; -5256453.1; 126740.64
2036.80; -5580459.4; 121340.99
2037.77; -5798781.1; 115730.09
2038.73; -5965750.2; 109957.63
2039.70; -6030725.7; 104122.3
2040.67; -6034980.3; 98282.851
2041.64; -5968751.7; 92507.486
2042.60; -5860645.7; 86836.726
2043.57; -5704522.8; 81317.029
2044.54; -5526863.9; 75969.236
2045.51; -5308075.6; 70833.142
2046.47; -5044124.4; 65952.447
2047.44; -4735303.2; 61370.568
2048.41; -4403935.6; 57109.32
2049.38; -4047623.1; 53192.84
2050.34; -3665582; 49646.022
2051.31; -3282990.7; 46469.401
2052.28; -2917456.7; 43646.47
2053.25; -2578886.2; 41151.139
2054.21; -2236838.8; 38986.774
2055.18; -1894015.6; 37154.124
2056.15; -1553711.1; 35650.754
2057.12; -1252107.6; 34439.214
2058.09; -1009266.3; 33462.648
2059.05; -820088; 32669.131
2060.02; -685967.34; 32005.389
2060.99; -606865.51; 31418.186
2061.96; -579133.72; 30857.816
2062.92; -649869.47; 30229.003
2063.89; -711467.41; 29540.587
2064.86; -792118.91; 28774.132
2065.83; -899963.34; 27903.328
2066.79; -1000532; 26935.213
2067.76; -1148166.4; 25824.247
2068.73; -1316440.5; 24550.46
2069.70; -1508202.1; 23091.123
2070.66; -1720662.7; 21426.21
2071.63; -1935186; 19553.724
2072.60; -2143382.9; 17479.787
2073.57; -2328931.9; 15226.312
2074.53; -2495882; 12811.297
2075.50; -2646687.6; 10250.362
2076.47; -2753697.2; 7585.8844
2077.44; -2828975.9; 4848.5674
2078.40; -2838400.3; 2102.1312
2079.37; -2820930.9; -627.4015
2080.34; -2743016.2; -3281.544
2081.31; -2605644.9; -5802.766
2082.28; -2437848.5; -8161.6282
2083.24; -2223154.7; -10312.753
2084.21; -1943064; -12192.861
2085.18; -1635855.1; -13775.715
2086.15; -1306072.7; -15039.471
2087.11; -948374.02; -15957.117
2088.08; -581777.5; -16520.045
2089.05; -193795.58; -16707.562
2090.02; 213191.72; -16501.278
2090.98; 622007.67; -15899.423
2091.95; 1026181.3; -14906.49
2092.92; 1473909.6; -13480.335
2093.89; 1933818.8; -11609.172
2094.85; 2417056.8; -9270.4278
2095.82; 2890433.3; -6473.6445
2096.79; 3336506.6; -3245.2407
2097.76; 3768835.6; 401.48462
2098.72; 4179033.9; 4445.1178
2099.69; 4546471.4; 8844.2835
2100.66; 4866896.6; 13553.493
2101.63; 5152164.1; 18538.727
2102.59; 5417739.5; 23780.931
2103.56; 5658274.4; 29255.878
2104.53; 5839390.1; 34906.072
2105.50; 5989424.1; 40701.438
2106.47; 6151999.9; 46654.114
2107.43; 6280730.6; 52731.348
2108.40; 6384443.3; 58908.936
2109.37; 6451114.2; 65151.034
2110.34; 6504362.6; 71444.655
2111.30; 6533707.7; 77766.671
2112.27; 6522327.8; 84077.675
2113.24; 6504517.7; 90371.446
2114.21; 6460333.2; 96622.465
2115.17; 6386803.6; 102802.34
2116.14; 6268521.6; 108867.76
2117.11; 6128605.1; 114797.8
2118.08; 5980061.7; 120584.1
2119.04; 5828082.8; 126223.36
2120.01; 5655014; 131695.15
2120.98; 5458465.4; 136976.76
2121.95; 5221755.2; 142029.33
2122.91; 4952735.9; 146821.6
2123.88; 4672131; 151342.35
2124.85; 4368730.8; 155569.53
2125.82; 4062915.8; 159500.81
2126.78; 3712016.3; 163092.56
2127.75; 3386526.8; 166369.36
2128.72; 3079329.9; 169348.92
2129.69; 2739283.3; 171999.45
2130.66; 2367204.4; 174289.96
2131.62; 1992944.5; 176218.33
2132.59; 1593721.7; 177760.42
2133.56; 1215992; 178937.01
2134.53; 827496.88; 179737.7
2135.49; 422655.87; 180146.66
2136.46; 38876.491; 180184.28
2137.43; -365542.42; 179830.58
2138.40; -721319.82; 179132.63
2139.36; -1061401.9; 178105.62
2140.33; -1419697.8; 176731.92
2141.30; -1718727; 175068.88
2142.27; -2013810.1; 173120.31
2143.23; -2280707; 170913.5
2144.20; -2538661.2; 168457.09
2145.17; -2759902.6; 165786.61
2146.14; -2912999.6; 162967.99
2147.10; -3037915.5; 160028.51
2148.07; -3110286.5; 157018.99
2149.04; -3140127.3; 153980.6
2150.01; -3127822.9; 150954.12
2150.97; -3081014.2; 147972.93
2151.94; -2999800.5; 145070.33
2152.91; -2889757.9; 142274.2
2153.88; -2747689.5; 139615.53
2154.85; -2571485.5; 137127.36
2155.81; -2388772.7; 134815.99
2156.78; -2209187.2; 132678.38
2157.75; -1986236.8; 130756.5
2158.72; -1777837.6; 129036.26
2159.68; -1579060.1; 127508.36
2160.65; -1389608.8; 126163.78
2161.62; -1195277.5; 125007.22
2162.59; -988570.29; 124050.68
2163.55; -808635.94; 123268.25
2164.52; -667982.28; 122621.91
2165.49; -552816.74; 122087
2166.46; -468960.17; 121633.24
2167.42; -397488.11; 121248.63
2168.39; -346207.34; 120913.64
2169.36; -319371.46; 120604.61
2170.33; -315276.39; 120299.55
2171.29; -357904.21; 119953.24
2172.26; -430375; 119536.81
2173.23; -547485.5; 119007.07
2174.20; -737929.1; 118293.05
2175.16; -953990.94; 117369.96
2176.13; -1231749.6; 116178.12
2177.10; -1559759.7; 114668.9
2178.07; -1886750.4; 112843.28
2179.04; -2229432.2; 110686.08
2180.00; -2580990.1; 108188.72
2180.97; -2917476.7; 105365.77
2181.94; -3230529.3; 102239.91
2182.91; -3558266.5; 98796.926
2183.87; -3859700.4; 95062.28
2184.84; -4125583.3; 91070.366
2185.81; -4334591.9; 86876.215
2186.78; -4509879.4; 82512.455
2187.74; -4667213.2; 77996.46
2188.71; -4772144.1; 73378.933
2189.68; -4825925.3; 68709.368
2190.65; -4824302.4; 64041.373
2191.61; -4822955.3; 59374.681
2192.58; -4768401.9; 54760.776
2193.55; -4674843.3; 50237.397
2194.52; -4539144.4; 45845.321
2195.48; -4317902; 41667.319
2196.45; -4052966.2; 37745.669
2197.42; -3762293.7; 34105.274
2198.39; -3456941.4; 30760.337
2199.35; -3109005.1; 27752.064
2200.32; -2740447.3; 25100.407
2201.29; -2325135.6; 22850.606
2202.26; -1950780.5; 20963.031
2203.23; -1560572.8; 19453.021
2204.19; -1194699.4; 18297.029
2205.16; -834050.04; 17490.003
2206.13; -515340.32; 16991.359
2207.10; -216464.82; 16781.908
2208.06; 44310.732; 16824.783
2209.03; 268318.76; 17084.408
2210.00; 429533.48; 17500.025
2210.97; 549320.59; 18031.547
2211.93; 628978.47; 18640.147
2212.90; 666787.95; 19285.331
2213.87; 666865.63; 19930.59
2214.84; 629027.84; 20539.238
2215.80; 565478.96; 21086.395
2216.77; 468857.81; 21540.062
2217.74; 311454.54; 21841.425
2218.71; 114453.65; 21952.171
2219.67; -92321.204; 21862.841
2220.64; -310608.27; 21562.296
2221.61; -537314.15; 21042.391
2222.58; -737976.48; 20328.325
2223.54; -918739.24; 19439.353
2224.51; -1076824.3; 18397.418
2225.48; -1216717.5; 17220.122
2226.45; -1367177.4; 15897.241
2227.42; -1467601.8; 14477.189
2228.38; -1514558.9; 13011.702
2229.35; -1543540.6; 11518.172
2230.32; -1509437.3; 10057.641
2231.29; -1431532.3; 8672.49
2232.25; -1326267; 7389.1941
2233.22; -1172376.9; 6254.8021
2234.19; -974170.28; 5312.195
2235.16; -713054.65; 4622.2433
2236.12; -408920.97; 4226.5714
2237.09; -69127.868; 4159.6833
2238.06; 293509.44; 4443.683
2239.03; 713164.99; 5133.7414
2239.99; 1178028.2; 6273.6015
2240.96; 1654502.7; 7874.4983
2241.93; 2117125.1; 9923.0286
2242.90; 2592991.9; 12432.008
2243.86; 3048981.8; 15382.202
2244.83; 3502850.4; 18771.56
2245.80; 3938556.7; 22582.508
2246.77; 4351629.4; 26793.144
2247.73; 4691152.9; 31332.304
2248.70; 4968205.7; 36139.54
2249.67; 5207257.9; 41178.082
2250.64; 5369913.9; 46374.011
2251.61; 5491477.1; 51687.564
2252.57; 5542048; 57050.05
2253.54; 5564255.4; 62434.024
2254.51; 5507998.7; 67763.563
2255.48; 5388243.5; 72977.227
2256.44; 5201696.7; 78010.389
2257.41; 4975165.9; 82824.36
2258.38; 4710747.5; 87382.479
2259.35; 4378192.8; 91618.818
2260.31; 4002986.9; 95492.108
2261.28; 3577162.8; 98953.371
2262.25; 3151808.6; 102003.06
2263.22; 2715744.8; 104630.82
2264.18; 2267297.1; 106824.65
2265.15; 1827450.7; 108592.89
2266.12; 1367658.7; 109916.24
2267.09; 903724.37; 110790.68
2268.05; 446214.4; 111222.44
2269.02; 8127.9006; 111230.31
2269.99; -346043.55; 110895.47
2270.96; -655577.1; 110261.14
2271.92; -923448.16; 109367.61
2272.89; -1133916.8; 108270.43
2273.86; -1303578.6; 107009.09
2274.83; -1456757.4; 105599.53
2275.80; -1512412.1; 104136.12
2276.76; -1486160.8; 102698.11
2277.73; -1428100.8; 101316.28
2278.70; -1325779.5; 100033.46
2279.67; -1194338.9; 98877.814
2280.63; -997796.59; 97912.346
2281.60; -759819.5; 97177.145
2282.57; -464341.11; 96727.848
2283.54; -143367.54; 96589.126
2284.50; 213877.23; 96796.073
2285.47; 565620.22; 97343.368
2286.44; 915334.56; 98229.045
2287.41; 1262814.8; 99450.945
2288.37; 1632351.1; 101030.41
2289.34; 2004283.9; 102969.75
2290.31; 2349026.9; 105242.67
2291.28; 2669435.9; 107825.62
2292.24; 2936951.1; 110667.41
2293.21; 3186808.6; 113750.97
2294.18; 3449492.5; 117088.7
2295.15; 3658729; 120628.88
2296.11; 3827027.8; 124331.91
2297.08; 3903178.5; 128108.63
2298.05; 3924512.7; 131905.99
2299.02; 3920713.9; 135699.67
2299.99; 3874695.3; 139448.83
2300.95; 3769234.7; 143095.94
2301.92; 3627894.3; 146606.29
2302.89; 3442776.1; 149937.52
2303.86; 3196741.8; 153030.69
2304.82; 2928247.1; 155864.06
2305.79; 2634747.6; 158413.44
2306.76; 2308811.7; 160647.45
2307.73; 1984676.2; 162567.82
2308.69; 1631076.6; 164146.05
2309.66; 1286872.9; 165391.23
2310.63; 909372.39; 166271.14
2311.60; 541733.05; 166795.32
2312.56; 192610.9; 166981.69
2313.53; -129562.02; 166856.32
2314.50; -488409.88; 166383.74
2315.47; -827555.42; 165582.99
2316.43; -1143535.5; 164476.51
2317.40; -1409294.9; 163112.88
2318.37; -1623634.2; 161541.85
2319.34; -1827033.3; 159774.01
2320.30; -2010519.1; 157828.63
2321.27; -2153793.2; 155744.62
2322.24; -2293801.9; 153525.14
2323.21; -2424766.8; 151178.93
2324.18; -2538900; 148722.29
2325.14; -2630844; 146176.69
2326.11; -2711956.7; 143552.6
2327.08; -2795196.2; 140847.97
2328.05; -2883611.6; 138057.79
2329.01; -2946502.8; 135206.75
2329.98; -2970398.8; 132332.59
2330.95; -2985961.5; 129443.38
2331.92; -3032568; 126509.06
2332.88; -3104344.7; 123505.3
2333.85; -3162150.5; 120445.6
2334.82; -3193273.6; 117355.79
2335.79; -3258055.6; 114203.3
2336.75; -3321278.5; 110989.63
2337.72; -3406933.2; 107693.08
2338.69; -3504053.8; 104302.56
2339.66; -3580415.5; 100838.15
2340.62; -3661177.4; 97295.591
2341.59; -3744974.2; 93671.954
2342.56; -3855442.4; 89941.428
2343.53; -3945109.3; 86124.14
2344.49; -4063633.7; 82192.168
2345.46; -4163403.9; 78163.658
2346.43; -4300332.6; 74002.656
2347.40; -4416416.7; 69729.332
2348.37; -4504315.2; 65370.956
2349.33; -4532404.8; 60985.401
2350.30; -4596403.9; 56537.921
2351.27; -4638910.4; 52049.311
2352.24; -4704612.2; 47497.128
2353.20; -4755937.8; 42895.283
2354.17; -4750268.9; 38298.923
2355.14; -4752286.7; 33700.61
2356.11; -4749402.7; 29105.088
2357.07; -4748717.1; 24510.229
2358.04; -4721446.9; 19941.757
2359.01; -4682585.8; 15410.887
2359.98; -4623526.7; 10937.163
2360.94; -4547086.4; 6537.4022
2361.91; -4448329.5; 2233.1986
2362.88; -4346161.3; -1972.1471
2363.85; -4228123.6; -6063.2795
2364.81; -4102984.1; -10033.327
2365.78; -3961667.1; -13866.636
2366.75; -3807797.4; -17551.061
2367.72; -3643693; -21076.698
2368.68; -3438278; -24403.576
2369.65; -3194383.1; -27494.461
2370.62; -2946877.7; -30345.86
2371.59; -2642363.3; -32902.61
2372.56; -2337075.2; -35163.964
2373.52; -2060553.6; -37157.756
2374.49; -1806361.4; -38905.591
2375.46; -1538288; -40394.039
2376.43; -1255879.4; -41609.228
2377.39; -1003085.1; -42579.813
2378.36; -769967.23; -43324.833
2379.33; -484065.05; -43793.215
2380.30; -198181.07; -43984.975
2381.26; 104796.07; -43883.574
2382.23; 435242.08; -43462.434
2383.20; 758590.25; -42728.422
2384.17; 1086149.9; -41677.463
2385.13; 1481513.5; -40243.951
2386.10; 1874096.3; -38430.575
2387.07; 2268628.2; -36235.45
2388.04; 2647443.9; -33673.784
2389.00; 3023537.7; -30748.209
2389.97; 3421716.6; -27437.356
2390.94; 3814920.1; -23746.039
2391.91; 4157568.2; -19723.176
2392.87; 4464089; -15403.723
2393.84; 4772955.1; -10785.412
2394.81; 5095334.5; -5855.1663
2395.78; 5384832.5; -644.80235
2396.75; 5653152.7; 4825.1882
2397.71; 5908852.9; 10542.594
2398.68; 6131646.6; 16475.576
2399.65; 6323183.1; 22593.887
2400.62; 6506572.6; 28889.647
2401.58; 6683875.4; 35356.965
2402.55; 6825799.4; 41961.608
2403.52; 6899386.9; 48637.455
2404.49; 6919121.2; 55332.397
2405.45; 6882451.9; 61991.857
2406.42; 6809186.6; 68580.426
2407.39; 6724558.3; 75087.109
2408.36; 6600455.5; 81473.71
2409.32; 6465246.5; 87729.482
2410.29; 6289088.5; 93814.804
2411.26; 6076926.2; 99694.838
2412.23; 5841751.8; 105347.32
2413.19; 5609779.9; 110775.34
2414.16; 5371133.2; 115972.45
2415.13; 5088329.8; 120895.92
2416.10; 4791451.4; 125532.12
2417.06; 4481369.4; 129868.3
2418.03; 4177571.1; 133910.52
2419.00; 3875011; 137659.98
2419.97; 3599571.3; 141142.92
2420.94; 3326476.4; 144361.62
2421.90; 3054642.9; 147317.29
2422.87; 2802988.1; 150029.46
2423.84; 2564327.2; 152510.71
2424.81; 2391425; 154824.65
2425.77; 2268787.8; 157019.93
2426.74; 2151430.9; 159101.65
2427.71; 2035297.1; 161071.01
2428.68; 1929285; 162937.78
2429.64; 1840810.5; 164718.95
2430.61; 1754187.1; 166416.3
2431.58; 1676010; 168038.01
2432.55; 1651091.1; 169635.61
2433.51; 1646656.1; 171228.91
2434.48; 1596481.4; 172773.67
2435.45; 1555717.5; 174278.98
2436.42; 1505669; 175735.86
2437.38; 1433051.5; 177122.48
2438.35; 1344293.1; 178423.22
2439.32; 1261940.9; 179644.28
2440.29; 1147945.4; 180755.03
2441.25; 1009525.7; 181731.84
2442.22; 878733.75; 182582.11
2443.19; 730424.48; 183288.87
2444.16; 558616.95; 183829.38
2445.13; 342709.88; 184160.99
2446.09; 88406.677; 184246.53
2447.06; -202738.84; 184050.36
2448.03; -498280.3; 183568.23
2449.00; -839222.09; 182756.2
2449.96; -1207104.2; 181588.2
2450.93; -1580618.3; 180058.79
2451.90; -1947432.3; 178174.46
2452.87; -2306649.5; 175942.55
2453.83; -2672204.8; 173356.92
2454.80; -3019220.4; 170435.52
2455.77; -3419749.8; 167126.57
2456.74; -3816445.4; 163433.78
2457.70; -4212986.2; 159357.29
2458.67; -4591264.9; 154914.79
2459.64; -4975731.3; 150100.27
2460.61; -5274599.9; 144996.57
2461.57; -5497928.1; 139676.77
2462.54; -5709393; 134152.36
2463.51; -5854303.6; 128487.74
2464.48; -5969843.4; 122711.32
2465.44; -6037004.5; 116869.91
2466.41; -6055321.6; 111010.78
2467.38; -6047280; 105159.43
2468.35; -6031690.3; 99323.171
2469.32; -5943732.2; 93572.016
2470.28; -5829187.1; 87931.694
2471.25; -5645874.8; 82468.746
2472.22; -5411459.7; 77232.617
2473.19; -5199350.5; 72201.726
2474.15; -4954416; 67407.833
2475.12; -4639366.7; 62918.781
2476.09; -4328255.6; 58730.761
2477.06; -3975151.5; 54884.405
2478.02; -3611024.1; 51390.378
2478.99; -3230186.8; 48264.849
2479.96; -2882893.4; 45475.361
2480.93; -2542659.5; 43015.084
2481.89; -2194523.9; 40891.663
2482.86; -1845217.2; 39106.231
2483.83; -1511449.7; 37643.752
2484.80; -1203478.5; 36479.266
2485.76; -922842.46; 35586.324
2486.73; -685859.81; 34922.686
2487.70; -515010.52; 34424.362
2488.67; -345082.73; 34090.459
2489.63; -201134.86; 33895.841
2490.60; -115334.33; 33784.244
2491.57; -60203.601; 33725.991
2492.54; -30552.934; 33696.428
2493.51; -37833.203; 33659.82
2494.47; -89212.107; 33573.499
2495.44; -164189.62; 33414.629
2496.41; -249959.52; 33172.768
2497.38; -334146.96; 32849.448
2498.34; -431641.99; 32431.791
2499.31; -548921.24; 31900.655
2500.28; -683127.51; 31239.66
2501.25; -822678.67; 30443.636
2502.21; -961349.64; 29513.435
2503.18; -1058453.3; 28489.275
2504.15; -1114676; 27410.715
2505.12; -1114178.3; 26332.636
2506.08; -1151420.4; 25218.521
2507.05; -1141998.2; 24113.524
2508.02; -1138927; 23011.498
2508.99; -1125128.7; 21922.824
2509.95; -1075943.3; 20881.741
2510.92; -1007120.4; 19907.251
2511.89; -918994.11; 19018.032
2512.86; -794808.57; 18248.976
2513.82; -685032.68; 17586.138
2514.79; -534151.05; 17069.294
2515.76; -371969.86; 16709.375
2516.73; -159123; 16555.408
2517.70; 51671.394; 16605.405
2518.66; 260753.27; 16857.71
2519.63; 468409.29; 17310.943
2520.60; 713854; 18001.668
2521.57; 964478.91; 18934.898
2522.53; 1196829.5; 20092.95
2523.50; 1411079.2; 21458.31
2524.47; 1640650.1; 23045.803
2525.44; 1853433.5; 24839.186
2526.40; 2020472.4; 26794.195
2527.37; 2161931.4; 28886.079
2528.34; 2253478.9; 31066.546
2529.31; 2298936.6; 33290.997
2530.27; 2316294.6; 35532.243
2531.24; 2342540.5; 37798.885
2532.21; 2363558.8; 40085.865
2533.18; 2371300.6; 42380.335
2534.14; 2325211.6; 44630.21
2535.11; 2297429.9; 46853.203
2536.08; 2207164.4; 48988.856
2537.05; 2125410.9; 51045.403
2538.01; 2063274.8; 53041.828
2538.98; 1947233; 54925.971
2539.95; 1839780.5; 56706.142
2540.92; 1695066.8; 58346.289
2541.89; 1535856.4; 59832.383
2542.85; 1374860.2; 61162.698
2543.82; 1206950.3; 62330.543
2544.79; 1028391.8; 63325.615
2545.76; 879846.63; 64176.955
2546.72; 746984.13; 64899.737
2547.69; 634839.68; 65514.008
2548.66; 523343.89; 66020.395
2549.63; 430036.07; 66436.498
2550.59; 354814.57; 66779.817
2551.56; 278061.39; 67048.869
2552.53; 195822.49; 67238.347
2553.50; 107904.35; 67342.755
2554.46; 27663.015; 67369.522
2555.43; -29809.747; 67340.678
2556.40; -83605.91; 67259.781
2557.37; -157062.93; 67107.806
2558.33; -243461.27; 66872.233
2559.30; -332448.7; 66550.556
2560.27; -421510.41; 66142.703
2561.24; -452436.14; 65704.925
2562.20; -454948.47; 65264.717
2563.17; -414731.27; 64863.423
2564.14; -378158.32; 64497.517
2565.11; -294520.65; 64212.539
2566.08; -197249.89; 64021.68
2567.04; -77509.045; 63946.682
2568.01; 44793.178; 63990.024
2568.98; 154816.3; 64139.824
2569.95; 251510.39; 64383.186
2570.91; 324680.07; 64697.346
2571.88; 408247.82; 65092.367
2572.85; 478075.1; 65554.952
2573.82; 568190.73; 66104.734
2574.78; 705851.54; 66787.716
2575.75; 807916.53; 67569.456
2576.72; 944764.53; 68483.61
2577.69; 1086660.8; 69535.063
2578.65; 1253072.7; 70747.536
2579.62; 1438883.6; 72139.8
2580.59; 1664133; 73750.015
2581.56; 1891578.4; 75580.306
2582.52; 2121169.2; 77632.749
2583.49; 2351419.4; 79907.983
2584.46; 2617526.4; 82440.701
2585.43; 2858219.6; 85206.315
2586.39; 3081535.9; 88188.009
2587.36; 3308339.8; 91389.158
2588.33; 3510978.9; 94786.381
2589.30; 3670251.7; 98337.717
2590.27; 3803082.2; 102017.58
2591.23; 3912012.7; 105802.84
2592.20; 4010092.6; 109683.01
2593.17; 4099751.1; 113649.93
2594.14; 4207845.1; 117721.44
2595.10; 4280619.7; 121863.37
2596.07; 4316237; 126039.76
2597.04; 4315080.6; 130215.03
2598.01; 4269769.6; 134346.46
2598.97; 4163978.7; 138375.52
2599.94; 4017911.1; 142263.25
2600.91; 3802208.3; 145942.27
2601.88; 3554426.2; 149381.53
2602.84; 3272330.4; 152547.84
2603.81; 2970381.2; 155421.98
2604.78; 2613361.9; 157950.67
2605.75; 2217037.5; 160095.88
2606.71; 1802273.4; 161839.76
2607.68; 1358133.1; 163153.89
2608.65; 930230.31; 164053.98
2609.62; 499632.27; 164537.42
2610.58; 116836.34; 164650.47
2611.55; -267335.4; 164391.8
2612.52; -672298.84; 163741.28
2613.49; -1050681.7; 162724.64
2614.46; -1416217; 161354.31
2615.42; -1751191.1; 159659.86
2616.39; -2062687.8; 157664
2617.36; -2308943.1; 155429.87
2618.33; -2513184.8; 152998.11
2619.29; -2688930.1; 150396.3
2620.26; -2842854; 147645.56
2621.23; -2974441; 144767.49
2622.20; -3060018.2; 141806.61
2623.16; -3124440; 138783.41
2624.13; -3134624.1; 135750.34
2625.10; -3090269.9; 132760.2
2626.07; -3015598.2; 129842.3
2627.03; -2914443.3; 127022.29
2628.00; -2778239.1; 124334.07
2628.97; -2643110.4; 121776.59
2629.94; -2463609.1; 119392.8
2630.90; -2253383.8; 117212.43
2631.87; -2049135.9; 115229.69
2632.84; -1900612.4; 113390.65
2633.81; -1704010.5; 111741.85
2634.77; -1542188.3; 110249.63
2635.74; -1428524.4; 108867.39
2636.71; -1369091.9; 107542.66
2637.68; -1315480.9; 106269.8
2638.65; -1307727.7; 105004.44
2639.61; -1362373.1; 103686.21
2640.58; -1426666.1; 102305.77
2641.55; -1532675.8; 100822.75
2642.52; -1669755.4; 99207.094
2643.48; -1838034.9; 97428.612
2644.45; -2034064.8; 95460.451
2645.42; -2295772; 93239.062
2646.39; -2619171.8; 90704.751
2647.35; -2924331.5; 87875.168
2648.32; -3237872.7; 84742.202
2649.29; -3553697.7; 81303.644
2650.26; -3899687.3; 77530.307
2651.22; -4226737.3; 73440.516
2652.19; -4524650.9; 69062.464
2653.16; -4800240.6; 64417.751
2654.13; -5082497.5; 59499.926
2655.09; -5347827; 54325.369
2656.06; -5593456.5; 48913.14
2657.03; -5813858.7; 43287.65
2658.00; -5979382.3; 37502
2658.96; -6108215.8; 31591.691
2659.93; -6199140.3; 25593.402
2660.90; -6221122.2; 19573.845
2661.87; -6163161.9; 13610.369
2662.84; -6046995.7; 7759.296
2663.80; -5837242.2; 2111.1805
2664.77; -5547464.8; -3256.5465
2665.74; -5189907.6; -8278.3011
2666.71; -4812458.7; -12934.836
2667.67; -4411470.7; -17203.375
2668.64; -3989894.2; -21063.997
2669.61; -3513242.1; -24463.41
2670.58; -3015953.8; -27381.647
2671.54; -2493618.8; -29794.472
2672.51; -1971594.8; -31702.187
2673.48; -1470810.1; -33125.343
2674.45; -955838.18; -34050.212
2675.41; -433716.45; -34469.876
2676.38; 55617.478; -34416.061
2677.35; 464023.75; -33967.071
2678.32; 827071.88; -33166.797
2679.28; 1173917.2; -32030.914
2680.25; 1498184.1; -30581.271
2681.22; 1782755.6; -28856.277
2682.19; 1999051.6; -26921.995
2683.15; 2125139.5; -24865.71
2684.12; 2206084.4; -22731.102
2685.09; 2220354.9; -20582.687
2686.06; 2184361.4; -18469.099
2687.03; 2108307.7; -16429.1
2687.99; 1942653; -14549.389
2688.96; 1753643.4; -12852.564
2689.93; 1537290.9; -11365.081
2690.90; 1305525.2; -10101.855
2691.86; 1057394.9; -9078.7197
2692.83; 814263.13; -8290.8387
2693.80; 590019.6; -7719.9358
2694.77; 367136.83; -7364.6942
2695.73; 127331.24; -7241.4884
2696.70; -84385.211; -7323.1396
2697.67; -276358.59; -7590.5441
2698.64; -395264.28; -7973.0019
2699.60; -457756.52; -8415.9271
2700.57; -430160.5; -8832.1504
2701.54; -336384.84; -9157.6363
2702.51; -153202.67; -9305.8752
2703.47; 116323.22; -9193.3209
2704.44; 434256.66; -8773.1342
2705.41; 822938.45; -7976.8589
2706.38; 1232042.2; -6784.7349
2707.34; 1689744.3; -5149.7382
2708.31; 2225968; -2995.8916
2709.28; 2802620.8; -284.0757
2710.25; 3435536.1; 3040.149
2711.22; 4102945.4; 7010.159
2712.18; 4800130; 11654.765
2713.15; 5499657.6; 16976.234
2714.12; 6165021.2; 22941.508
2715.09; 6852380.6; 29571.871
2716.05; 7555780.5; 36882.845
2717.02; 8244682.3; 44860.399
2717.99; 8931925.9; 53502.931
2718.96; 9606086.9; 62797.78
2719.92; 10241267; 72707.231
2720.89; 10800773; 83158.059
2721.86; 11253430; 94046.877
2722.83; 11591342; 105262.66
2723.79; 11836160; 116715.33
2724.76; 11930253; 128259.04
2725.73; 11928428; 139800.99
2726.70; 11793954; 151212.82
2727.66; 11503207; 162343.32
2728.63; 11091236; 173075.2
2729.60; 10612272; 183343.64
2730.57; 10022435; 193041.34
2731.53; 9350980.2; 202089.35
2732.50; 8585080.2; 210396.28
2733.47; 7795297.1; 217939.01
2734.44; 6991000.4; 224703.5
2735.41; 6167963; 230671.62
2736.37; 5347955.4; 235846.3
2737.34; 4453114.6; 240155.13
2738.31; 3553970.6; 243593.96
2739.28; 2668748.3; 246176.24
2740.24; 1787110; 247905.44
2741.21; 915072.01; 248790.87
2742.18; 29423.138; 248819.34
2743.15; -804894.44; 248040.52
2744.11; -1584136.8; 246507.71
2745.08; -2313860.6; 244268.82
2746.05; -2960697.4; 241404.05
2747.02; -3581239.9; 237938.84
2747.98; -4119544.6; 233952.77
2748.95; -4575075.9; 229525.93
2749.92; -4938609.4; 224747.33
2750.89; -5250325.4; 219667.11
2751.85; -5476248.2; 214368.3
2752.82; -5639526.5; 208911.49
2753.79; -5747516.7; 203350.19
2754.76; -5815094.1; 197723.51
2755.72; -5862017; 192051.42
2756.69; -5886956.3; 186355.2
2757.66; -5855927.1; 180689.01
2758.63; -5756779.1; 175118.75
2759.60; -5638159.4; 169663.26
2760.56; -5461634; 164378.59
2761.53; -5290522.2; 159259.48
2762.50; -5111964.8; 154313.14
2763.47; -4924781.1; 149547.92
2764.43; -4757640.3; 144944.43
2765.40; -4608351.4; 140485.39
2766.37; -4510656.9; 136120.88
2767.34; -4410080.1; 131853.68
2768.30; -4327466.7; 127666.43
2769.27; -4295855; 123509.76
2770.24; -4307803.3; 119341.53
2771.21; -4356819.5; 115125.87
2772.17; -4482455.5; 110788.64
2773.14; -4656039.5; 106283.46
2774.11; -4794665; 101644.14
2775.08; -4949885.1; 96854.633
2776.04; -5115304.4; 91905.064
2777.01; -5265435.9; 86810.228
2777.98; -5431756.6; 81554.461
2778.95; -5595977.8; 76139.793
2779.91; -5765617.4; 70560.981
2780.88; -5930964.4; 64822.18
2781.85; -6052715.9; 58965.572
2782.82; -6155515.5; 53009.495
2783.79; -6222881.9; 46988.235
2784.75; -6240723.1; 40949.711
2785.72; -6208435.2; 34942.429
2786.69; -6148863.6; 28992.789
2787.66; -6043052.4; 23145.531
2788.62; -5878961; 17457.049
2789.59; -5681269.2; 11959.852
2790.56; -5425048.8; 6710.5753
2791.53; -5109141.5; 1766.9699
2792.49; -4738621.6; -2818.1204
2793.46; -4354868.6; -7031.8912
2794.43; -3938544.4; -10842.827
2795.40; -3533003.7; -14261.361
2796.36; -3070517.2; -17232.394
2797.33; -2606666.5; -19754.604
2798.30; -2145036.1; -21830.141
2799.27; -1672394.4; -23448.35
2800.23; -1214965; -24623.95
2801.20; -752292.34; -25351.868
2802.17; -298055.23; -25640.266
2803.14; 117897.94; -25526.188
2804.10; 537097.01; -25006.493
2805.07; 958512.84; -24079.036
2806.04; 1337814.4; -22784.567
2807.01; 1685197.7; -21153.97
2807.98; 2004264.8; -19214.643
2808.94; 2250639.3; -17036.925
2809.91; 2450455.5; -14665.864
2810.88; 2600377.5; -12149.739
2811.85; 2738207.8; -9500.2486
2812.81; 2831544.1; -6760.4466
2813.78; 2868296.9; -3985.0825
2814.75; 2888996.2; -1189.6898
2815.72; 2905207.1; 1621.3886
2816.68; 2917443.2; 4444.3066
2817.65; 2861237.3; 7212.8398
2818.62; 2805777.7; 9927.7104
2819.59; 2739533.3; 12578.483
2820.55; 2659496.5; 15151.812
2821.52; 2554942.9; 17623.974
2822.49; 2463572.9; 20007.728
2823.46; 2306166.1; 22239.174
2824.42; 2126473.3; 24296.749
2825.39; 1910449.1; 26145.3
2826.36; 1717964.7; 27807.603
2827.33; 1564338.1; 29321.256
2828.29; 1473389.9; 30746.908
2829.26; 1416222.2; 32117.245
2830.23; 1375007.5; 33447.702
2831.20; 1316956.3; 34721.989
2832.17; 1281281.5; 35961.757
2833.13; 1244638.2; 37166.069
2834.10; 1231503.7; 38357.672
2835.07; 1198519.5; 39517.359
2836.04; 1188391.4; 40667.247
2837.00; 1195602.6; 41824.112
2837.97; 1192323.5; 42977.804
2838.94; 1203365.9; 44142.181
2839.91; 1197132.5; 45300.526
2840.87; 1172642.7; 46435.175
2841.84; 1198729.2; 47595.066
2842.81; 1223076.4; 48778.515
2843.78; 1254693.5; 49992.556
2844.74; 1293232.3; 51243.888
2845.71; 1323727.5; 52524.726
2846.68; 1344519.9; 53825.684
2847.65; 1348447.2; 55130.441
2848.61; 1335288.8; 56422.467
2849.58; 1332983.9; 57712.262
2850.55; 1359773.3; 59027.979
2851.52; 1405131.1; 60387.584
2852.48; 1443249.9; 61784.072
2853.45; 1463175.3; 63199.841
2854.42; 1516739.2; 64667.437
2855.39; 1557547; 66174.52
2856.36; 1598279.6; 67721.015
2857.32; 1651221.4; 69318.737
2858.29; 1695589.2; 70959.389
2859.26; 1771225.1; 72673.226
2860.23; 1823691.1; 74437.83
2861.19; 1921087.3; 76296.674
2862.16; 2016143.2; 78247.494
2863.13; 2096910.1; 80276.464
2864.10; 2226353.3; 82430.684
2865.06; 2365101.9; 84719.156
2866.03; 2477308.5; 87116.2
2867.00; 2562421; 89595.599
2867.97; 2656437.2; 92165.967
2868.93; 2739529.6; 94816.736
2869.90; 2805237.3; 97531.084
2870.87; 2858175.1; 100296.65
2871.84; 2870970.6; 103074.61
2872.80; 2816604.7; 105799.95
2873.77; 2809586.5; 108518.51
2874.74; 2801214.3; 111228.96
2875.71; 2766888.8; 113906.2
2876.67; 2712594.1; 116530.91
2877.64; 2589171.6; 119036.19
2878.61; 2443635.6; 121400.65
2879.58; 2262545.2; 123589.89
2880.55; 2029836.4; 125553.96
2881.51; 1800703.1; 127296.32
2882.48; 1563007.6; 128808.69
2883.45; 1341000.7; 130106.24
2884.42; 1061718.7; 131133.56
2885.38; 814366.46; 131921.54
2886.35; 517613.82; 132422.38
2887.32; 158040.13; 132575.3
2888.29; -202036.61; 132379.81
2889.25; -499202.49; 131896.79
2890.22; -803643.27; 131119.18
2891.19; -1096270.6; 130058.43
2892.16; -1370960; 128731.89
2893.12; -1623377.7; 127161.11
2894.09; -1855474; 125365.75
2895.06; -2008634.2; 123422.2
2896.03; -2105771; 121384.65
2896.99; -2163742.5; 119291.02
2897.96; -2170354.6; 117190.98
2898.93; -2101257.5; 115157.8
2899.90; -2006758; 113216.06
2900.86; -1856678.3; 111419.54
2901.83; -1652533.8; 109820.55
2902.80; -1413355.8; 108452.99
2903.77; -1116104.1; 107373.05
2904.74; -771839.81; 106626.21
2905.70; -403815.41; 106235.48
2906.67; -54464.32; 106182.78
2907.64; 318862.52; 106491.31
2908.61; 706393.52; 107174.82
2909.57; 1105262.6; 108244.27
2910.54; 1472431.3; 109669
2911.51; 1785261.1; 111396.42
2912.48; 2078843.5; 113407.9
2913.44; 2337474.2; 115669.64
2914.41; 2583620.8; 118169.56
2915.38; 2771155.5; 120850.93
2916.35; 2923222; 123679.44
2917.31; 2962405; 126545.86
2918.28; 2911852.4; 129363.37
2919.25; 2827975.9; 132099.72
2920.22; 2680476.6; 134693.35
2921.18; 2478829.1; 137091.86
2922.15; 2215646.2; 139235.72
2923.12; 1900264.4; 141074.42
2924.09; 1548242.9; 142572.5
2925.05; 1143689; 143679.13
2926.02; 715204.78; 144371.16
2926.99; 189692.18; 144554.71
2927.96; -434117.77; 144134.65
2928.93; -1014920.8; 143152.62
2929.89; -1609484.6; 141595.28
2930.86; -2235311.3; 139432.39
2931.83; -2878924; 136646.75
2932.80; -3437152.3; 133320.96
2933.76; -3950945.6; 129498.02
2934.73; -4435742.4; 125206
2935.70; -4869964.7; 120493.82
2936.67; -5269566.6; 115394.99
2937.63; -5610696.6; 109966.08
2938.60; -5896518.2; 104260.61
2939.57; -6120034.7; 98338.861
2940.54; -6274057.2; 92268.083
2941.50; -6346709.7; 86127.007
2942.47; -6320125; 80011.654
2943.44; -6191247.5; 74021.003
2944.41; -6005239.4; 68210.333
2945.37; -5783934.1; 62613.798
2946.34; -5481594.4; 57309.808
2947.31; -5170809.4; 52306.533
2948.28; -4773860; 47687.346
2949.24; -4319848.5; 43507.46
2950.21; -3827066.4; 39804.391
2951.18; -3269301.4; 36641.015
2952.15; -2677075.6; 34050.676
2953.12; -2106693.7; 32012.24
2954.08; -1584608.9; 30478.972
2955.05; -1139608.1; 29376.287
2956.02; -717676.06; 28681.864
2956.99; -328143.65; 28364.352
2957.95; -3786.9558; 28360.688
2958.92; 267048.04; 28619.083
2959.89; 413396.04; 29019.085
2960.86; 490615.7; 29493.805
2961.82; 484869.45; 29962.965
2962.79; 429401.18; 30378.453
2963.76; 280918.72; 30650.27
2964.73; 87296.441; 30734.738
2965.69; -172465.51; 30567.861
2966.66; -496868.32; 30087.091
2967.63; -873457; 29241.934
2968.60; -1326056.4; 27958.842
2969.56; -1824389.6; 26193.563
2970.53; -2369462.8; 23900.87
2971.50; -2922740.8; 21072.826
2972.47; -3449571.3; 17735.021
2973.43; -3950033.2; 13912.969
2974.40; -4432886.5; 9623.7082
2975.37; -4850634.8; 4930.234
2976.34; -5270448.7; -169.45215
2977.31; -5660221.8; -5646.2827
2978.27; -5961219.6; -11414.359
2979.24; -6191251.9; -17405.014
2980.21; -6273319.9; -23475.079
2981.18; -6221031.6; -29494.549
2982.14; -6093496.3; -35390.616
2983.11; -5843454.5; -41044.742
2984.08; -5481417.4; -46348.562
2985.05; -5023452.7; -51209.255
2986.01; -4452470; -55517.465
2986.98; -3805327.6; -59199.499
2987.95; -3067467.1; -62167.581
2988.92; -2271978.6; -64365.947
2989.88; -1417294.7; -65737.321
2990.85; -484982.71; -66206.591
2991.82; 501504.13; -65721.335
2992.79; 1503768.3; -64266.289
2993.75; 2518599.1; -61829.293
2994.72; 3489686.4; -58452.672
2995.69; 4420509.6; -54175.387
2996.66; 5395482.6; -48954.718
2997.62; 6356628.1; -42804.045
2998.59; 7252435.9; -35786.588
2999.56; 8058362.6; -27989.316
3000.53; 8763768.5; -19509.494
3001.50; 9349130.5; -10463.275
3002.46; 9867185; -915.78666
3003.43; 10250417; 9002.5171
3004.40; 10515181; 19177.006
3005.37; 10632036; 29464.564
3006.33; 10579815; 39701.592
3007.30; 10401837; 49766.41
3008.27; 10097576; 59536.824
3009.24; 9698316; 68920.915
3010.20; 9236889.1; 77858.529
3011.17; 8689899; 86266.875
3012.14; 8097117.6; 94101.646
3013.11; 7420745.5; 101281.96
3014.07; 6700510.9; 107765.37
3015.04; 5947882.2; 113520.54
3016.01; 5217787.6; 118569.28
3016.98; 4475363; 122899.64
3017.94; 3697174.1; 126477.02
3018.91; 2972188.4; 129352.91
3019.88; 2278279.3; 131557.38
3020.85; 1614770.7; 133119.83
3021.81; 1018597.6; 134105.42
3022.78; 530451.05; 134618.69
3023.75; 94080.007; 134709.72
3024.72; -250198.32; 134467.63
3025.69; -504361.55; 133979.61
3026.65; -638770.66; 133361.53
3027.62; -695361.35; 132688.7
3028.59; -652795.07; 132057.06
3029.56; -461092.2; 131610.9
3030.52; -225992.48; 131392.23
3031.49; 71217.497; 131461.14
3032.46; 442703.02; 131889.5
3033.43; 882969.18; 132743.86
3034.39; 1362813.4; 134062.52
3035.36; 1883050; 135884.56
3036.33; 2411816.1; 138218.23
3037.30; 2889942.7; 141014.54
3038.26; 3380145.3; 144285.17
3039.23; 3876673.5; 148036.24
3040.20; 4323759; 152219.91
3041.17; 4737534.9; 156803.95
3042.13; 5095102.6; 161733.97
3043.10; 5382711.6; 166942.28
3044.07; 5560802.5; 172322.91
3045.04; 5630431.4; 177770.92
3046.00; 5600514.7; 183189.98
3046.97; 5441930.5; 188455.59
3047.94; 5160776.3; 193449.16
3048.91; 4783039.7; 198077.23
3049.88; 4316459.2; 202253.83
3050.84; 3775578.8; 205907.08
3051.81; 3128144.3; 208933.87
3052.78; 2423606.8; 211278.96
3053.75; 1661073.6; 212886.21
3054.71; 865970.52; 213724.12
3055.68; -6345.2089; 213717.98
3056.65; -894983.69; 212852
3057.62; -1791067.3; 211118.96
3058.58; -2639223.8; 208565.25
3059.55; -3433902.1; 205242.6
3060.52; -4215536.6; 201163.65
3061.49; -4956871.4; 196367.38
3062.45; -5696228.9; 190855.71
3063.42; -6399441.7; 184663.61
3064.39; -7066359.6; 177826.2
3065.36; -7611743.3; 170461.08
3066.32; -8053823.7; 162668.2
3067.29; -8377248; 154562.37
3068.26; -8585113.4; 146255.42
3069.23; -8690350.5; 137846.64
3070.19; -8722626.9; 129406.62
3071.16; -8648170.4; 121038.65
3072.13; -8472762.4; 112840.41
3073.10; -8207709.2; 104898.63
3074.07; -7852671.7; 97300.383
3075.03; -7457970; 90084.051
3076.00; -7006875.9; 83304.198
3076.97; -6492814.5; 77021.75
3077.94; -5966633.9; 71248.435
3078.90; -5389605.1; 66033.453
3079.87; -4838607.2; 61351.617
3080.84; -4272082.1; 57217.95
3081.81; -3697334.6; 53640.41
3082.77; -3140876.5; 50601.297
3083.74; -2618317; 48067.814
3084.71; -2148633.1; 45988.797
3085.68; -1791381; 44255.456
3086.64; -1485144; 42818.431
3087.61; -1233579.7; 41624.819
3088.58; -1077556.8; 40582.175
3089.55; -972676.72; 39641.013
3090.51; -932540.81; 38738.687
3091.48; -988579.39; 37782.137
3092.45; -1152987; 36666.507
3093.42; -1362244.8; 35348.399
3094.38; -1624217.1; 33776.807
3095.35; -1931252; 31908.127
3096.32; -2247674.6; 29733.277
3097.29; -2563718.6; 27252.623
3098.26; -2896803; 24449.677
3099.22; -3243114.9; 21311.639
3100.19; -3586351.8; 17841.485
3101.16; -3966901.3; 14003.111
3102.13; -4353395.1; 9790.7658
3103.09; -4719847.1; 5223.8417
3104.06; -5017192.5; 369.20624
3105.03; -5242247.7; -4703.1926
3106.00; -5433467.8; -9960.616
3106.96; -5512360.7; -15294.376
3107.93; -5507178.1; -20623.122
3108.90; -5399423.5; -25847.604
3109.87; -5192640.3; -30872.003
3110.83; -4904593.2; -35617.687
3111.80; -4566775; -40036.498
3112.77; -4165955.9; -44067.477
3113.74; -3702650.6; -47650.162
3114.70; -3174448.3; -50721.758
3115.67; -2572625.7; -53211.031
3116.64; -1917689.2; -55066.587
3117.61; -1175888.6; -56204.377
3118.57; -396240.57; -56587.779
3119.54; 397742.48; -56202.923
3120.51; 1161062.9; -55079.479
3121.48; 1930142.5; -53211.873
3122.45; 2704236.5; -50595.254
3123.41; 3467297.1; -47240.297
3124.38; 4188011.1; -43187.978
3125.35; 4847103.5; -38497.92
3126.32; 5455969.7; -33218.724
3127.28; 6007388.3; -27405.975
3128.25; 6527105.9; -21090.347
3129.22; 6963009.8; -14352.939
3130.19; 7328942.8; -7261.4539
3131.15; 7643963.6; 134.84519
3132.12; 7873007.7; 7752.7675
3133.09; 8006060.2; 15499.431
3134.06; 8065661.3; 23303.765
3135.02; 8018380; 31062.35
3135.99; 7919277.9; 38725.043
3136.96; 7732261; 46206.779
3137.93; 7468075.2; 53432.888
3138.89; 7140471.3; 60342.008
3139.86; 6800162.7; 66921.846
3140.83; 6424444.7; 73138.138
3141.80; 5959046.6; 78904.112
3142.76; 5495042.5; 84221.115
3143.73; 5013725.1; 89072.395
3144.70; 4527830; 93453.524
3145.67; 4019232.5; 97342.533
3146.64; 3548120.4; 100775.69
3147.60; 3075675.3; 103751.72
3148.57; 2640454.1; 106306.62
3149.54; 2204193.6; 108439.4
3150.51; 1809625.7; 110190.39
3151.47; 1453654.1; 111596.95
3152.44; 1081662.5; 112643.57
3153.41; 792574.85; 113410.46
3154.38; 444319.34; 113840.38
3155.34; 161750.46; 113996.89
3156.31; -1258.5833; 113995.68
3157.28; -118506.53; 113881.01
3158.25; -188229.65; 113698.88
3159.21; -244046.32; 113462.74
3160.18; -289343.66; 113182.77
3161.15; -314446.31; 112878.51
3162.12; -330496.22; 112558.72
3163.08; -361205.79; 112209.22
3164.05; -361447.1; 111859.48
3165.02; -353731.95; 111517.21
3165.99; -363014.22; 111165.96
3166.95; -393266.02; 110785.44
3167.92; -399607.02; 110398.78
3168.89; -388938.41; 110022.44
3169.86; -362420.45; 109671.76
3170.83; -364663.81; 109318.91
3171.79; -358685.93; 108971.85
3172.76; -366557.34; 108617.17
3173.73; -408629.2; 108221.78
3174.70; -474798.06; 107762.36
3175.66; -538719.75; 107241.1
3176.63; -623907.43; 106637.41
3177.60; -687060.02; 105972.61
3178.57; -835617.83; 105164.06
3179.53; -937473.76; 104256.96
3180.50; -1031341.2; 103259.04
3181.47; -1124041.7; 102171.41
3182.44; -1219149.3; 100991.77
3183.40; -1321306.8; 99713.269
3184.37; -1412671.4; 98346.368
3185.34; -1491891.2; 96902.814
3186.31; -1518988; 95433.042
3187.27; -1485774.2; 93995.407
3188.24; -1419112.8; 92622.273
3189.21; -1309084.2; 91355.603
3190.18; -1194107.8; 90200.185
3191.14; -1079657; 89155.508
3192.11; -993991.31; 88193.722
3193.08; -890818.28; 87331.767
3194.05; -805007.02; 86552.842
3195.02; -701741.77; 85873.837
3195.98; -549442.34; 85342.196
3196.95; -412367.86; 84943.189
3197.92; -229615.43; 84721.013
3198.89; -383.65496; 84720.642
3199.85; 218158.75; 84931.732
3200.82; 427682.42; 85345.558
3201.79; 663112.58; 85987.186
3202.76; 857235.77; 86816.647
3203.72; 984062.28; 87768.826
3204.69; 1107471.4; 88840.415
3205.66; 1240767.8; 90040.982
3206.63; 1332258.5; 91330.075
3207.59; 1339128.8; 92625.816
3208.56; 1297335.4; 93881.118
3209.53; 1266902.5; 95106.973
3210.50; 1224537.3; 96291.835
3211.46; 1136818.1; 97391.82
3212.43; 1034369.8; 98392.677
3213.40; 925647.33; 99288.333
3214.37; 845484.64; 100106.42
3215.33; 797616.79; 100878.2
3216.30; 786396.52; 101639.12
3217.27; 771651; 102385.76
3218.24; 750660.85; 103112.1
3219.21; 689999.81; 103779.75
3220.17; 617590.44; 104377.33
3221.14; 540379.33; 104900.2
3222.11; 467275.89; 105352.34
3223.08; 396995.92; 105736.47
3224.04; 306790.37; 106033.32
3225.01; 219238.6; 106245.45
3225.98; 165319.32; 106405.42
3226.95; 143334.57; 106544.11
3227.91; 76560.471; 106618.19
3228.88; 58773.719; 106675.06
3229.85; 38660.285; 106712.47
3230.82; 13004.279; 106725.05
3231.78; -31009.196; 106695.04
3232.75; -104181.62; 106594.24
3233.72; -125948.83; 106472.37
3234.69; -116029.68; 106360.1
3235.65; -145894.55; 106218.93
3236.62; -196898.56; 106028.41
3237.59; -263693.3; 105773.26
3238.56; -381220.66; 105404.39
3239.52; -459988.49; 104959.31
3240.49; -579397.16; 104398.68
3241.46; -682321.44; 103738.47
3242.43; -829816.02; 102935.54
3243.40; -1006727.4; 101961.43
3244.36; -1145349.1; 100853.19
3245.33; -1346287.2; 99550.523
3246.30; -1548715.1; 98051.986
3247.27; -1794729.8; 96315.406
3248.23; -2087773.1; 94295.277
3249.20; -2381687.4; 91990.756
3250.17; -2697065.1; 89381.076
3251.14; -2993094.9; 86484.957
3252.10; -3341137.7; 83252.072
3253.07; -3704358.4; 79667.735
3254.04; -3986510.2; 75810.388
3255.01; -4255510.7; 71692.756
3255.97; -4488992.1; 67349.207
3256.94; -4675096; 62825.584
3257.91; -4810901.2; 58170.556
3258.88; -4873166.9; 53455.28
3259.84; -4862176.2; 48750.638
3260.81; -4797753.2; 44108.332
3261.78; -4677891.4; 39582.004
3262.75; -4550433.7; 35179.005
3263.71; -4414285.8; 30907.742
3264.68; -4246254.4; 26799.066
3265.65; -4064251.9; 22866.496
3266.62; -3852152.6; 19139.153
3267.59; -3618953.6; 15637.454
3268.55; -3360577.1; 12385.759
3269.52; -3035107.3; 9448.9893
3270.49; -2703224.7; 6833.3491
3271.46; -2300681.8; 4607.2094
3272.42; -1854943.9; 2812.3657
3273.39; -1366022.4; 1490.6024
3274.36; -866446.8; 652.22851
3275.33; -383097.51; 281.54336
3276.29; 62355.242; 341.87829
3277.26; 488462.64; 814.51474
3278.23; 907408.99; 1692.5237
3279.20; 1266953.6; 2918.428
3280.16; 1552945.5; 4421.058
3281.13; 1775708.2; 6139.2333
3282.10; 1921987.9; 7998.9488
3283.07; 1991618.9; 9926.0393
3284.03; 1995850.2; 11857.224
3285.00; 1938383.5; 13732.804
3285.97; 1828777.8; 15502.329
3286.94; 1704577.3; 17151.678
3287.90; 1529768.8; 18631.882
3288.87; 1388893.8; 19975.776
3289.84; 1194514.6; 21131.588
3290.81; 941905.33; 22042.976
3291.78; 668034.46; 22689.366
3292.74; 403164.86; 23079.468
3293.71; 131843.38; 23207.04
3294.68; -181232.44; 23031.68
3295.65; -538300.35; 22510.82
3296.61; -865499.72; 21673.363
3297.58; -1187511.7; 20524.326
3298.55; -1411016.6; 19159.027
3299.52; -1606565.9; 17604.513
3300.48; -1771277.4; 15890.625
3301.45; -1889003.1; 14062.826
3302.42; -1932448.7; 12192.989
3303.39; -1932381.6; 10323.216
3304.35; -1858501.6; 8524.93
3305.32; -1746071.4; 6835.4314
3306.29; -1529059.9; 5355.913
3307.26; -1211450.6; 4183.7135
3308.22; -863302.13; 3348.3823
3309.19; -517477.51; 2847.6711
3310.16; -73543.067; 2776.5108
3311.13; 411554.26; 3174.7307
3312.09; 929473; 4074.0888
3313.06; 1449498.8; 5476.6238
3314.03; 2008021.8; 7419.5857
3315.00; 2577434.9; 9913.5117
3315.97; 3157317.7; 12968.532
3316.93; 3739259.9; 16586.64
3317.90; 4310933.8; 20757.9
3318.87; 4851731.9; 25452.435
3319.84; 5361070.6; 30639.807
3320.80; 5839309; 36289.923
3321.77; 6233717.2; 42321.668
3322.74; 6509500.9; 48620.261
3323.71; 6761120; 55162.32
3324.67; 6930587; 61868.356
3325.64; 7019856.1; 68660.769
3326.61; 7031813.1; 75464.751
3327.58; 6943851.2; 82183.622
3328.54; 6779567.8; 88743.532
3329.51; 6567250.2; 95098.003
3330.48; 6280533.1; 101175.05
3331.45; 6030012; 107009.69
3332.41; 5729074.4; 112553.14
3333.38; 5342699.3; 117722.73
3334.35; 4923890.2; 122487.09
3335.32; 4469695.8; 126811.97
3336.28; 3975904.7; 130659.05
3337.25; 3498382; 134044.09
3338.22; 2994327.1; 136941.4
3339.19; 2446505.8; 139308.64
3340.16; 1905247.2; 141152.16
3341.12; 1368740.1; 142476.55
3342.09; 880773.7; 143328.78
3343.06; 461346.27; 143775.18
3344.03; 86610.02; 143858.99
3344.99; -267310.99; 143600.34
3345.96; -566503.6; 143052.19
3346.93; -820855.12; 142257.93
3347.90; -964582.23; 141324.6
3348.86; -999634.36; 140357.35
3349.83; -943391.58; 139444.53
3350.80; -820702.65; 138650.42
3351.77; -682361.68; 137990.16
3352.73; -542748.92; 137465
3353.70; -360352.62; 137116.32
3354.67; -163646.11; 136957.98
3355.64; 42997.064; 136999.58
3356.60; 317803.19; 137307.09
3357.57; 597403.6; 137885.14
3358.54; 830218.85; 138688.45
3359.51; 1065149.3; 139719.09
3360.47; 1316545.9; 140992.98
3361.44; 1599581.9; 142540.74
3362.41; 1811957.4; 144293.99
3363.38; 1949173.7; 146180.01
3364.35; 2066812.3; 148179.86
3365.31; 2092319.3; 150204.38
3366.28; 2089994; 152226.66
3367.25; 1999496.3; 154161.38
3368.22; 1864582.2; 155965.55
3369.18; 1645379.2; 157557.61
3370.15; 1400874.3; 158913.1
3371.12; 1117681.9; 159994.57
3372.09; 716644.94; 160688
3373.05; 267403.57; 160946.73
3374.02; -270331.21; 160685.16
3374.99; -831366.36; 159880.73
3375.96; -1373254.6; 158551.97
3376.92; -1995161.5; 156621.45
3377.89; -2614157.7; 154091.99
3378.86; -3224270.7; 150972.19
3379.83; -3821096.8; 147274.9
3380.79; -4455540.6; 142963.71
3381.76; -5075281; 138052.87
3382.73; -5628205.5; 132607.02
3383.70; -6115536.2; 126689.63
3384.66; -6540108; 120361.42
3385.63; -6960823.6; 113626.13
3386.60; -7278647.4; 106583.31
3387.57; -7498663.6; 99327.601
3388.54; -7675702.8; 91900.591
3389.50; -7801828.3; 84351.542
3390.47; -7840977; 76764.613
3391.44; -7825649.1; 69192.514
3392.41; -7758651; 61685.244
3393.37; -7586938.2; 54344.122
3394.34; -7350000.1; 47232.262
3395.31; -7072619.7; 40388.795
3396.28; -6734924.6; 33872.082
3397.24; -6362611.6; 27715.619
3398.21; -5932232.1; 21975.592
3399.18; -5436768.8; 16714.974
3400.15; -4911229; 11962.869
3401.11; -4390516.3; 7714.6053
3402.08; -3816253.7; 4021.9982
3403.05; -3222588.7; 903.82141
3404.02; -2623210.1; -1634.3967
3404.98; -2050506.4; -3618.4667
3405.95; -1513845.5; -5083.2635
3406.92; -967145.01; -6019.0731
3407.89; -484617.61; -6487.989
3408.85; -118517.5; -6602.6666
3409.82; 225055.44; -6384.9029
3410.79; 528098.61; -5873.9147
3411.76; 764945.63; -5133.7533
3412.73; 957176.98; -4207.5889
3413.69; 1095302.4; -3147.7743
3414.66; 1200691.4; -1985.9853
3415.63; 1217041.5; -808.37599
3416.60; 1189553.7; 342.63617
3417.56; 1059548.6; 1367.8554
3418.53; 927243.76; 2265.0565
3419.50; 788667.05; 3028.1707
3420.47; 612189.87; 3620.5256
3421.43; 435468.07; 4041.8845
3422.40; 231927.75; 4266.2978
3423.37; 74531.173; 4338.4142
3424.34; -96524.081; 4245.0175
3425.30; -269094.19; 3984.6419
3426.27; -462887.52; 3536.752
3427.24; -668818.82; 2889.6029
3428.21; -822150.78; 2094.0898
3429.17; -917823.3; 1206.004
3430.14; -987084.09; 250.90139
3431.11; -988944.95; -706.00174
3432.08; -930486.67; -1606.3406
3433.04; -824580.84; -2404.2051
3434.01; -713531.33; -3094.618
3434.98; -536795.63; -3614.0214
3435.95; -287430.38; -3892.1391
3436.92; 14603.876; -3878.0084
3437.88; 298204.68; -3589.4655
3438.85; 582256.89; -3026.0737
3439.82; 835230.13; -2217.9051
3440.79; 1144027.5; -1110.9441
3441.75; 1489154.8; 329.96209
3442.72; 1832657.3; 2103.2413
3443.69; 2163015.2; 4196.1749
3444.66; 2510758.6; 6625.5849
3445.62; 2873500.6; 9405.984
3446.59; 3206416.8; 12508.513
3447.56; 3507443.1; 15902.315
3448.53; 3832357.3; 19610.504
3449.49; 4088294.5; 23566.338
3450.46; 4290363.5; 27717.693
3451.43; 4458907.1; 32032.132
3452.40; 4563565.4; 36447.838
3453.36; 4591364.1; 40890.442
3454.33; 4622427.2; 45363.102
3455.30; 4620968.6; 49834.351
3456.27; 4517655.4; 54205.635
3457.23; 4365930.4; 58430.109
3458.20; 4164364.2; 62459.548
3459.17; 3927546.4; 66259.842
3460.14; 3708969.7; 69848.641
3461.11; 3471787.1; 73207.942
3462.07; 3183916.4; 76288.699
3463.04; 2911665.8; 79106.027
3464.01; 2626463.4; 81647.393
3464.98; 2324471.2; 83896.552
3465.94; 1976049.1; 85808.577
3466.91; 1642590.3; 87397.947
3467.88; 1259654; 88616.788
3468.85; 878647.87; 89466.968
3469.81; 497839.26; 89948.677
3470.78; 131554.41; 90075.969
3471.75; -179365.12; 89902.415
3472.72; -427486.52; 89488.78
3473.68; -613842.24; 88894.826
3474.65; -699893.7; 88217.609
3475.62; -788888.05; 87454.281
3476.59; -845473.12; 86636.201
3477.55; -848804.18; 85814.898
3478.52; -792751.22; 85047.832
3479.49; -743349.91; 84328.566
3480.46; -648135.19; 83701.431
3481.42; -536789.21; 83182.034
3482.39; -388982.86; 82805.654
3483.36; -233869.66; 82579.361
3484.33; -31121.648; 82549.248
3485.30; 221728.49; 82763.793
3486.26; 510323.5; 83257.582
3487.23; 837230.06; 84067.685
3488.20; 1147579.3; 85178.083
3489.17; 1428151.8; 86559.963
3490.13; 1675691.9; 88181.362
3491.10; 1911490.8; 90030.921
3492.07; 2086423.2; 92049.744
3493.04; 2245160; 94222.161
3494.00; 2405845.3; 96550.057
3494.97; 2577021.6; 99043.583
3495.94; 2701976.6; 101658.02
3496.91; 2765397.6; 104333.81
3497.87; 2732321.9; 106977.61
3498.84; 2699999.9; 109590.13
3499.81; 2660761.6; 112164.68
3500.78; 2603294.7; 114683.63
3501.74; 2567267.4; 117167.72
3502.71; 2499938.8; 119586.66
3503.68; 2417070.1; 121925.42
3504.65; 2304263.6; 124155.02
3505.61; 2134394; 126220.26
3506.58; 1939485.2; 128096.91
3507.55; 1692592; 129734.66
3508.52; 1485090.1; 131171.63
3509.49; 1247559.8; 132378.77
3510.45; 1010295.2; 133356.33
3511.42; 716659.2; 134049.77
3512.39; 424364.25; 134460.39
3513.36; 129325.82; 134585.52
3514.32; -151206.79; 134439.21
3515.29; -421708.78; 134031.17
3516.26; -648436.06; 133403.74
3517.23; -854640.85; 132576.79
3518.19; -1023054.5; 131586.88
3519.16; -1179097.3; 130445.99
3520.13; -1361165.7; 129128.93
3521.10; -1515950.5; 127662.09
3522.06; -1663068.4; 126052.91
3523.03; -1786789; 124324.01
3524.00; -1863793.6; 122520.6
3524.97; -1900765.6; 120681.42
3525.93; -1971517.9; 118773.78
3526.90; -2045873; 116794.19
3527.87; -2118107.7; 114744.71
3528.84; -2159866.3; 112654.83
3529.80; -2198063.6; 110527.98
3530.77; -2253133.5; 108347.85
3531.74; -2269072.8; 106152.29
3532.71; -2272799.6; 103953.13
3533.68; -2236639.7; 101788.96
3534.64; -2227181.6; 99633.94
3535.61; -2209645.6; 97495.887
3536.58; -2207983.4; 95359.442
3537.55; -2173423.9; 93256.437
3538.51; -2175989.5; 91150.949
3539.48; -2139806.5; 89080.473
3540.45; -2072473.2; 87075.148
3541.42; -1963702.5; 85175.069
3542.38; -1854642.6; 83380.517
3543.35; -1775833.2; 81662.221
3544.32; -1690613.3; 80026.383
3545.29; -1619712.4; 78459.15
3546.25; -1573885.4; 76936.258
3547.22; -1513287.8; 75472.001
3548.19; -1413829.4; 74103.979
3549.16; -1314861.1; 72831.72
3550.12; -1220102.7; 71651.148
3551.09; -1113861.2; 70573.376
3552.06; -1045058.3; 69562.178
3553.03; -981471.2; 68612.506
3553.99; -948135.68; 67695.09
3554.96; -891326.21; 66832.643
3555.93; -835821.07; 66023.903
3556.90; -774536.31; 65274.461
3557.87; -753772.67; 64545.111
3558.83; -783742.45; 63786.762
3559.80; -830395.08; 62983.271
3560.77; -877454.01; 62134.247
3561.74; -893034.37; 61270.147
3562.70; -952268.72; 60348.732
3563.67; -1087868.3; 59296.11
3564.64; -1270540.9; 58066.735
3565.61; -1442541.5; 56670.932
3566.57; -1642675.6; 55081.479
3567.54; -1868614.9; 53273.407
3568.51; -2113277.1; 51228.6
3569.48; -2367230.3; 48938.068
3570.44; -2588172.1; 46433.753
3571.41; -2754721.7; 43768.284
3572.38; -2948667.9; 40915.153
3573.35; -3174003.5; 37843.987
3574.31; -3391255.4; 34562.609
3575.28; -3534265.4; 31142.853
3576.25; -3641174.7; 27619.653
3577.22; -3785500.1; 23956.803
3578.18; -3922610.4; 20161.285
3579.15; -4088372.3; 16205.376
3580.12; -4252965.5; 12090.207
3581.09; -4322397.6; 7907.8547
3582.06; -4398555.5; 3651.8125
3583.02; -4445695.2; -649.84224
3583.99; -4427750.4; -4934.1335
3584.96; -4384415.3; -9176.4937
3585.93; -4259354.2; -13297.845
3586.89; -4066851.4; -17232.93
3587.86; -3860823.2; -20968.663
3588.83; -3627574.1; -24478.703
3589.80; -3313067.3; -27684.427
3590.76; -3007950.4; -30594.92
3591.73; -2658476.9; -33167.263
3592.70; -2333110.5; -35424.78
3593.67; -1985968.7; -37346.404
3594.63; -1675210.2; -38967.337
3595.60; -1332593.5; -40256.754
3596.57; -953250.16; -41179.119
3597.54; -567242.17; -41727.983
3598.50; -203087.25; -41924.49
3599.47; 185411.34; -41745.086
3600.44; 533820.91; -41228.561
3601.41; 869835.88; -40386.908
3602.37; 1262086.1; -39165.713
3603.34; 1679602.9; -37540.529
3604.31; 2078821.6; -35529.062
3605.28; 2462013.9; -33146.817
3606.25; 2808890; -30428.935
3607.21; 3157949.3; -27373.303
3608.18; 3425220; -24059.06
3609.15; 3656223; -20521.299
3610.12; 3870868.5; -16775.847
3611.08; 4032200.5; -12874.289
3612.05; 4157422.9; -8851.567
3613.02; 4298494; -4692.3443
3613.99; 4361351; -472.30102
3614.95; 4426755.5; 3811.0276
3615.92; 4472173.7; 8138.3029
3616.89; 4473130.9; 12466.504
3617.86; 4468395.7; 16790.124
3618.82; 4491005.3; 21135.621
3619.79; 4549044.8; 25537.277
3620.76; 4625623.8; 30013.03
3621.73; 4693067.8; 34554.043
3622.69; 4698425; 39100.239
3623.66; 4707498.9; 43655.214
3624.63; 4755873; 48256.997
3625.60; 4823983; 52924.683
3626.56; 4883505.1; 57649.963
3627.53; 4918099.1; 62408.715
