#Correlation Depth / fs;  Velocity ACF / pm^2 ps^-2;  Integral / pm^2 ps^-1
0.00; 25671497; 24839.74
0.97; 25491874; 49505.678
1.94; 24956193; 73653.291
2.90; 24074750; 96948.019
3.87; 22864454; 119071.66
4.84; 21348413; 139728.39
5.81; 19555366; 158650.16
6.77; 17518986; 175601.53
7.74; 15277103; 190383.66
8.71; 12870852; 202837.49
9.68; 10343787; 212846.14
10.64; 7740972.8; 220336.31
11.61; 5108083.2; 225278.89
12.58; 2490510.9; 227688.71
13.55; -67486.428; 227623.41
14.51; -2523594.8; 225181.58
15.48; -4838190.6; 220500.14
16.45; -6975015; 213751.12
17.42; -8901766.6; 205137.77
18.38; -10590606; 194890.3
19.35; -12018570; 183261.13
20.32; -13167890; 170519.88
21.29; -14026221; 156948.11
22.25; -14586770; 142833.95
23.22; -14848341; 128466.7
24.19; -14815279; 114131.43
25.16; -14497330; 100103.82
26.13; -13909414; 86645.066
27.09; -13071308; 73997.269
28.06; -12007250; 62379.053
29.03; -10745466; 51981.74
30.00; -9317620.5; 42966.011
30.96; -7758204.2; 35459.172
31.93; -6103866.1; 29553.071
32.90; -4392697.3; 25302.697
33.87; -2663483.2; 22725.511
34.83; -954935.27; 21801.516
35.80; 695081.24; 22474.076
36.77; 2250309.8; 24651.476
37.74; 3676837.9; 28209.184
38.70; 4943789.9; 32992.795
39.67; 6023961.3; 38821.58
40.64; 6894380.4; 45492.583
41.61; 7536783.4; 52785.174
42.57; 7937990; 60465.974
43.54; 8090169.1; 68294.021
44.51; 7990984.1; 76026.098
45.48; 7643613; 83422.057
46.44; 7056640.6; 90250.063
47.41; 6243825.7; 96291.589
48.38; 5223748.7; 101346.09
49.35; 4019351.7; 105235.21
50.32; 2657383.6; 107806.5
51.28; 1167768.4; 108936.43
52.25; -417087.34; 108532.86
53.22; -2063025.8; 106536.67
54.19; -3734892.8; 102922.79
55.15; -5397294.1; 97700.368
56.12; -7015339.2; 90912.326
57.09; -8555354.1; 82634.165
58.06; -9985550.4; 72972.147
59.02; -11276638; 62060.871
59.99; -12402372; 50060.337
60.96; -13340016; 37152.537
61.93; -14070740; 23537.689
62.89; -14579911; 9430.1669
63.86; -14857320; -4945.7761
64.83; -14897306; -19360.41
65.80; -14698806; -33582.975
66.76; -14265324; -47386.102
67.73; -13604814; -60550.119
68.70; -12729499; -72867.183
69.67; -11655615; -84145.156
70.63; -10403077; -94211.174
71.60; -8995098.5; -102914.83
72.57; -7457736; -110130.94
73.54; -5819389.6; -115761.78
74.51; -4110254; -119738.86
75.47; -2361733.8; -122024.07
76.44; -605833.36; -122610.28
77.41; 1125467.9; -121521.27
78.38; 2800840.8; -118811.18
79.34; 4390221.4; -114563.2
80.31; 5865400.5; -108887.84
81.28; 7200578.5; -101920.56
82.25; 8372870.5; -93818.972
83.21; 9362752.1; -84759.573
84.18; 10154436; -74934.141
85.15; 10736166; -64545.827
86.12; 11100433; -53805.047
87.08; 11244086; -42925.269
88.05; 11168362; -32118.762
89.02; 10878811; -21592.424
89.99; 10385135; -11543.767
90.95; 9700934.2; -2157.1434
91.92; 8843371.9; 6399.7033
92.89; 7832771.6; 13978.693
93.86; 6692147.6; 20454.015
94.82; 5446690.8; 25724.233
95.79; 4123217.2; 29713.858
96.76; 2749595.7; 32374.367
97.73; 1354167.1; 33684.659
98.70; -34830.624; 33650.957
99.66; -1389819; 32306.168
100.63; -2684404.6; 29708.738
101.60; -3893864.4; 25941.035
102.57; -4995581.2; 21107.311
103.53; -5969423.2; 15331.297
104.50; -6798061.6; 8753.4922
105.47; -7467223.1; 1528.2071
106.44; -7965876.6; -6179.5751
107.40; -8286353.4; -14197.451
108.37; -8424403.9; -22348.904
109.34; -8379191.8; -30456.61
110.31; -8153230.6; -38345.676
111.27; -7752265.3; -45846.768
112.24; -7185105.7; -52799.076
113.21; -6463413.2; -59053.074
114.18; -5601450.2; -64473.038
115.14; -4615792.3; -68939.278
116.11; -3525011.1; -72350.079
117.08; -2349330; -74623.291
118.05; -1110257.4; -75697.576
119.01; 169796.45; -75533.281
119.98; 1467914.3; -74112.927
120.95; 2761072.5; -71441.313
121.92; 4026541.7; -67545.232
122.89; 5242280.5; -62472.801
123.85; 6387315.6; -56292.434
124.82; 7442101.9; -49091.457
125.79; 8388857; -40974.398
126.76; 9211862; -32061.001
127.72; 9897725.1; -22483.962
128.69; 10435601; -12386.474
129.66; 10817361; -1919.5958
130.63; 11037712; 8760.4945
131.59; 11094255; 19495.295
132.56; 10987487; 30126.788
133.53; 10720744; 40500.18
134.50; 10300090; 50466.547
135.46; 9734142.6; 59885.303
136.43; 9033869; 68626.475
137.40; 8212324.9; 76572.72
138.37; 7284368.6; 83621.075
139.33; 6266345.8; 89684.391
140.30; 5175756.6; 94692.454
141.27; 4030912.1; 98592.764
142.24; 2850587.7; 101350.99
143.20; 1653681.6; 102951.1
144.17; 458884.97; 103395.11
145.14; -715629.93; 102702.67
146.11; -1852496.6; 100910.19
147.08; -2935412.3; 98069.888
148.04; -3949363.7; 94248.484
149.01; -4880816.6; 89525.806
149.98; -5717869.7; 83993.195
150.95; -6450372.2; 77751.815
151.91; -7070005.5; 70910.877
152.88; -7570332; 63585.824
153.85; -7946812.9; 55896.488
154.82; -8196798.1; 47965.266
155.78; -8319491.4; 39915.326
156.75; -8315893.9; 31868.867
157.72; -8188728.4; 23945.454
158.69; -7942349; 16260.437
159.65; -7582635.7; 8923.4785
160.62; -7116879.6; 2037.1858
161.59; -6553658.1; -4304.1338
162.56; -5902702.3; -10015.588
163.52; -5174757.8; -15022.684
164.49; -4381439.3; -19262.165
165.46; -3535078.8; -22682.707
166.43; -2648567.7; -25245.461
167.39; -1735194.3; -26924.435
168.36; -808475.31; -27706.716
169.33; 118016.79; -27592.523
170.30; 1030829.8; -26595.092
171.27; 1916809.9; -24740.387
172.23; 2763279.1; -22066.638
173.20; 3558211.1; -18623.713
174.17; 4290399.8; -14472.322
175.14; 4949620.5; -9683.069
176.10; 5526776.9; -4335.3597
177.07; 6014033.5; 1483.8191
178.04; 6404928.5; 7681.2279
179.01; 6694464.8; 14158.792
179.97; 6879178.9; 20815.086
180.94; 6957183.8; 27546.857
181.91; 6928188.6; 34250.572
182.88; 6793491.3; 40823.954
183.84; 6555948; 47167.489
184.81; 6219918.9; 53185.883
185.78; 5791192.4; 58789.441
186.75; 5276888.8; 63895.358
187.71; 4685347.2; 68428.9
188.68; 4025996.1; 72324.454
189.65; 3309211.8; 75526.447
190.62; 2546165.6; 77990.117
191.58; 1748663.2; 79682.124
192.55; 928977.89; 80581.003
193.52; 99678.158; 80677.451
194.49; -726546.23; 79974.445
195.46; -1537059.8; 78487.186
196.42; -2319456.2; 76242.88
197.39; -3061731.4; 73280.349
198.36; -3752453.1; 69649.475
199.33; -4380926.3; 65410.491
200.29; -4937352.2; 60633.109
201.26; -5412979.3; 55395.51
202.23; -5800245.4; 49783.193
203.20; -6092907.8; 43887.695
204.16; -6286159.5; 37805.207
205.13; -6376730.6; 31635.083
206.10; -6362971.6; 25478.272
207.07; -6244916.7; 19435.69
208.03; -6024326; 13606.552
209.00; -5704702.5; 8086.6822
209.97; -5291283.3; 2966.8365
210.94; -4791002.5; -1668.9375
211.90; -4212423.2; -5744.8783
212.87; -3565638.4; -9194.99
213.84; -2862139.3; -11964.396
214.81; -2114651.8; -14010.533
215.77; -1336942.7; -15304.159
216.74; -543597.04; -15830.143
217.71; 250228.9; -15588.022
218.68; 1029076; -14592.288
219.65; 1777466.6; -12872.411
220.61; 2480198.9; -10472.571
221.58; 3122645.8; -7451.0986
222.55; 3691050.6; -3879.6381
223.52; 4172813.3; 157.97606
224.48; 4556760.7; 4567.0977
225.45; 4833393.3; 9243.889
226.42; 4995103.5; 14077.151
227.39; 5036359.3; 18950.332
228.35; 4953849.7; 23743.677
229.32; 4746587.3; 28336.475
230.29; 4415966.1; 32609.364
231.26; 3965774.4; 36446.647
232.22; 3402160.3; 39738.578
233.19; 2733552.5; 42383.563
234.16; 1970537; 44290.255
235.13; 1125692.6; 45379.475
236.09; 213386.77; 45585.948
237.06; -750463.09; 44859.8
238.03; -1748659.6; 43167.797
239.00; -2763021.4; 40494.297
239.96; -3774700.4; 36841.897
240.93; -4764515.2; 32231.752
241.90; -5713294.3; 26703.569
242.87; -6602224.5; 20315.256
243.84; -7413198; 13142.246
244.80; -8129152.2; 5276.4782
245.77; -8734396.7; -3174.9241
246.74; -9214923.3; -12091.284
247.71; -9558690.5; -21340.273
248.67; -9755881.2; -30780.063
249.64; -9799124.7; -40261.696
250.61; -9683681.2; -49631.626
251.58; -9407583.4; -58734.404
252.54; -8971732.4; -67415.452
253.51; -8379944.8; -75523.887
254.48; -7638949.2; -82915.334
255.45; -6758328.7; -89454.693
256.41; -5750409.8; -95018.79
257.38; -4630095.9; -99498.87
258.35; -3414648.4; -102802.88
259.32; -2123414.2; -104857.5
260.28; -777505.58; -105609.81
261.25; 600565.62; -105028.71
262.22; 1987293.1; -103105.8
263.19; 3358613.6; -99856.007
264.15; 4690369.4; -95317.606
265.12; 5958785.3; -89551.885
266.09; 7140950.4; -82642.302
267.06; 8215292.6; -74693.185
268.03; 9162035.4; -65827.999
268.99; 9963624.1; -56187.197
269.96; 10605112; -45925.69
270.93; 11074496; -35210.007
271.90; 11362991; -24215.177
272.86; 11465237; -13121.414
273.83; 11379434; -2110.6734
274.80; 11107402; 8636.8488
275.77; 10654556; 18946.197
276.73; 10029810; 28651.041
277.70; 9245406.2; 37596.896
278.67; 8316668.6; 45644.105
279.64; 7261702.6; 52670.528
280.60; 6101033.8; 58573.889
281.57; 4857204.5; 63273.72
282.54; 3554334.1; 66712.894
283.51; 2217652.8; 68858.694
284.47; 873019.01; 69703.428
285.44; -453571.55; 69264.552
286.41; -1736475.8; 67584.338
287.38; -2950883.9; 64729.063
288.34; -4073283.2; 60787.754
289.31; -5081897.2; 55870.51
290.28; -5957093.9; 50106.426
291.25; -6681754.8; 43641.16
292.22; -7241601.7; 36634.186
293.18; -7625472.5; 29255.779
294.15; -7825544.3; 21683.782
295.12; -7837497.6; 14100.22
296.09; -7660620.7; 6687.8031
297.05; -7297850.4; -373.59692
298.02; -6755748.3; -6910.4589
298.99; -6044411.8; -12759.032
299.96; -5177319.2; -17768.606
300.92; -4171109.6; -21804.572
301.89; -3045298.8; -24751.203
302.86; -1821935.8; -26514.108
303.83; -525203.61; -27022.295
304.79; 819029.57; -26229.802
305.76; 2183701.3; -24116.852
306.73; 3541079.2; -20690.504
307.70; 4863310.2; -15984.765
308.66; 6122981.6; -10060.168
309.63; 7293684.5; -3002.7991
310.60; 8350564.7; 5077.2073
311.57; 9270850.5; 14047.682
312.53; 10034342; 23756.911
313.50; 10623850; 34036.548
314.47; 11025578; 44704.897
315.44; 11229422; 55570.486
316.41; 11229202; 66435.862
317.37; 11022795; 77101.518
318.34; 10612187; 87369.87
319.31; 10003429; 97049.187
320.28; 9206504.3; 105957.4
321.24; 8235112.6; 113925.7
322.21; 7106373.9; 120801.82
323.18; 5840466.5; 126453.06
324.15; 4460205; 130768.75
325.11; 2990570.8; 133662.43
326.08; 1458205.6; 135073.39
327.05; -109120.84; 134967.8
328.02; -1683055.7; 133339.28
328.98; -3235212.5; 130208.89
329.95; -4737713.1; 125624.68
330.92; -6163712.1; 119660.67
331.89; -7487896.7; 112415.38
332.85; -8686949.8; 104009.89
333.82; -9739973.3; 94585.489
334.79; -10628861; 84301.003
335.76; -11338620; 73329.754
336.72; -11857633; 61856.308
337.69; -12177859; 50073.011
338.66; -12294971; 38176.397
339.63; -12208429; 26363.521
340.60; -11921483; 14828.294
341.56; -11441113; 3757.8735
342.53; -10777901; -6670.8236
343.50; -9945836.5; -16294.415
344.47; -8962060; -24966.104
345.43; -7846547.1; -32558.423
346.40; -6621735.9; -38965.615
347.37; -5312103.9; -44105.607
348.34; -3943702; -47921.533
349.30; -2543652.2; -50382.771
350.27; -1139618.5; -51485.465
351.24; 240738.64; -51252.527
352.21; 1570313.4; -49733.091
353.17; 2823100; -47001.46
354.14; 3974720.4; -43155.52
355.11; 5002921.6; -38314.693
356.08; 5888033; -32617.433
357.04; 6613370.7; -26218.335
358.01; 7165580.8; -19284.919
358.98; 7534911.7; -11994.139
359.95; 7715409.3; -4528.7086
360.91; 7705030; 2926.6785
361.88; 7505667.9; 10189.163
362.85; 7123096.5; 17081.471
363.82; 6566825.8; 23435.532
364.79; 5849879.8; 29095.875
365.75; 4988500.6; 33922.748
366.72; 4001787.4; 37794.878
367.69; 2911279.2; 40611.832
368.66; 1740494; 42295.934
369.62; 514432.66; 42793.699
370.59; -740937.47; 42076.768
371.56; -1999210.6; 40142.331
372.53; -3234068.9; 37013.046
373.49; -4419797.2; 32736.451
374.46; -5531776.8; 27383.903
375.43; -6546948; 21049.076
376.40; -7444233.4; 13846.036
377.36; -8204916.9; 5906.9586
378.33; -8812970.8; -2620.472
379.30; -9255329.9; -11575.929
380.27; -9522108.7; -20789.522
381.23; -9606760.8; -30085.023
382.20; -9506179.4; -39283.202
383.17; -9220739.6; -48205.19
384.14; -8754281.5; -56675.833
385.10; -8114034.3; -64526.972
386.07; -7310483.1; -71600.596
387.04; -6357177.9; -77751.801
388.01; -5270487.8; -82851.525
388.98; -4069303.2; -86788.983
389.94; -2774691.2; -89473.774
390.91; -1409507; -90837.613
391.88; 2028.2699; -90835.651
392.85; 1434780.4; -89447.357
393.81; 2863173.4; -86676.951
394.78; 4261672.5; -82553.356
395.75; 5605268.9; -77129.698
396.72; 6869956.8; -70482.328
397.68; 8033192.8; -62709.41
398.65; 9074328.9; -53929.09
399.62; 9975008.8; -44277.271
400.59; 10719519; -33905.064
401.55; 11295090; -22975.936
402.52; 11692129; -11662.632
403.49; 11904401; -143.93397
404.46; 11929128; 11398.69
405.42; 11767025; 22784.464
406.39; 11422256; 33836.639
407.36; 10902327; 44385.731
408.33; 10217902; 54272.573
409.29; 9382559.4; 63351.137
410.26; 8412492.7; 71491.065
411.23; 7326156.8; 78579.854
412.20; 6143877.4; 84524.67
413.17; 4887428.5; 89253.746
414.13; 3579590.3; 92717.357
415.10; 2243695.8; 94888.357
416.07; 903178.72; 95762.273
417.04; -418869.61; 95356.975
418.00; -1700125; 93711.934
418.97; -2919428.2; 90887.095
419.94; -4057149.4; 86961.397
420.91; -5095513.2; 82030.979
421.87; -6018880.2; 76207.11
422.84; -6813980.7; 69613.903
423.81; -7470100; 62385.834
424.78; -7979213.5; 54665.147
425.74; -8336070.7; 46599.165
426.71; -8538231; 38337.573
427.68; -8586050.4; 30029.71
428.65; -8482622.3; 21821.925
429.61; -8233673.9; 13855.022
430.58; -7847420; 6261.8584
431.55; -7334377.5; -834.88528
432.52; -6707144.1; -7324.7179
433.48; -5980143; -13111.104
434.45; -5169338.9; -18112.957
435.42; -4291928.9; -22265.827
436.39; -3366013.1; -25522.781
437.36; -2410251; -27854.94
438.32; -1443509.7; -29251.68
439.29; -484509.78; -29720.492
440.26; 448523.27; -29286.501
441.23; 1338196.3; -27991.662
442.19; 2168267.6; -25893.646
443.16; 2923942.3; -23064.44
444.13; 3592137.2; -19588.688
445.10; 4161711.9; -15561.815
446.06; 4623660.4; -11087.961
447.03; 4971258.9; -6277.7713
448.00; 5200167.5; -1246.0892
448.97; 5308482.3; 3890.3982
449.93; 5296737.6; 9015.5215
450.90; 5167857.9; 14015.941
451.87; 4927060.7; 18783.365
452.84; 4581714; 23216.631
453.80; 4141150.7; 27223.609
454.77; 3616447.7; 30722.883
455.74; 3020173.2; 33645.203
456.71; 2366109; 35934.65
457.67; 1668955.5; 37549.531
458.64; 944024.9; 38462.97
459.61; 206930.06; 38663.195
460.58; -526723.7; 38153.538
461.55; -1241639.1; 36952.128
462.51; -1923113.2; 35091.323
463.48; -2557305.1; 32616.875
464.45; -3131480.1; 29586.855
465.42; -3634227.4; 26070.376
466.38; -4055649.1; 22146.13
467.35; -4387516.4; 17900.769
468.32; -4623394.1; 13427.173
469.29; -4758729.9; 8822.626
470.25; -4790910; 4186.9415
471.22; -4719279.6; -379.43348
472.19; -4545130.6; -4777.3018
473.16; -4271655.5; -8910.5557
474.12; -3903871.8; -12687.942
475.09; -3448515.6; -16024.726
476.06; -2913909.5; -18844.225
477.03; -2309804.2; -21079.191
477.99; -1647198.6; -22673.021
478.96; -938138.74; -23580.764
479.93; -195499.67; -23769.929
480.90; 567246.09; -23221.062
481.86; 1336270.7; -21928.086
482.83; 2097639.6; -19898.41
483.80; 2837561.6; -17152.785
484.77; 3542638.2; -13724.929
485.74; 4200104.6; -9660.9075
486.70; 4798060.4; -5018.3043
487.67; 5325683.1; 134.82666
488.64; 5773421.9; 5721.1897
489.61; 6133166.1; 11655.641
490.57; 6398385.5; 17846.719
491.54; 6564240.3; 24198.278
492.51; 6627657.2; 30611.199
493.48; 6587371.6; 36985.14
494.44; 6443935.1; 43220.291
495.41; 6199687.6; 49219.109
496.38; 5858697.6; 54887.985
497.35; 5426668.9; 60138.83
498.31; 4910820.3; 64890.539
499.28; 4319737.6; 69070.317
500.25; 3663204.8; 72614.834
501.22; 2952016.2; 75471.205
502.18; 2197774.7; 77597.772
503.15; 1412679.8; 78964.681
504.12; 609311.23; 79554.251
505.09; -199590.39; 79361.127
506.05; -1001338.8; 78392.232
507.02; -1783512.4; 76666.505
507.99; -2534153.9; 74214.458
508.96; -3241959.2; 71077.538
509.93; -3896449.4; 67307.334
510.89; -4488126.2; 62964.623
511.86; -5008608.5; 58118.293
512.83; -5450747.3; 52844.15
513.80; -5808720.3; 47223.632
514.76; -6078104.2; 41342.459
515.73; -6255924.8; 35289.226
516.70; -6340684.3; 29153.98
517.67; -6332366.8; 23026.781
518.63; -6232421.7; 16996.29
519.60; -6043726.5; 11148.38
520.57; -5770528.3; 5564.8172
521.54; -5418366.7; 322.00554
522.50; -4993978; -4510.1676
523.47; -4505182.4; -8869.382
524.44; -3960756.3; -12701.81
525.41; -3370290.7; -15962.903
526.37; -2744036.9; -18618.033
527.34; -2092743.2; -20642.972
528.31; -1427483; -22024.204
529.28; -759476.75; -22759.074
530.24; -99912.006; -22855.749
531.21; 540238.12; -22333.014
532.18; 1150393.3; -21219.894
533.15; 1720538.7; -19555.1
534.12; 2241389; -17386.332
535.08; 2704540.3; -14769.419
536.05; 3102606.7; -11767.337
537.02; 3429340.3; -8449.1073
537.99; 3679730.2; -4888.6004
538.95; 3850081.5; -1163.2616
539.92; 3938071.3; 2647.2162
540.89; 3942781.4; 6462.2515
541.86; 3864705.6; 10201.741
542.82; 3705733; 13787.408
543.79; 3469105.2; 17144.114
544.76; 3159350.9; 20201.102
545.73; 2782197.1; 22893.156
546.69; 2344461.7; 25161.657
547.66; 1853928.5; 26955.518
548.63; 1319207.5; 28231.984
549.60; 749584.43; 28957.281
550.56; 154860.79; 29107.125
551.53; -454811.12; 28667.049
552.50; -1069096.2; 27632.592
553.47; -1677644.5; 26009.303
554.43; -2270256.3; 23812.603
555.40; -2837042.5; 21067.481
556.37; -3368577; 17808.046
557.34; -3856039.3; 14076.942
558.31; -4291345.7; 9924.6359
559.27; -4667267.1; 5408.5883
560.24; -4977532.8; 592.32757
561.21; -5216919.1; -4455.5633
562.18; -5381321.8; -9662.5303
563.14; -5467811.8; -14953.185
564.11; -5474671.9; -20250.478
565.08; -5401416.2; -25476.888
566.05; -5248790.9; -30555.618
567.01; -5018756.3; -35411.767
567.98; -4714451.6; -39973.47
568.95; -4340141.5; -44172.991
569.92; -3901146.7; -47947.74
570.88; -3403758.6; -51241.217
571.85; -2855139.3; -54003.85
572.82; -2263209.1; -56193.731
573.79; -1636521.6; -57777.229
574.75; -984129.79; -58729.473
575.72; -315443.55; -59034.697
576.69; 359918.77; -58686.439
577.66; 1032282.5; -57687.603
578.62; 1692070.1; -56050.356
579.59; 2329954.2; -53795.892
580.56; 2937005.7; -50954.045
581.53; 3504836.8; -47562.765
582.50; 4025734.6; -43667.464
583.46; 4492784.2; -39320.247
584.43; 4899978.5; -34579.027
585.40; 5242312.7; -29506.565
586.37; 5515860.9; -24169.418
587.33; 5717834.7; -18636.842
588.30; 5846621.6; -12979.65
589.27; 5901803; -7269.066
590.24; 5884150.5; -1575.5619
591.20; 5795602; 4032.2626
592.17; 5639217; 9488.769
593.14; 5419112.9; 14732.303
594.11; 5140383.5; 19706.138
595.07; 4809001.5; 24359.328
596.04; 4431706.8; 28647.447
597.01; 4015882.7; 32533.215
597.98; 3569422.6; 35986.989
598.94; 3100590.4; 38987.12
599.91; 2617875; 41520.176
600.88; 2129844.1; 43581.013
601.85; 1644997.4; 45172.712
602.81; 1171623.1; 46306.375
603.78; 717658.32; 47000.781
604.75; 290558.03; 47281.925
605.72; -102828.69; 47182.428
606.69; -456370.75; 46740.843
607.65; -764755.14; 46000.866
608.62; -1023573.2; 45010.457
609.59; -1229391.9; 43820.897
610.56; -1379808; 42485.795
611.52; -1473485; 41060.051
612.49; -1510171.9; 39598.809
613.46; -1490703.2; 38156.404
614.43; -1416981; 36785.334
615.39; -1291937.6; 35535.255
616.36; -1119482.1; 34452.044
617.33; -904428.32; 33576.919
618.30; -652408.88; 32945.648
619.26; -369773.2; 32587.856
620.23; -63473.412; 32526.439
621.20; 259061.08; 32777.106
622.17; 590058.28; 33348.047
623.13; 921545.25; 34239.734
624.10; 1245494.6; 35444.874
625.07; 1553973.3; 36948.499
626.04; 1839291.1; 38728.197
627.00; 2094146.2; 40754.493
627.97; 2311764.7; 42991.357
628.94; 2486032; 45396.841
629.91; 2611612.9; 47923.838
630.88; 2684058.7; 50520.933
631.84; 2699898; 53133.354
632.81; 2656711.1; 55703.988
633.78; 2553184.9; 58174.45
634.75; 2389148.3; 60486.189
635.71; 2165586.5; 62581.611
636.68; 1884634.7; 64405.183
637.65; 1549550.5; 65904.529
638.62; 1164665.8; 67031.459
639.58; 735318.09; 67742.953
640.55; 267762.9; 68002.04
641.52; -230930.77; 67778.592
642.49; -753000.86; 67049.988
643.45; -1290125.1; 65801.663
644.42; -1833564.6; 64027.506
645.39; -2374314.6; 61730.119
646.36; -2903261.8; 58920.923
647.32; -3411343.3; 55620.107
648.29; -3889705.2; 51856.429
649.26; -4329859.3; 47666.857
650.23; -4723833.7; 43096.075
651.19; -5064316.8; 38195.842
652.16; -5344790.7; 33024.223
653.13; -5559653.7; 27644.702
654.10; -5704327.5; 22125.195
655.07; -5775349.7; 16536.966
656.03; -5770447.6; 10953.481
657.00; -5688594.8; 5449.1968
657.97; -5530046.4; 98.323957
658.94; -5296353.8; -5026.428
659.90; -4990358.2; -9855.0986
660.87; -4616161.6; -14321.696
661.84; -4179075.9; -18365.37
662.81; -3685551.3; -21931.51
663.77; -3143082.2; -24972.756
664.74; -2560093.9; -27449.903
665.71; -1945810.4; -29332.669
666.68; -1310105.3; -30600.327
667.64; -663338.74; -31242.174
668.61; -16182.752; -31257.832
669.58; 620562.49; -30657.376
670.55; 1236157.4; -29461.27
671.51; 1820114.2; -27700.127
672.48; 2362387.3; -25414.281
673.45; 2853559; -22653.178
674.42; 3285016; -19474.596
675.38; 3649115; -15943.713
676.35; 3939330.6; -12132.016
677.32; 4150385.2; -8116.1037
678.29; 4278357; -3976.3654
679.26; 4320764.1; 204.40589
680.22; 4276622.2; 4342.4656
681.19; 4146476.1; 8354.5958
682.16; 3932401.6; 12159.588
683.13; 3637980.3; 15679.697
684.09; 3268244.2; 18842.05
685.06; 2829594.4; 21579.966
686.03; 2329692.3; 23834.176
687.00; 1777327.9; 25553.919
687.96; 1182266.8; 26697.88
688.93; 555079.56; 27234.975
689.90; -93043.187; 27144.947
690.87; -750486.1; 26418.776
691.83; -1405412.1; 25058.9
692.80; -2045968.6; 23079.22
693.77; -2660494.6; 20504.926
694.74; -3237723.8; 17372.104
695.70; -3766981.3; 13727.173
696.67; -4238371.6; 9626.1247
697.64; -4642952.1; 5133.6043
698.61; -4972893.3; 321.83273
699.57; -5221618.6; -4730.6054
700.54; -5383926; -9940.0923
701.51; -5456085.8; -15219.401
702.48; -5435914.7; -20479.192
703.45; -5322824.4; -25629.557
704.41; -5117843.1; -30581.582
705.38; -4823609.8; -35248.907
706.35; -4444341.8; -39549.252
707.32; -3985773.7; -43405.886
708.28; -3455070.1; -46749.012
709.25; -2860711.2; -49517.036
710.22; -2212354.1; -51657.71
711.19; -1520671.5; -53129.112
712.15; -797169.39; -53900.453
713.12; -53988.799; -53952.693
714.09; 696307.46; -53278.945
715.06; 1440958.2; -51884.674
716.02; 2167234.6; -49787.658
716.99; 2862672.9; -47017.736
717.96; 3515306.8; -43616.325
718.93; 4113892.3; -39635.723
719.89; 4648123; -35138.199
720.86; 5108830.5; -30194.895
721.83; 5488164.4; -24884.547
722.80; 5779750.3; -19292.06
723.76; 5978818.9; -13506.955
724.73; 6082306.4; -7621.7154
725.70; 6088921; -1730.0755
726.67; 5999174.6; 4074.7258
727.64; 5815378.7; 9701.6862
728.60; 5541603.7; 15063.742
729.57; 5183603.6; 20079.397
730.54; 4748706.5; 24674.245
731.51; 4245674.5; 28782.36
732.47; 3684534.1; 32347.515
733.44; 3076382.5; 35324.223
734.41; 2433173.8; 37678.562
735.38; 1767490.1; 39388.785
736.34; 1092301.1; 40445.696
737.31; 420719.01; 40852.784
738.28; -234249.5; 40626.124
739.25; -859946.74; 39794.039
740.21; -1444301.1; 38396.533
741.18; -1976052.6; 36484.505
742.15; -2444962.8; 34118.759
743.12; -2842006.2; 31368.834
744.08; -3159539.5; 28311.663
745.05; -3391445.3; 25030.101
746.02; -3533248.2; 21611.33
746.99; -3582201.6; 18145.192
747.95; -3537343.1; 14722.458
748.92; -3399518.1; 11433.085
749.89; -3171370.6; 8364.4666
750.86; -2857300.9; 5599.7422
751.83; -2463391.3; 3216.1648
752.79; -1997299.6; 1283.5777
753.76; -1468122.6; -136.97773
754.73; -886231.47; -994.4953
755.70; -263081.78; -1249.0532
756.66; 388999.79; -872.65703
757.63; 1057046.9; 150.14154
758.60; 1727699.9; 1821.864
759.57; 2387462.4; 4131.9725
760.53; 3022962.8; 7056.9913
761.50; 3621216.7; 10560.881
762.47; 4169883.4; 14595.66
763.44; 4657512.1; 19102.269
764.40; 5073772; 24011.65
765.37; 5409661.2; 29246.038
766.34; 5657690; 34720.419
767.31; 5812034.4; 40344.144
768.27; 5868656.7; 46022.656
769.24; 5825388.7; 51659.302
770.21; 5681978.5; 57157.185
771.18; 5440096.6; 62421.022
772.14; 5103303; 67358.978
773.11; 4676976.4; 71884.42
774.08; 4168205.4; 75917.576
775.05; 3585646.5; 79387.047
776.02; 2939350.9; 82231.163
776.98; 2240564.7; 84399.134
777.95; 1501505.9; 85851.991
778.92; 735123.92; 86563.297
779.89; -45154.754; 86519.605
780.85; -825688.54; 85720.669
781.82; -1592885.1; 84179.393
782.79; -2333462.5; 81921.535
783.76; -3034700.9; 78985.158
784.72; -3684680.8; 75419.861
785.69; -4272503.5; 71285.787
786.66; -4788489.7; 66652.444
787.63; -5224355; 61597.358
788.59; -5573357.3; 56204.578
789.56; -5830415.6; 50563.068
790.53; -5992197.3; 44765.017
791.50; -6057172.2; 38904.098
792.46; -6025633.4; 33073.695
793.43; -5899683.5; 27365.161
794.40; -5683187.5; 21866.109
795.37; -5381692.4; 16658.783
796.33; -5002316.7; 11818.542
797.30; -4553609.5; 7412.469
798.27; -4045383.5; 3498.1559
799.24; -3488522.6; 122.6615
800.21; -2894769.8; -2678.3177
801.17; -2276497.3; -4881.0565
802.14; -1646464.3; -6474.1753
803.11; -1017566.5; -7458.7726
804.08; -402581.46; -7848.3104
805.04; 186083.79; -7668.2558
806.01; 736639.32; -6955.4836
806.98; 1238146.3; -5757.4532
807.95; 1680734.2; -4131.1748
808.91; 2055796.5; -2141.9861
809.88; 2356160.4; 137.83468
810.85; 2576227.1; 2630.592
811.82; 2712079.3; 5254.8
812.78; 2761553.9; 7926.8795
813.75; 2724278.1; 10562.891
814.72; 2601667.3; 13080.264
815.69; 2396887.1; 15399.492
816.65; 2114777.3; 17445.751
817.62; 1761742.6; 19150.413
818.59; 1345611.4; 20452.426
819.56; 875466.25; 21299.528
820.52; 361449.27; 21649.266
821.49; -185451.9; 21469.823
822.46; -753634.19; 20740.606
823.43; -1331119.1; 19452.615
824.40; -1905798; 17608.565
825.36; -2465676.4; 15222.777
826.33; -2999112.9; 12320.835
827.30; -3495047; 8939.0276
828.27; -3943211.9; 5123.5758
829.23; -4334328.1; 929.67989
830.20; -4660275; -3579.6022
831.17; -4914237.2; -8334.6182
832.14; -5090823.7; -13260.499
833.10; -5186158.7; -18278.626
834.07; -5197941.9; -23308.155
835.04; -5125478.6; -28267.568
836.01; -4969678.8; -33076.229
836.97; -4733025.6; -37655.905
837.94; -4419513.7; -41932.226
838.91; -4034558.6; -45836.065
839.88; -3584880.1; -49304.795
840.84; -3078360.2; -52283.417
841.81; -2523880.4; -54725.523
842.78; -1931141.2; -56594.095
843.75; -1310465.9; -57862.102
844.71; -672595.79; -58512.906
845.68; -28477.348; -58540.461
846.65; 610951.65; -57949.304
847.62; 1234974.3; -56754.343
848.59; 1833300.5; -54980.441
849.55; 2396261.9; -52661.818
850.52; 2914993.6; -49841.27
851.49; 3381597.1; -46569.237
852.46; 3789282.9; -42902.727
853.42; 4132488.8; -38904.131
854.39; 4406972.3; -34639.944
855.36; 4609875.5; -30179.429
856.33; 4739761; -25593.236
857.29; 4796618.1; -20952.028
858.26; 4781840; -16325.12
859.23; 4698171.8; -11779.169
860.20; 4549631.4; -7376.9453
861.16; 4341405.3; -3176.2015
862.13; 4079722.4; 771.3379
863.10; 3771708.7; 4420.8432
864.07; 3425225.9; 7735.0918
865.03; 3048698.1; 10685.012
866.00; 2650929.8; 13250.052
866.97; 2240919.9; 15418.366
867.94; 1827675.6; 17186.825
868.90; 1420029.6; 18560.845
869.87; 1026465.3; 19554.053
870.84; 654952.7; 20187.785
871.81; 312798.3; 20490.449
872.78; 6511.4465; 20496.75
873.74; -258310.27; 20246.809
874.71; -477074.81; 19785.191
875.68; -646267.2; 19159.863
876.65; -763498.08; 18421.102
877.61; -827528.87; 17620.385
878.58; -838273.95; 16809.271
879.55; -796780.1; 16038.307
880.52; -705184.06; 15355.971
881.48; -566649.25; 14807.681
882.45; -385283.1; 14434.881
883.42; -166037.16; 14274.223
884.39; 85407.366; 14356.864
885.35; 362766.35; 14707.876
886.32; 659288.83; 15345.804
887.29; 967900.05; 16282.344
888.26; 1281348.1; 17522.177
889.22; 1592351.4; 19062.936
890.19; 1893743.7; 20895.322
891.16; 2178613.5; 23003.349
892.13; 2440436.6; 25364.715
893.09; 2673197; 27951.301
894.06; 2871496.2; 30729.761
895.03; 3030647.7; 33662.215
896.00; 3146755.5; 36707.016
896.97; 3216775; 39819.567
897.93; 3238555.8; 42953.194
898.90; 3210866.1; 46060.028
899.87; 3133397.9; 49091.904
900.84; 3006755.1; 52001.24
901.80; 2832422.9; 54741.893
902.77; 2612722.2; 57269.963
903.74; 2350748.8; 59544.547
904.71; 2050299.7; 61528.417
905.67; 1715789; 63188.615
906.64; 1352154.1; 64496.959
907.61; 964755.52; 65430.456
908.58; 559272.37; 65971.608
909.54; 141595.81; 66108.616
910.51; -282277.3; 65835.485
911.48; -706348.14; 65152.022
912.45; -1124715.2; 64063.748
913.41; -1531667; 62581.707
914.38; -1921767.1; 60722.205
915.35; -2289930; 58506.469
916.32; -2631487.6; 55960.242
917.28; -2942244.7; 53113.326
918.25; -3218525.3; 49999.08
919.22; -3457206.7; 46653.887
920.19; -3655744.4; 43116.589
921.16; -3812186.4; 39427.917
922.12; -3925177.8; 35629.915
923.09; -3993956.5; 31765.363
924.06; -4018340.5; 27877.217
925.03; -3998707.6; 24008.067
925.99; -3935968.2; 20199.624
926.96; -3831533.3; 16492.233
927.93; -3687277; 12924.424
928.90; -3505495.2; 9532.5065
929.86; -3288863.2; 6350.2024
930.83; -3040390.5; 3408.3206
931.80; -2763375.6; 734.47833
932.77; -2461361.1; -1647.1346
933.73; -2138088.3; -3715.9489
934.70; -1797454.1; -5455.1655
935.67; -1443468.6; -6851.8657
936.64; -1080214.4; -7897.0812
937.60; -711808.66; -8585.8272
938.57; -342365.51; -8917.1001
939.54; 24038.163; -8893.8408
940.51; 383395.66; -8522.8671
941.47; 731800.96; -7814.7765
942.44; 1065477.6; -6783.8204
943.41; 1380806; -5447.7525
944.38; 1674350.2; -3827.6513
945.35; 1942883.1; -1947.7176
946.31; 2183412.1; 164.95194
947.28; 2393203.8; 2480.616
948.25; 2569808.8; 4967.163
949.22; 2711086.4; 7590.4102
950.18; 2815228.8; 10314.426
951.15; 2880784.9; 13101.873
952.12; 2906683.3; 15914.38
953.09; 2892252.8; 18712.924
954.05; 2837240.9; 21458.238
955.02; 2741830.1; 24111.233
955.99; 2606649.7; 26633.427
956.96; 2432784.1; 28987.389
957.92; 2221775.9; 31137.179
958.89; 1975624.5; 33048.794
959.86; 1696779.1; 34690.597
960.83; 1388126.6; 36033.748
961.79; 1052973.3; 37052.605
962.76; 695020.22; 37725.107
963.73; 318332.69; 38033.126
964.70; -72697.435; 37962.784
965.66; -473395.28; 37504.726
966.63; -878852.78; 36654.348
967.60; -1283984.4; 35411.965
968.57; -1683588; 33782.925
969.54; -2072411.6; 31777.66
970.50; -2445222.8; 29411.662
971.47; -2796883.6; 26705.398
972.44; -3122426.7; 23684.138
973.41; -3417132.2; 20377.72
974.37; -3676605.4; 16820.237
975.34; -3896851.6; 13049.644
976.31; -4074348.9; 9107.3036
977.28; -4206117.1; 5037.4647
978.24; -4289780.6; 886.67292
979.21; -4323624.1; -3296.8658
980.18; -4306639.9; -7463.9705
981.15; -4238565.1; -11565.206
982.11; -4119908.8; -15551.63
983.08; -3951965.5; -19375.552
984.05; -3736817; -22991.296
985.02; -3477319; -26355.95
985.98; -3177073.2; -29430.086
986.95; -2840385.1; -32178.442
987.92; -2472206.4; -34570.549
988.89; -2078063.4; -36581.283
989.85; -1663971.8; -38191.342
990.82; -1236339.2; -39387.624
991.79; -801855.45; -40163.499
992.76; -367374.31; -40518.971
993.73; 60213.356; -40460.708
994.69; 474110.62; -40001.959
995.66; 867748.13; -39162.326
996.63; 1234917; -37967.42
997.60; 1569898.2; -36448.387
998.56; 1867584.7; -34641.312
999.53; 2123594; -32586.522
1000.50; 2334366.9; -30327.789
1001.47; 2497250; -27911.45
1002.43; 2610559.5; -25385.472
1003.40; 2673623.8; -22798.474
1004.37; 2686805.3; -20198.721
1005.34; 2651499.3; -17633.13
1006.30; 2570110.6; -15146.291
1007.27; 2446008.7; -12779.533
1008.24; 2283462.1; -10570.056
1009.21; 2087552.7; -8550.1396
1010.17; 1864073.1; -6746.4625
1011.14; 1619407.7; -5179.5235
1012.11; 1360399.9; -3863.2006
1013.08; 1094208.7; -2804.4442
1014.04; 828157.17; -2003.1194
1015.01; 569575.88; -1451.9977
1015.98; 325644.46; -1136.9042
1016.95; 103234.63; -1037.0143
1017.92; -91242.341; -1125.3004
1018.88; -251980.49; -1369.1168
1019.85; -373913.61; -1730.9156
1020.82; -452836.04; -2169.0797
1021.79; -485507.06; -2638.8564
1022.75; -469736.52; -3093.3734
1023.72; -404449.55; -3484.7188
1024.69; -289728.77; -3765.0603
1025.66; -126832.78; -3887.7837
1026.62; 81809.67; -3808.6247
1027.59; 332630.18; -3486.7717
1028.56; 620976.06; -2885.9153
1029.53; 941190.07; -1975.2198
1030.49; 1286713.5; -730.19579
1031.46; 1650211.2; 866.54855
1032.43; 2023716.1; 2824.6963
1033.40; 2398791.8; 5145.7673
1034.36; 2766708.7; 7822.8346
1035.33; 3118630.9; 10840.422
1036.30; 3445810.3; 14174.588
1037.27; 3739782.7; 17793.202
1038.23; 3992561.7; 21656.404
1039.20; 4196827.5; 25717.255
1040.17; 4346103.1; 29922.544
1041.14; 4434917; 34213.77
1042.11; 4458944.7; 38528.244
1043.07; 4415128.9; 42800.323
1044.04; 4301773.2; 46962.719
1045.01; 4118607; 50947.883
1045.98; 3866820.6; 54689.419
1046.94; 3549067.8; 58123.497
1047.91; 3169436.3; 61190.243
1048.88; 2733386.5; 63835.068
1049.85; 2247658.8; 66009.903
1050.81; 1720153.4; 67674.323
1051.78; 1159782.7; 68796.529
1052.75; 576301.91; 69354.159
1053.72; -19881.142; 69334.922
1054.68; -617911.26; 68737.031
1055.65; -1206703.3; 67569.425
1056.62; -1775166.4; 65851.774
1057.59; -2312431.3; 63614.265
1058.55; -2808075.5; 60897.171
1059.52; -3252341.9; 57750.205
1060.49; -3636347.1; 54231.676
1061.46; -3952274; 50407.455
1062.42; -4193545.5; 46349.781
1063.39; -4354974.8; 42135.907
1064.36; -4432890.6; 37846.642
1065.33; -4425232.4; 33564.787
1066.30; -4331615.9; 29373.516
1067.26; -4153365.5; 25354.719
1068.23; -3893514.3; 21587.355
1069.20; -3556768.4; 18145.826
1070.17; -3149438; 15098.429
1071.13; -2679334.7; 12505.905
1072.10; -2155636.6; 10420.111
1073.07; -1588723.4; 8882.8625
1074.04; -989984.58; 7924.9534
1075.00; -371602.75; 7565.3906
1075.97; 253682.6; 7810.8539
1076.94; 872827.15; 8655.4014
1077.91; 1472743.8; 10080.428
1078.87; 2040569.5; 12054.883
1079.84; 2563930.7; 14535.743
1080.81; 3031203; 17468.735
1081.78; 3431757.4; 20789.303
1082.74; 3756190.3; 24423.793
1083.71; 3996529.6; 28290.835
1084.68; 4146414.3; 32302.905
1085.65; 4201241.7; 36368.027
1086.61; 4158280.2; 40391.579
1087.58; 4016742.1; 44278.179
1088.55; 3777816.7; 47933.594
1089.52; 3444659.9; 51266.647
1090.49; 3022342.8; 54191.066
1091.45; 2517757.8; 56627.248
1092.42; 1939486.1; 58503.895
1093.39; 1297629.5; 59759.481
1094.36; 603609.83; 60343.534
1095.32; -130058.39; 60217.69
1096.29; -890016.84; 59356.509
1097.26; -1662327.8; 57748.041
1098.23; -2432748.8; 55394.113
1099.19; -3187011.1; 52310.361
1100.16; -3911098.3; 48525.983
1101.13; -4591518.2; 44083.23
1102.10; -5215562.5; 39036.651
1103.06; -5771550.6; 33452.099
1104.03; -6249051; 27405.517
1105.00; -6639077.9; 20981.545
1105.97; -6934258.8; 14271.956
1106.93; -7128971.2; 7373.9639
1107.90; -7219444.2; 388.42971
1108.87; -7203827; -6581.9933
1109.84; -7082219.7; -13434.749
1110.80; -6856669.2; -20069.262
1111.77; -6531127.1; -26388.781
1112.74; -6111373.7; -32302.146
1113.71; -5604905.5; -37725.453
1114.68; -5020791.1; -42583.57
1115.64; -4369497; -46811.495
1116.61; -3662685; -50355.509
1117.58; -2912986.8; -53174.115
1118.55; -2133758.4; -55238.74
1119.51; -1338820; -56534.182
1120.48; -542185.1; -57058.8
1121.45; 242213.03; -56824.435
1122.42; 1000794.5; -55856.066
1123.38; 1720597.9; -54191.216
1124.35; 2389532.5; -51879.104
1125.32; 2996613.2; -48979.581
1126.29; 3532172.6; -45561.851
1127.25; 3988046.4; -41703.017
1128.22; 4357727.7; -37486.48
1129.19; 4636486.7; -33000.216
1130.16; 4821453.2; -28334.978
1131.12; 4911659.7; -23582.456
1132.09; 4908043.2; -18833.433
1133.06; 4813405.3; -14175.982
1134.03; 4632332.9; -9693.7366
1134.99; 4371079.6; -5464.28
1135.96; 4037414; -1557.6782
1136.93; 3640435.1; 1964.8068
1137.90; 3190362.9; 5051.8019
1138.87; 2698306.8; 7662.6836
1139.83; 2176019.4; 9768.2
1140.80; 1635640; 11350.845
1141.77; 1089434.9; 12404.982
1142.74; 549538.22; 12936.716
1143.70; 27700.12; 12963.518
1144.67; -464953.54; 12513.629
1145.64; -918144.43; 11625.233
1146.61; -1322643.9; 10345.442
1147.57; -1670450; 8729.1149
1148.54; -1954935.9; 6837.5189
1149.51; -2170967.7; 4736.8905
1150.48; -2314990.1; 2496.906
1151.44; -2385077.2; 189.10539
1152.41; -2380948.7; -2114.7006
1153.38; -2303952.6; -4344.0051
1154.35; -2157012.9; -6431.1308
1155.31; -1944546.6; -8312.6741
1156.28; -1672349.4; -9930.8393
1157.25; -1347455.5; -11234.637
1158.22; -977971.63; -12180.923
1159.18; -572891.9; -12735.253
1160.15; -141894.59; -12872.55
1161.12; 304873; -12577.555
1162.09; 757018.36; -11845.064
1163.06; 1204131; -10679.947
1164.02; 1636008.6; -9096.9448
1164.99; 2042877; -7120.2571
1165.96; 2415599.3; -4782.9232
1166.93; 2745870.3; -2126.0191
1167.89; 3026391.2; 802.31705
1168.86; 3251021.5; 3948.0055
1169.83; 3414905.2; 7252.2678
1170.80; 3514567.4; 10652.963
1171.76; 3547980; 14085.989
1172.73; 3514595; 17486.711
1173.70; 3415343.6; 20791.397
1174.67; 3252603.8; 23938.617
1175.63; 3030134.2; 26870.575
1176.60; 2752978.7; 29534.357
1177.57; 2427343.3; 31883.054
1178.54; 2060448.9; 33876.744
1179.50; 1660364.1; 35483.313
1180.47; 1235821.5; 36679.094
1181.44; 796022.78; 37449.325
1182.41; 350435.57; 37788.407
1183.37; -91411.092; 37699.957
1184.34; -520130.28; 37196.679
1185.31; -926674.06; 36300.03
1186.28; -1302520.1; 35039.711
1187.25; -1639844.6; 33452.997
1188.21; -1931678; 31583.906
1189.18; -2172042; 29482.238
1190.15; -2356063.6; 27202.511
1191.12; -2480066.7; 24802.798
1192.08; -2541637; 22343.51
1193.05; -2539660.4; 19886.135
1194.02; -2474336.1; 17491.967
1194.99; -2347161.8; 15220.853
1195.95; -2160893.8; 13129.973
1196.92; -1919482.5; 11272.681
1197.89; -1627984; 9697.444
1198.86; -1292450.8; 8446.8686
1199.82; -919803.77; 7556.8665
1200.79; -517688.31; 7055.9513
1201.76; -94316.832; 6964.6903
1202.73; 341698.97; 7295.3182
1203.69; 781523.09; 8051.52
1204.66; 1216273.8; 9228.3865
1205.63; 1637202.5; 10812.544
1206.60; 2035868.5; 12782.45
1207.56; 2404306.9; 15108.857
1208.53; 2735185.6; 17755.423
1209.50; 3021947; 20679.459
1210.47; 3258933.1; 23832.803
1211.44; 3441489.3; 27162.788
1212.40; 3566046.6; 30613.294
1213.37; 3630179.2; 34125.856
1214.34; 3632637.8; 37640.796
1215.31; 3573356.3; 41098.376
1216.27; 3453435; 44439.919
1217.24; 3275098.9; 47608.905
1218.21; 3041632.8; 50551.989
1219.18; 2757297.4; 53219.95
1220.14; 2427226.1; 55568.534
1221.11; 2057307.2; 57559.184
1222.08; 1654053.7; 59159.647
1223.05; 1224462.8; 60344.437
1224.01; 775870.53; 61095.169
1224.98; 315803.15; 61400.74
1225.95; -148170.3; 61257.371
1226.92; -608581.27; 60668.507
1227.88; -1058198; 59644.595
1228.85; -1490152.3; 58202.724
1229.82; -1898054.6; 56366.166
1230.79; -2276095.6; 54163.816
1231.75; -2619132.6; 51629.543
1232.72; -2922760.4; 48801.48
1233.69; -3183365; 45721.256
1234.66; -3398161.4; 42433.195
1235.63; -3565213.4; 38983.495
1236.59; -3683438.4; 35419.4
1237.56; -3752595.1; 31788.389
1238.53; -3773257.2; 28137.385
1239.50; -3746773.8; 24512.007
1240.46; -3675216.5; 20955.867
1241.43; -3561317; 17509.937
1242.40; -3408394.6; 14211.974
1243.37; -3220276.2; 11096.035
1244.33; -3001210.2; 8192.064
1245.30; -2755776.4; 5525.5747
1246.27; -2488794; 3117.4177
1247.24; -2205227.6; 983.63945
1248.20; -1910095.9; -864.56938
1249.17; -1608381.8; -2420.8396
1250.14; -1304947.1; -3683.5064
1251.11; -1004453.7; -4655.4158
1252.07; -711291.44; -5343.6614
1253.04; -429514.76; -5759.2599
1254.01; -162789.8; -5916.7753
1254.98; 85647.865; -5833.9024
1255.94; 313023.68; -5531.0207
1256.91; 517042.96; -5030.7299
1257.88; 695898.47; -4357.3786
1258.85; 848267.65; -3536.5948
1259.82; 973300.2; -2594.8295
1260.78; 1070597.1; -1558.9197
1261.75; 1140182.4; -455.67923
1262.72; 1182468.4; 688.47721
1263.69; 1198217.2; 1847.8721
1264.65; 1188498.7; 2997.8635
1265.62; 1154648.4; 4115.1012
1266.59; 1098224.7; 5177.7435
1267.56; 1020967.6; 6165.6317
1268.52; 924758.63; 7060.4282
1269.49; 811584.66; 7845.7175
1270.46; 683504.09; 8507.076
1271.43; 542617.62; 9032.1128
1272.39; 391042.56; 9410.4856
1273.36; 230891.06; 9633.8958
1274.33; 64251.805; 9696.0659
1275.30; -106824.88; 9592.7021
1276.26; -280338.94; 9321.4461
1277.23; -454349.71; 8881.8174
1278.20; -626982.84; 8275.1488
1279.17; -796435.18; 7504.5181
1280.13; -960978.19; 6574.6756
1281.10; -1118960.3; 5491.9696
1282.07; -1268809.2; 4264.2697
1283.04; -1409034.5; 2900.888
1284.01; -1538231.7; 1412.495
1284.97; -1655087.9; -188.96805
1285.94; -1758388.5; -1890.3848
1286.91; -1847024.5; -3677.5656
1287.88; -1920000.8; -5535.3584
1288.84; -1976446.3; -7447.7678
1289.81; -2015624; -9398.0856
1290.78; -2036941.8; -11369.031
1291.75; -2039962.4; -13342.898
1292.71; -2024412.8; -15301.72
1293.68; -1990192.2; -17227.43
1294.65; -1937380.2; -19102.039
1295.62; -1866242.4; -20907.815
1296.58; -1777236.5; -22627.469
1297.55; -1671016; -24244.344
1298.52; -1548432.3; -25742.607
1299.49; -1410535.2; -27107.441
1300.45; -1258570.7; -28325.234
1301.42; -1093976.1; -29383.765
1302.39; -918372.17; -30272.382
1303.36; -733551.23; -30982.167
1304.32; -541461.85; -31506.085
1305.29; -344189.07; -31839.122
1306.26; -143930.72; -31978.39
1307.23; 57030.479; -31923.207
1308.20; 256358.88; -31675.154
1309.16; 451702.19; -31238.087
1310.13; 640731.64; -30618.115
1311.10; 821185.66; -29823.536
1312.07; 990916.09; -28864.726
1313.03; 1147935.7; -27753.983
1314.00; 1290466; -26505.328
1314.97; 1416983.6; -25134.255
1315.94; 1526264; -23657.442
1316.90; 1617421.2; -22092.425
1317.87; 1689941.5; -20457.237
1318.84; 1743709.5; -18770.024
1319.81; 1779026.3; -17048.638
1320.77; 1796616.6; -15310.232
1321.74; 1797627.1; -13570.848
1322.71; 1783612.4; -11845.025
1323.68; 1756512; -10145.424
1324.64; 1718615; -8482.4918
1325.61; 1672515.7; -6864.1657
1326.58; 1621058.9; -5295.6291
1327.55; 1567277.8; -3779.1311
1328.51; 1514324.2; -2313.8709
1329.48; 1465393.2; -895.95644
1330.45; 1423644.4; 481.5619
1331.42; 1392121.1; 1828.5783
1332.39; 1373669.7; 3157.7411
1333.35; 1370861.1; 4484.1863
1334.32; 1385916.1; 5825.1987
1335.29; 1420638.1; 7199.8082
1336.26; 1476352.8; 8628.3272
1337.22; 1553857.9; 10131.84
1338.19; 1653383.6; 11731.654
1339.16; 1774564.1; 13448.722
1340.13; 1916421.2; 15303.052
1341.09; 2077361.6; 17313.107
1342.06; 2255185.9; 19495.224
1343.03; 2447112.8; 21863.051
1344.00; 2649815.5; 24427.012
1344.96; 2859471.8; 27193.837
1345.93; 3071826.2; 30166.136
1346.90; 3282264.9; 33342.056
1347.87; 3485899.5; 36715.012
1348.83; 3677660.4; 40273.516
1349.80; 3852397.8; 44001.096
1350.77; 4004987.8; 47876.323
1351.74; 4130441.5; 51872.938
1352.70; 4224015; 55960.095
1353.67; 4281317.2; 60102.697
1354.64; 4298414; 64261.843
1355.61; 4271927; 68395.359
1356.58; 4199123.8; 72458.432
1357.54; 4077997.7; 76404.302
1358.51; 3907335.1; 80185.04
1359.48; 3686768.7; 83752.357
1360.45; 3416815.1; 87058.467
1361.41; 3098894.1; 90056.957
1362.38; 2735331.3; 92703.664
1363.35; 2329340.3; 94957.533
1364.32; 1884986.5; 96781.446
1365.28; 1407132.4; 98142.988
1366.25; 901363.57; 99015.147
1367.22; 373898.6; 99376.931
1368.19; -168516.42; 99213.875
1369.15; -718727.27; 98518.434
1370.12; -1269302.5; 97290.257
1371.09; -1812672.9; 95536.315
1372.06; -2341275.9; 93270.896
1373.02; -2847701.8; 90515.46
1373.99; -3324838.3; 87298.347
1374.96; -3766009.8; 83654.356
1375.93; -4165108.9; 79624.196
1376.89; -4516716.8; 75253.821
1377.86; -4816210.4; 70593.656
1378.83; -5059853.9; 65697.741
1379.80; -5244874.1; 60622.801
1380.77; -5369517.8; 55427.256
1381.73; -5433089.6; 50170.198
1382.70; -5435970.2; 44910.353
1383.67; -5379613.1; 39705.04
1384.64; -5266520.8; 34609.154
1385.60; -5100200; 29674.201
1386.57; -4885097; 24947.381
1387.54; -4626514; 20470.766
1388.51; -4330507.5; 16280.567
1389.47; -4003770.8; 12406.518
1390.44; -3653503.5; 8871.3881
1391.41; -3287269; 5690.6266
1392.38; -2912843.9; 2872.1589
1393.34; -2538061.7; 416.33034
1394.31; -2170654.1; -1683.9946
1395.28; -1818093.4; -3443.1817
1396.25; -1487439.7; -4882.4284
1397.21; -1185195.3; -6029.2234
1398.18; -917169.71; -6916.6768
1399.15; -688358.94; -7582.7329
1400.12; -502840.34; -8069.2812
1401.08; -363686.33; -8421.1841
1402.05; -272898.15; -8685.2403
1403.02; -231361.36; -8909.1056
1403.99; -238824.19; -9140.1919
1404.96; -293899.99; -9424.5695
1405.92; -394094.01; -9805.8949
1406.89; -535854.72; -10324.388
1407.86; -714648.45; -11015.882
1408.83; -925055.34; -11910.965
1409.79; -1160884.5; -13034.237
1410.76; -1415306.2; -14403.687
1411.73; -1680999.4; -16030.222
1412.70; -1950310.1; -17917.343
1413.66; -2215417.7; -20060.981
1414.63; -2468505.4; -22449.506
1415.60; -2701930.9; -25063.895
1416.57; -2908394.4; -27878.057
1417.53; -3081098.7; -30859.328
1418.50; -3213899.7; -33969.098
1419.47; -3301442.9; -37163.574
1420.44; -3339283.4; -40394.664
1421.40; -3323987.3; -43610.955
1422.37; -3253211.6; -46758.762
1423.34; -3125761.4; -49783.249
1424.31; -2941623.5; -52629.564
1425.27; -2701975.9; -55243.996
1426.24; -2409171.6; -57575.11
1427.21; -2066698.4; -59574.848
1428.18; -1679114.2; -61199.558
1429.15; -1251959.6; -62410.955
1430.11; -791649.9; -63176.955
1431.08; -305348.13; -63472.41
1432.05; 199177.15; -63279.686
1433.02; 713707.43; -62589.103
1433.98; 1229739.3; -61399.207
1434.95; 1738655.5; -59716.884
1435.92; 2231899.3; -57557.298
1436.89; 2701147; -54943.668
1437.85; 3138476.5; -51906.879
1438.82; 3536528.4; -48484.934
1439.79; 3888655.9; -44722.27
1440.76; 4189060.8; -40668.935
1441.72; 4432913.8; -36379.648
1442.69; 4616454.1; -31912.767
1443.66; 4737068.3; -27329.179
1444.63; 4793346.2; -22691.137
1445.59; 4785111; -18061.064
1446.56; 4713424.7; -13500.354
1447.53; 4580567.6; -9068.1971
1448.50; 4389992.8; -4820.4401
1449.46; 4146255.9; -808.5229
1450.43; 3854922.7; 2921.5003
1451.40; 3522455; 6329.8277
1452.37; 3156080.1; 9383.6509
1453.34; 2763643.3; 12057.752
1454.30; 2353449.3; 14334.95
1455.27; 1934094; 16206.379
1456.24; 1514291.4; 17671.607
1457.21; 1102698.3; 18738.578
1458.17; 707740.81; 19423.388
1459.14; 337446.98; 19749.902
1460.11; -712.10106; 19749.213
1461.08; -299968.87; 19458.963
1462.04; -554391.3; 18922.534
1463.01; -758997.72; 18188.128
1463.98; -909852.48; 17307.755
1464.95; -1004140.6; 16336.148
1465.91; -1040220.1; 15329.631
1466.88; -1017651.1; 14344.952
1467.85; -937200.83; 13438.116
1468.82; -800824.67; 12663.238
1469.78; -611623.27; 12071.432
1470.75; -373777.04; 11709.765
1471.72; -92459.166; 11620.302
1472.69; 226271.03; 11839.242
1473.65; 575592.31; 12396.185
1474.62; 948060.5; 13313.528
1475.59; 1335759.3; 14606.009
1476.56; 1730459.4; 16280.401
1477.53; 2123783.3; 18335.374
1478.49; 2507371.1; 20761.506
1479.46; 2873045.4; 23541.465
1480.43; 3212971.2; 26650.336
1481.40; 3519808.6; 30056.103
1482.36; 3786854.4; 33720.263
1483.33; 4008171.3; 37598.569
1484.30; 4178699.4; 41641.879
1485.27; 4294350.5; 45797.092
1486.23; 4352081.2; 50008.166
1487.20; 4349944.1; 54217.172
1488.17; 4287115.3; 58365.385
1489.14; 4163899.6; 62394.374
1490.10; 3981712.4; 66247.079
1491.07; 3743039.4; 69868.844
1492.04; 3451375.5; 73208.395
1493.01; 3111144.1; 76218.738
1493.97; 2727599.4; 78857.963
1494.94; 2306714.2; 81089.94
1495.91; 1855056; 82884.892
1496.88; 1379654.7; 84219.846
1497.84; 887863.44; 85078.943
1498.81; 387216.67; 85453.614
1499.78; -114713.47; 85342.617
1500.75; -610458.34; 84751.937
1501.72; -1092789.5; 83694.554
1502.68; -1554848.5; 82190.083
1503.65; -1990266.2; 80264.301
1504.62; -2393272; 77948.571
1505.59; -2758787.8; 75279.168
1506.55; -3082508.5; 72296.533
1507.52; -3360964.9; 69044.463
1508.49; -3591570.2; 65569.26
1509.46; -3772648.1; 61918.846
1510.42; -3903443.2; 58141.874
1511.39; -3984112.6; 54286.847
1512.36; -4015700.9; 50401.254
1513.33; -4000097.4; 46530.76
1514.29; -3939977.8; 42718.438
1515.26; -3838732.7; 39004.08
1516.23; -3700382.9; 35423.589
1517.20; -3529484.1; 32008.461
1518.16; -3331023; 28785.363
1519.13; -3110308; 25775.829
1520.10; -2872854.8; 22996.054
1521.07; -2624272.8; 20456.808
1522.03; -2370151; 18163.45
1523.00; -2115947.7; 16116.059
1523.97; -1866884.9; 14309.661
1524.94; -1627849.5; 12734.554
1525.91; -1403302.8; 11376.718
1526.87; -1197202.8; 10218.305
1527.84; -1012937.3; 9238.1866
1528.81; -853271.97; 8412.5606
1529.78; -720312.73; 7715.586
1530.74; -615482.35; 7120.0453
1531.71; -539512.42; 6598.0131
1532.68; -492449.92; 6121.5186
1533.65; -473677.98; 5663.1878
1534.61; -481949.71; 5196.8532
1535.58; -515434.2; 4698.1191
1536.55; -571773.07; 4144.8715
1537.52; -648146.06; 3517.7253
1538.48; -741344.06; 2800.4008
1539.45; -847847.88; 1980.0232
1540.42; -963911.04; 1047.3429
1541.39; -1085644.9; -3.1271359
1542.35; -1209104.3; -1173.0565
1543.32; -1330372; -2460.3244
1544.29; -1445640; -3859.1257
1545.26; -1551286.5; -5360.1505
1546.22; -1643946.8; -6950.8333
1547.19; -1720576.9; -8615.6636
1548.16; -1778510.1; -10336.55
1549.13; -1815504.1; -12093.232
1550.10; -1829781.1; -13863.728
1551.06; -1820056.7; -15624.815
1552.03; -1785560.7; -17352.523
1553.00; -1726047.1; -19022.646
1553.97; -1641793.7; -20611.246
1554.93; -1533592.8; -22095.15
1555.90; -1402731.4; -23452.433
1556.87; -1250963; -24662.865
1557.84; -1080470.7; -25708.329
1558.80; -893822.99; -26573.192
1559.77; -693922.59; -27244.631
1560.74; -483948.98; -27712.9
1561.71; -267296.46; -27971.536
1562.67; -47508.425; -28017.505
1563.64; 171790.61; -27851.281
1564.61; 386964.2; -27476.854
1565.58; 594433.34; -26901.681
1566.54; 790744.68; -26136.556
1567.51; 972636.3; -25195.433
1568.48; 1137099.6; -24095.176
1569.45; 1281435.8; -22855.258
1570.41; 1403306.3; -21497.419
1571.38; 1500775.5; -20045.269
1572.35; 1572345; -18523.868
1573.32; 1616979.2; -16959.279
1574.29; 1634121.4; -15378.103
1575.25; 1623700.5; -13807.01
1576.22; 1586129.6; -12272.271
1577.19; 1522294.9; -10799.299
1578.16; 1433537.6; -9412.2079
1579.12; 1321626.9; -8133.4017
1580.09; 1188726.9; -6983.1895
1581.06; 1037357.6; -5979.4423
1582.03; 870351.3; -5137.2904
1582.99; 690805.19; -4468.8673
1583.96; 502031; -3983.1021
1584.93; 307501.8; -3685.5633
1585.90; 110797.51; -3578.3556
1586.86; -84450.13; -3660.0696
1587.83; -274612.15; -3925.7843
1588.80; -456115.58; -4367.1217
1589.77; -625494.97; -4972.3507
1590.73; -779441.65; -5726.5384
1591.70; -914850.42; -6611.7477
1592.67; -1028863.1; -7607.2756
1593.64; -1118908.7; -8689.9316
1594.60; -1182740.1; -9834.351
1595.57; -1218467.9; -11013.34
1596.54; -1224589.1; -12198.253
1597.51; -1200013.5; -13359.386
1598.48; -1144083.3; -14466.401
1599.44; -1056589.8; -15488.757
1600.41; -937783.56; -16396.157
1601.38; -788380.55; -17158.994
1602.35; -609561.03; -17748.805
1603.31; -402962.04; -18138.711
1604.28; -170662.92; -18303.844
1605.25; 84835.695; -18221.757
1606.22; 360638.98; -17872.803
1607.18; 653491.3; -17240.485
1608.15; 959816.02; -16311.767
1609.12; 1275761.5; -15077.34
1610.09; 1597253.1; -13531.838
1611.05; 1920050.6; -11673.997
1612.02; 2239809.8; -9506.7571
1612.99; 2552146.7; -7037.2999
1613.96; 2852703.5; -4277.024
1614.92; 3137214.9; -1241.4549
1615.89; 3401573.1; 2049.9073
1616.86; 3641890.9; 5573.8009
1617.83; 3854561.5; 9303.4746
1618.79; 4036314.3; 13209.012
1619.76; 4184265; 17257.707
1620.73; 4295960.4; 21414.478
1621.70; 4369416.6; 25642.326
1622.67; 4403150.1; 29902.814
1623.63; 4396202.1; 34156.579
1624.60; 4348155.4; 38363.854
1625.57; 4259142.8; 42485.001
1626.54; 4129850; 46481.044
1627.50; 3961508.7; 50314.199
1628.47; 3755884.3; 53948.393
1629.44; 3515256.1; 57349.755
1630.41; 3242389.9; 60487.091
1631.37; 2940504.9; 63332.324
1632.34; 2613232.4; 65860.888
1633.31; 2264568.1; 68052.084
1634.28; 1898817.7; 69889.38
1635.24; 1520537; 71360.651
1636.21; 1134466.6; 72458.361
1637.18; 745462.65; 73179.671
1638.15; 358423.71; 73526.482
1639.11; -21785.221; 73505.402
1640.08; -390409.95; 73127.641
1641.05; -742884.86; 72408.826
1642.02; -1074909.3; 71368.744
1642.98; -1382520.7; 70031.017
1643.95; -1662162.7; 68422.708
1644.92; -1910746.1; 66573.87
1645.89; -2125702.7; 64517.04
1646.86; -2305029.6; 62286.694
1647.82; -2447323.1; 59918.664
1648.79; -2551801.8; 57449.541
1649.76; -2618318.9; 54916.055
1650.73; -2647363.2; 52354.466
1651.69; -2640048.3; 49799.956
1652.66; -2598090.1; 47286.044
1653.63; -2523773.2; 44844.041
1654.60; -2419906; 42502.54
1655.56; -2289765.7; 40286.962
1656.53; -2137035.5; 38219.167
1657.50; -1965734.3; 36317.122
1658.47; -1780140.6; 34594.658
1659.43; -1584711.9; 33061.291
1660.40; -1384002; 31722.131
1661.37; -1182577.6; 30577.869
1662.34; -984934.84; 29624.846
1663.30; -795419.19; 28855.198
1664.27; -618147.74; 28257.078
1665.24; -456937.3; 27814.946
1666.21; -315238.51; 27509.921
1667.17; -196076.79; 27320.197
1668.14; -102000.68; 27221.501
1669.11; -35038.28; 27187.598
1670.08; 3337.513; 27190.828
1671.05; 12234.336; 27202.666
1672.01; -8644.3563; 27194.301
1672.98; -58994.404; 27137.218
1673.95; -137916.72; 27003.77
1674.92; -243933.86; 26767.74
1675.88; -375017.21; 26404.873
1676.85; -528624.53; 25893.376
1677.82; -701747.32; 25214.365
1678.79; -890967.82; 24352.265
1679.75; -1092524.7; 23295.138
1680.72; -1302386.6; 22034.949
1681.69; -1516332; 20567.746
1682.66; -1730034.2; 18893.765
1683.62; -1939149.8; 17017.443
1684.59; -2139407.8; 14947.352
1685.56; -2326699.9; 12696.038
1686.53; -2497165.5; 10279.78
1687.49; -2647273.3; 7718.2786
1688.46; -2773894.5; 5034.2583
1689.43; -2874367.5; 2253.0203
1690.40; -2946552; -598.06346
1691.36; -2988871.3; -3490.0953
1692.33; -3000341.8; -6393.2261
1693.30; -2980588.7; -9277.2437
1694.27; -2929847.7; -12112.164
1695.24; -2848953.7; -14868.812
1696.20; -2739316.3; -17519.374
1697.17; -2602882.6; -20037.923
1698.14; -2442089.4; -22400.889
1699.11; -2259804.8; -24587.476
1700.07; -2059261.2; -26580.017
1701.04; -1843981.4; -28364.254
1702.01; -1617699.2; -29929.54
1702.98; -1384275.9; -31268.965
1703.94; -1147616.2; -32379.398
1704.91; -911583.88; -33261.447
1705.88; -679920.71; -33919.338
1706.85; -456169.03; -34360.727
1707.81; -243600.65; -34596.435
1708.78; -45152.782; -34640.125
1709.75; 136627.85; -34507.924
1710.72; 299632.04; -34218
1711.68; 442225.58; -33790.103
1712.65; 563276.52; -33245.076
1713.62; 662172.1; -32604.359
1714.59; 738824.67; -31889.472
1715.55; 793666.6; -31121.52
1716.52; 827633.9; -30320.701
1717.49; 842139.4; -29505.847
1718.46; 839035.91; -28693.996
1719.43; 820570.54; -27900.012
1720.39; 789330.96; -27136.255
1721.36; 748184.97; -26412.312
1722.33; 700214.41; -25734.784
1723.30; 648644.7; -25107.156
1724.26; 596771.04; -24529.72
1725.23; 547882.97; -23999.588
1726.20; 505188.51; -23510.768
1727.17; 471739.54; -23054.313
1728.13; 450359.79; -22618.545
1729.10; 443576.9; -22189.34
1730.07; 453560.32; -21750.475
1731.04; 482066.69; -21284.027
1732.00; 530394.45; -20770.817
1732.97; 599348.9; -20190.887
1733.94; 689218.42; -19524
1734.91; 799762.34; -18750.15
1735.87; 930210.71; -17850.078
1736.84; 1079275.6; -16805.771
1737.81; 1245173.7; -15600.941
1738.78; 1425658.8; -14221.473
1739.74; 1618065; -12655.833
1740.71; 1819357.6; -10895.423
1741.68; 2026192.8; -8934.8788
1742.65; 2234983.9; -6772.3084
1743.62; 2441973.3; -4409.455
1744.58; 2643307.9; -1851.7903
1745.55; 2835116.9; 891.46878
1746.52; 3013590; 3807.4185
1747.49; 3175054.8; 6879.6015
1748.45; 3316050.8; 10088.212
1749.42; 3433399.5; 13410.37
1750.39; 3524268.3; 16820.452
1751.36; 3586227.1; 20290.485
1752.32; 3617297; 23790.582
1753.29; 3615990.3; 27289.414
1754.26; 3581340.4; 30754.719
1755.23; 3512921.3; 34153.821
1756.19; 3410857.4; 37454.167
1757.16; 3275822.2; 40623.853
1758.13; 3109026.8; 43632.147
1759.10; 2912198.6; 46449.99
1760.06; 2687550.6; 49050.464
1761.03; 2437741; 51409.222
1762.00; 2165825.9; 53504.876
1762.97; 1875203.4; 55319.322
1763.93; 1569553.1; 56838.022
1764.90; 1252770.3; 58050.202
1765.87; 928897.23; 58949.003
1766.84; 602052.71; 59531.55
1767.81; 276360.83; 59798.956
1768.77; -44119.589; 59756.266
1769.74; -355463.34; 59412.32
1770.71; -653943.3; 58779.564
1771.68; -936089.68; 57873.804
1772.64; -1198743; 56713.9
1773.61; -1439100.4; 55321.427
1774.58; -1654753.1; 53720.288
1775.55; -1843716.4; 51936.308
1776.51; -2004449.9; 49996.802
1777.48; -2135868.5; 47930.135
1778.45; -2237345; 45765.28
1779.42; -2308704.5; 43531.378
1780.38; -2350210.4; 41257.314
1781.35; -2362544.3; 38971.317
1782.32; -2346778.5; 36700.574
1783.29; -2304343.9; 34470.891
1784.25; -2236993.5; 32306.376
1785.22; -2146761.7; 30229.169
1786.19; -2035921.9; 28259.211
1787.16; -1906942.4; 26414.054
1788.12; -1762441.3; 24708.715
1789.09; -1605140.4; 23155.582
1790.06; -1437820.8; 21764.346
1791.03; -1263278.3; 20541.998
1792.00; -1084282.4; 19492.846
1792.96; -903537.15; 18618.584
1793.93; -723646.63; 17918.383
1794.90; -547084.21; 17389.025
1795.87; -376165.79; 17025.047
1796.83; -213027.53; 16818.921
1797.80; -59608.139; 16761.244
1798.77; 82364.704; 16840.94
1799.74; 211383.8; 17045.475
1800.70; 326168.23; 17361.076
1801.67; 425665.61; 17772.95
1802.64; 509051.23; 18265.508
1803.61; 575724.33; 18822.579
1804.57; 625301.73; 19427.621
1805.54; 657609.33; 20063.923
1806.51; 672671.8; 20714.801
1807.48; 670700.8; 21363.771
1808.44; 652082.43; 21994.726
1809.41; 617364.12; 22592.087
1810.38; 567241.81; 23140.95
1811.35; 502547.24; 23627.215
1812.31; 424235.79; 24037.706
1813.28; 333374.71; 24360.279
1814.25; 231131.85; 24583.922
1815.22; 118764.81; 24698.839
1816.19; -2389.7136; 24696.527
1817.15; -130926.02; 24569.843
1818.12; -265379.15; 24313.062
1819.09; -404234.08; 23921.925
1820.06; -545934.7; 23393.678
1821.02; -688892.91; 22727.106
1821.99; -831498.16; 21922.548
1822.96; -972127.56; 20981.917
1823.93; -1109156.9; 19908.697
1824.89; -1240972.7; 18707.932
1825.86; -1365985.2; 17386.205
1826.83; -1482642.9; 15951.599
1827.80; -1589448.3; 14413.649
1828.76; -1684975.1; 12783.267
1829.73; -1767886; 11072.661
1830.70; -1836951.1; 9295.227
1831.67; -1891066.8; 7465.4307
1832.63; -1929274.5; 5598.6647
1833.60; -1950778.4; 3711.0916
1834.57; -1954963.6; 1819.4687
1835.54; -1941412.3; -59.041795
1836.50; -1909918.2; -1907.0786
1837.47; -1860499.4; -3707.2979
1838.44; -1793408.6; -5442.6
1839.41; -1709140.3; -7096.3642
1840.38; -1608434.8; -8652.6857
1841.34; -1492278.5; -10096.614
1842.31; -1361900.6; -11414.389
1843.28; -1218765.7; -12593.667
1844.25; -1064561.7; -13623.737
1845.21; -901184.35; -14495.723
1846.18; -730715.26; -15202.763
1847.15; -555396.1; -15740.164
1848.12; -377597.23; -16105.527
1849.08; -199782.32; -16298.837
1850.05; -24469.016; -16322.513
1851.02; 145813.85; -16181.423
1851.99; 308571.7; -15882.849
1852.95; 461391.42; -15436.407
1853.92; 601989.39; -14853.922
1854.89; 728259.66; -14149.258
1855.86; 838321.26; -13338.099
1856.82; 930563.77; -12437.685
1857.79; 1003689.6; -11466.515
1858.76; 1056752.2; -10444.002
1859.73; 1089187.6; -9390.1036
1860.69; 1100840.5; -8324.9304
1861.66; 1091980.3; -7268.3302
1862.63; 1063310.1; -6239.4713
1863.60; 1015963.9; -5256.4247
1864.57; 951495.25; -4335.7579
1865.53; 871854.54; -3492.1514
1866.50; 779356.52; -2738.046
1867.47; 676638.5; -2083.3306
1868.44; 566610.06; -1535.0787
1869.40; 452395.53; -1097.3408
1870.37; 337269.89; -770.99849
1871.34; 224589.64; -553.68556
1872.31; 117719.93; -439.77975
1873.27; 19959.741; -420.4667
1874.24; -65533.432; -483.87685
1875.21; -135817.61; -615.29397
1876.18; -188237.52; -797.43259
1877.14; -220491.2; -1010.7799
1878.11; -230690.44; -1233.9959
1879.08; -217413.74; -1444.3655
1880.05; -179750.68; -1618.2922
1881.01; -117336.5; -1731.827
1881.98; -30375.646; -1761.2185
1882.95; 80346.365; -1683.4754
1883.92; 213463.03; -1476.9285
1884.88; 367038.9; -1121.7817
1885.85; 538593.76; -600.63839
1886.82; 725138.96; 101.00607
1887.79; 923225.76; 994.31931
1888.76; 1129004.7; 2086.7443
1889.72; 1338295.3; 3381.6789
1890.69; 1546664.3; 4878.2312
1891.66; 1749511.4; 6571.0585
1892.63; 1942161.4; 8450.2939
1893.59; 2119959.1; 10501.566
1894.56; 2278367; 12706.114
1895.53; 2413062.3; 15040.993
1896.50; 2520032.6; 17479.377
1897.46; 2595666.7; 19990.944
1898.43; 2636841.4; 22542.352
1899.40; 2640999.6; 25097.783
1900.37; 2606220.5; 27619.562
1901.33; 2531278.3; 30068.827
1902.30; 2415688.8; 32406.247
1903.27; 2259741.6; 34592.773
1904.24; 2064517.7; 36590.401
1905.20; 1831890.7; 38362.938
1906.17; 1564511.2; 39876.759
1907.14; 1265775.2; 41101.523
1908.11; 939775.37; 42010.85
1909.07; 591236.14; 42582.93
1910.04; 225434.59; 42801.061
1911.01; -151892.6; 42654.089
1911.98; -534653.26; 42136.759
1912.95; -916513; 41249.941
1913.91; -1291015; 40000.755
1914.88; -1651704.5; 38402.565
1915.85; -1992254.6; 36474.86
1916.82; -2306592.6; 34243.001
1917.78; -2589022; 31737.863
1918.75; -2834340; 28995.356
1919.72; -3037946; 26055.839
1920.69; -3195938; 22963.45
1921.65; -3305196.5; 19765.341
1922.62; -3363451.1; 16510.866
1923.59; -3369331.6; 13250.701
1924.56; -3322401.5; 10035.945
1925.52; -3223173.5; 6917.2026
1926.49; -3073107.2; 3943.6641
1927.46; -2874588.8; 1162.212
1928.43; -2630892.8; -1383.4399
1929.39; -2346125.9; -3653.5514
1930.36; -2025154.5; -5613.0908
1931.33; -1673516.2; -7232.3851
1932.30; -1297318.1; -8487.6701
1933.26; -903122.87; -9361.5318
1934.23; -497825.35; -9843.2276
1935.20; -88522.271; -9928.8818
1936.17; 317623.66; -9621.5491
1937.14; 713521.8; -8931.1454
1938.10; 1092291.4; -7874.2442
1939.07; 1447396.5; -6473.7433
1940.04; 1772774.5; -4758.4067
1941.01; 2062956.7; -2762.2898
1941.97; 2313177.6; -524.05916
1942.94; 2519471.5; 1913.7815
1943.91; 2678753.6; 4505.7434
1944.88; 2788882.7; 7204.2663
1945.84; 2848705.3; 9960.6736
1946.81; 2858078.3; 12726.15
1947.78; 2817870.8; 15452.722
1948.75; 2729944.9; 18094.217
1949.71; 2597115.4; 20607.186
1950.68; 2423089.6; 22951.767
1951.65; 2212388.3; 25092.474
1952.62; 1970249.2; 26998.887
1953.58; 1702514.6; 28646.24
1954.55; 1415505.2; 30015.883
1955.52; 1115883.8; 31095.612
1956.49; 810510.64; 31879.862
1957.45; 506295.1; 32369.754
1958.42; 210045.55; 32572.994
1959.39; -71678.909; 32503.637
1960.36; -332711.39; 32181.706
1961.33; -567411.34; 31632.678
1962.29; -770786.8; 30886.865
1963.26; -938602.17; 29978.674
1964.23; -1067468.8; 28945.791
1965.20; -1154916.8; 27828.293
1966.16; -1199446.1; 26667.709
1967.13; -1200556.4; 25506.051
1968.10; -1158755.6; 24384.839
1969.07; -1075546.4; 23344.14
1970.03; -953392.76; 22421.637
1971.00; -795665.83; 21651.751
1971.97; -606571.8; 21064.832
1972.94; -391062.65; 20686.44
1973.90; -154731.28; 20536.722
1974.87; 96306.46; 20629.908
1975.84; 355541.13; 20973.93
1976.81; 616207.44; 21570.172
1977.77; 871427.7; 22413.365
1978.74; 1114357.7; 23491.618
1979.71; 1338332.1; 24786.588
1980.68; 1537006.8; 26273.796
1981.64; 1704494.6; 27923.065
1982.61; 1835493.2; 29699.088
1983.58; 1925402; 31562.107
1984.55; 1970425.6; 33468.691
1985.52; 1967662.1; 35372.601
1986.48; 1915173.7; 37225.723
1987.45; 1812038.2; 38979.051
1988.42; 1658379.4; 40583.699
1989.39; 1455376.8; 41991.922
1990.35; 1205251.6; 43158.123
1991.32; 911232.43; 44039.832
1992.29; 577497.53; 44598.618
1993.26; 209098.54; 44800.942
1994.22; -188135.39; 44618.902
1995.19; -607709.82; 44030.882
1996.16; -1042591.7; 43022.07
1997.13; -1485347; 41584.849
1998.09; -1928287.1; 39719.038
1999.06; -2363620; 37431.999
2000.03; -2783603.1; 34738.585
2001.00; -3180695.8; 31660.944
2001.96; -3547707.3; 28228.182
2002.93; -3877936.3; 24475.891
2003.90; -4165301.4; 20445.545
2004.87; -4404458; 16183.792
2005.83; -4590900.1; 11741.637
2006.80; -4721045.1; 7173.5535
2007.77; -4792300.1; 2536.5239
2008.74; -4803108.5; -2110.964
2009.71; -4752976.4; -6709.9439
2010.67; -4642478; -11202.006
2011.64; -4473240.6; -15530.313
2012.61; -4247909.6; -19640.591
2013.58; -3970095; -23482.055
2014.54; -3644300; -27008.279
2015.51; -3275833.5; -30177.976
2016.48; -2870707.2; -32955.672
2017.45; -2435521.4; -35312.282
2018.41; -1977339.7; -37225.556
2019.38; -1503557.5; -38680.399
2020.35; -1021764.7; -39669.058
2021.32; -539607.97; -40191.183
2022.28; -64651.594; -40253.74
2023.25; 395756.92; -39870.805
2024.22; 834616.89; -39063.23
2025.19; 1245396.7; -37858.184
2026.15; 1622146.7; -36288.595
2027.12; 1959600.5; -34392.485
2028.09; 2253262.8; -32212.228
2029.06; 2499483; -29793.729
2030.02; 2695511.7; -27185.551
2030.99; 2839540.5; -24438.012
2031.96; 2930723.6; -21602.244
2032.93; 2969180.7; -18729.265
2033.90; 2955981.7; -15869.057
2034.86; 2893112.3; -13069.681
2035.83; 2783422.9; -10376.441
2036.80; 2630562.3; -7831.1092
2037.77; 2438896; -5471.2334
2038.73; 2213413; -3329.535
2039.70; 1959620.4; -1433.4063
2040.67; 1683429.7; 195.48028
2041.64; 1391037.5; 1541.4482
2042.60; 1088802; 2594.973
2043.57; 783119.38; 3352.7193
2044.54; 480303.24; 3817.4607
2045.51; 186467.6; 3997.8868
2046.47; -92582.404; 3908.304
2047.44; -351451.07; 3568.24
2048.41; -585241.81; 3001.96
2049.38; -789634.59; 2237.9096
2050.34; -960949.9; 1308.0945
2051.31; -1096198.5; 247.41276
2052.28; -1193116.8; -907.04702
2053.25; -1250187; -2116.728
2054.21; -1266644.4; -3342.3331
2055.18; -1242469.4; -4544.5466
2056.15; -1178367.7; -5684.7352
2057.12; -1075737.8; -6725.6191
2058.09; -936627.47; -7631.8999
2059.05; -763680.23; -8370.8368
2060.02; -560073.79; -8912.7642
2060.99; -329451.46; -9231.5415
2061.96; -75848.119; -9304.9321
2062.92; 196387.76; -9114.9073
2063.89; 482675.11; -8647.8709
2064.86; 778282.61; -7894.8046
2065.83; 1078411; -6851.3341
2066.79; 1378274; -5517.7162
2067.76; 1673175.4; -3898.7516
2068.73; 1958583.1; -2003.6266
2069.70; 2230196.4; 154.31138
2070.66; 2484008.3; 2557.8378
2071.63; 2716361; 5186.1887
2072.60; 2923993.8; 8015.4451
2073.57; 3104083.1; 11018.956
2074.53; 3254274.5; 14167.792
2075.50; 3372706.1; 17431.222
2076.47; 3458024; 20777.206
2077.44; 3509388.6; 24172.891
2078.40; 3526473.3; 27585.106
2079.37; 3509454.8; 30980.855
2080.34; 3458995.5; 34327.779
2081.31; 3376217.8; 37594.607
2082.28; 3262672; 40751.569
2083.24; 3120297.7; 43770.769
2084.21; 2951380.7; 46626.525
2085.18; 2758505.1; 49295.654
2086.15; 2544503.1; 51757.715
2087.11; 2312402.2; 53995.196
2088.08; 2065371.4; 55993.649
2089.05; 1806668.5; 57741.782
2090.02; 1539588; 59231.487
2090.98; 1267411.3; 60457.834
2091.95; 993359.88; 61419.009
2092.92; 720551.93; 62116.215
2093.89; 451963.21; 62553.535
2094.85; 190393.01; 62737.759
2095.82; -61565.45; 62678.188
2096.79; -301550.05; 62386.408
2097.76; -527450.47; 61876.047
2098.72; -737424.72; 61162.515
2099.69; -929911.85; 60262.732
2100.66; -1103641.3; 59194.849
2101.63; -1257639; 57977.958
2102.59; -1391229.8; 56631.804
2103.56; -1504037.4; 55176.497
2104.53; -1595981.6; 53632.225
2105.50; -1667272.8; 52018.972
2106.47; -1718403.8; 50356.244
2107.43; -1750139.4; 48662.81
2108.40; -1763502.6; 46956.444
2109.37; -1759758.4; 45253.702
2110.34; -1740394.6; 43569.696
2111.30; -1707100.8; 41917.906
2112.27; -1661745.6; 40310.001
2113.24; -1606351.2; 38755.695
2114.21; -1543066.8; 37262.624
2115.17; -1474138.1; 35836.248
2116.14; -1401875.2; 34479.793
2117.11; -1328617.2; 33194.223
2118.08; -1256694.5; 31978.246
2119.04; -1188389.3; 30828.36
2120.01; -1125895.6; 29738.944
2120.98; -1071278.8; 28702.374
2121.95; -1026437.4; 27709.194
2122.91; -993066.43; 26748.302
2123.88; -972624.04; 25807.191
2124.85; -966301.18; 24872.198
2125.82; -974994.99; 23928.793
2126.78; -999285.53; 22961.885
2127.75; -1039416.5; 21956.145
2128.72; -1095280.3; 20896.352
2129.69; -1166409.3; 19767.734
2130.66; -1251970.9; 18556.327
2131.62; -1350770; 17249.322
2132.59; -1461255.3; 15835.411
2133.56; -1581533.8; 14305.119
2134.53; -1709392; 12651.112
2135.49; -1842324.9; 10868.478
2136.46; -1977570.9; 8954.9806
2137.43; -2112154.1; 6911.2602
2138.40; -2242931.8; 4740.9994
2139.36; -2366646.6; 2451.0321
2140.33; -2479983.2; 51.400316
2141.30; -2579627.9; -2444.6476
2142.27; -2662331.2; -5020.7193
2143.23; -2724971.7; -7657.4019
2144.20; -2764621.7; -10332.45
2145.17; -2778612.3; -13021.035
2146.14; -2764596.9; -15696.059
2147.10; -2720613; -18328.524
2148.07; -2645139.2; -20887.961
2149.04; -2537147.3; -23342.905
2150.01; -2396147.8; -25661.417
2150.97; -2222227.2; -27811.644
2151.94; -2016075.9; -29762.399
2152.91; -1779004; -31483.764
2153.88; -1512946.8; -32947.691
2154.85; -1220457.3; -34128.605
2155.81; -904687.25; -35003.981
2156.78; -569354.89; -35554.889
2157.75; -218700.07; -35766.503
2158.72; 142572.92; -35628.549
2159.68; 509364; -35135.689
2160.65; 876256.52; -34287.823
2161.62; 1237606.5; -33090.315
2162.59; 1587640.8; -31554.113
2163.55; 1920562; -29695.778
2164.52; 2230657.3; -27537.394
2165.49; 2512409.9; -25106.386
2166.46; 2760609.6; -22435.22
2167.42; 2970461.8; -19561.001
2168.39; 3137691.2; -16524.971
2169.36; 3258638.9; -13371.912
2170.33; 3330350.4; -10149.465
2171.29; 3350653.4; -6907.3728
2172.26; 3318221.8; -3696.6614
2173.23; 3232626.2; -568.7723
2174.20; 3094368.6; 2425.3388
2175.16; 2904899.6; 5236.1196
2176.13; 2666618; 7816.3392
2177.10; 2382852.5; 10121.987
2178.07; 2057823.7; 12113.138
2179.04; 1696588.9; 13754.757
2180.00; 1304969.5; 15017.445
2180.97; 889462.18; 15878.089
2181.94; 457135.43; 16320.413
2182.91; 15513.827; 16335.424
2183.87; -427549.1; 15921.728
2184.84; -864006.25; 15085.716
2185.81; -1285758.7; 13841.615
2186.78; -1684800.9; 12211.402
2187.74; -2053367.9; 10224.563
2188.71; -2384080.8; 7917.7267
2189.68; -2670088.2; 5334.1493
2190.65; -2905201.6; 2523.0762
2191.61; -3084020.9; -461.02237
2192.58; -3202048.4; -3559.3244
2193.55; -3255788.8; -6709.6256
2194.52; -3242832.2; -9847.39
2195.48; -3161919.1; -12906.863
2196.45; -3012985.1; -15822.227
2197.42; -2797183.5; -18528.782
2198.39; -2516886.5; -20964.121
2199.35; -2175663.7; -23069.294
2200.32; -1778238.6; -24789.917
2201.29; -1330421.9; -26077.234
2202.26; -839024.62; -26889.074
2203.23; -311748.88; -27190.722
2204.19; 242938.73; -26955.655
2205.16; 815950.85; -26166.14
2206.13; 1397736.9; -24813.69
2207.10; 1978452.3; -22899.34
2208.06; 2548136.7; -20433.763
2209.03; 3096897.7; -17437.205
2210.00; 3615097; -13939.237
2210.97; 4093533.6; -9978.3337
2211.93; 4523622.2; -5601.2769
2212.90; 4897560.7; -862.39712
2213.87; 5208484.9; 4177.3329
2214.84; 5450606.2; 9451.3395
2215.80; 5619330.5; 14888.604
2216.77; 5711354.2; 20414.91
2217.74; 5724737; 25954.166
2218.71; 5658947.6; 31429.763
2219.67; 5514882.4; 36765.963
2220.64; 5294856.5; 41889.267
2221.61; 5002564.9; 46729.748
2222.58; 4643017.2; 51222.332
2223.54; 4222444.8; 55307.969
2224.51; 3748183.4; 58934.712
2225.48; 3228532.5; 62058.64
2226.45; 2672595.1; 64644.643
2227.42; 2090101.5; 66667.025
2228.38; 1491219.7; 68109.929
2229.35; 886360.26; 68967.571
2230.32; 285975.64; 69244.281
2231.29; -299638.79; 68954.351
2232.25; -860540.18; 68121.692
2233.22; -1387325.8; 66779.316
2234.19; -1871309.2; 64968.637
2235.16; -2304682.5; 62738.626
2236.12; -2680659.6; 60144.82
2237.09; -2993600.7; 57248.212
2238.06; -3239113.2; 54114.046
2239.03; -3414128.8; 50810.535
2239.99; -3516955.1; 47407.529
2240.96; -3547301.7; 43975.16
2241.93; -3506278.5; 40582.485
2242.90; -3396368.8; 37296.159
2243.86; -3221375.2; 34179.156
2244.83; -2986341.1; 31289.572
2245.80; -2697448.4; 28679.521
2246.77; -2361894.3; 26394.152
2247.73; -1987747.3; 24470.808
2248.70; -1583786.7; 22938.336
2249.67; -1159327.8; 21816.57
2250.64; -724035.72; 21115.993
2251.61; -287732.7; 20837.583
2252.57; 139798.69; 20972.853
2253.54; 549011.71; 21504.076
2254.51; 930787.43; 22404.706
2255.48; 1276618.5; 23639.962
2256.44; 1578781; 25167.591
2257.41; 1830491.1; 26938.774
2258.38; 2026042.3; 28899.172
2259.35; 2160921.9; 30990.08
2260.31; 2231903; 33149.67
2261.28; 2237110; 35314.297
2262.25; 2176058.1; 37419.851
2263.22; 2049663.2; 39403.105
2264.18; 1860223.5; 41203.058
2265.15; 1611372; 42762.221
2266.12; 1308000; 44027.842
2267.09; 956154.36; 44953.017
2268.05; 562909.63; 45497.688
2269.02; 136218.55; 45629.493
2269.99; -315255.46; 45324.452
2270.96; -782320.15; 44567.479
2271.92; -1255446.2; 43352.709
2272.89; -1724964.8; 41683.633
2273.86; -2181266.3; 39573.04
2274.83; -2614997.5; 37042.769
2275.80; -3017251.8; 34123.276
2276.76; -3379750; 30853.03
2277.73; -3695006.1; 27277.742
2278.70; -3956477; 23449.455
2279.67; -4158691.8; 19425.504
2280.63; -4297359; 15267.38
2281.60; -4369449; 11039.501
2282.57; -4373252.5; 6807.9419
2283.54; -4308412.4; 2639.1221
2284.50; -4175929; -1401.5068
2285.47; -3978140.1; -5250.7552
2286.44; -3718675.1; -8848.9452
2287.41; -3402384.9; -12141.093
2288.37; -3035249.9; -15078.001
2289.34; -2624266; -17617.24
2290.31; -2177312.4; -19724.008
2291.28; -1703001.3; -21371.832
2292.24; -1210514; -22543.125
2293.21; -709424.66; -23229.565
2294.18; -209515.18; -23432.291
2295.15; 279414.43; -23161.93
2296.11; 747737.79; -22438.419
2297.08; 1186191.8; -21290.66
2298.05; 1586060.4; -19755.988
2299.02; 1939348.6; -17879.474
2299.99; 2238943.7; -15713.072
2300.95; 2478758.7; -13314.625
2301.92; 2653856.9; -10746.753
2302.89; 2760553.5; -8075.6417
2303.86; 2796493.3; -5369.7548
2304.82; 2760702.8; -2698.4988
2305.79; 2653614.5; -130.86142
2306.76; 2477063.2; 2265.9449
2307.73; 2234254.8; 4427.8098
2308.69; 1929706.5; 6294.9938
2309.66; 1569160.9; 7813.3138
2310.63; 1159474.9; 8935.2218
2311.60; 708487.25; 9620.754
2312.56; 224867.01; 9838.3353
2313.53; -282052.58; 9565.4213
2314.50; -802452.16; 8788.9686
2315.47; -1326211.6; 7505.7262
2316.43; -1843099; 5722.3437
2317.40; -2342959.6; 3455.296
2318.37; -2815901.3; 730.62985
2319.34; -3252472.8; -2416.4629
2320.30; -3643832.7; -5942.2354
2321.27; -3981905.8; -9795.1274
2322.24; -4259525.4; -13916.644
2323.21; -4470557.6; -18242.356
2324.18; -4610007.8; -22702.999
2325.14; -4674106; -27225.664
2326.11; -4660369.2; -31735.037
2327.08; -4567642.9; -36154.689
2328.05; -4396117.1; -40408.372
2329.01; -4147319.9; -44421.318
2329.98; -3824087.4; -48121.505
2330.95; -3430512.6; -51440.869
2331.92; -2971873; -54316.454
2332.88; -2454540.7; -56691.467
2333.85; -1885874.2; -58516.239
2334.82; -1274095.5; -59749.054
2335.79; -628152.78; -60356.855
2336.75; 42428.274; -60315.801
2337.72; 727703.87; -59611.675
2338.69; 1417478.3; -58240.123
2339.66; 2101475.4; -56206.735
2340.62; 2769511.2; -53526.956
2341.59; 3411665.7; -50225.828
2342.56; 4018450.3; -46337.576
2343.53; 4580968.1; -41905.031
2344.49; 5091065; -36978.917
2345.46; 5541467.9; -31616.992
2346.43; 5925907.9; -25883.084
2347.40; 6239225.2; -19846.009
2348.37; 6477453.8; -13578.425
2349.33; 6637883.3; -7155.6093
2350.30; 6719098.1; -654.20997
2351.27; 6720992.4; 5849.0222
2352.24; 6644761.2; 12278.493
2353.20; 6492868.2; 18560.992
2354.17; 6268990.9; 24626.868
2355.14; 5977943.5; 30411.126
2356.11; 5625580.5; 35854.438
2357.07; 5218682.4; 40904.035
2358.04; 4764825.9; 45514.48
2359.01; 4272242.2; 49648.302
2359.98; 3749666; 53276.479
2360.94; 3206178.3; 56378.777
2361.91; 2651046.1; 58943.929
2362.88; 2093562.2; 60969.66
2363.85; 1542886.9; 62462.557
2364.81; 1007895.3; 63437.797
2365.78; 497030.93; 63918.724
2366.75; 18169.356; 63936.304
2367.72; -421506.9; 63528.454
2368.68; -815620.84; 62739.26
2369.65; -1158699; 61618.103
2370.62; -1446253.7; 60218.707
2371.59; -1674849.6; 58598.123
2372.56; -1842151.2; 56815.658
2373.52; -1946954.8; 54931.784
2374.49; -1989200.5; 53007.034
2375.46; -1969966.9; 51100.894
2376.43; -1891446.5; 49270.73
2377.39; -1756902.9; 47570.751
2378.36; -1570610.4; 46051.028
2379.33; -1337776.4; 44756.596
2380.30; -1064448.5; 43726.635
2381.26; -757407.8; 42993.768
2382.23; -424049.64; 42583.457
2383.20; -72254.68; 42513.543
2384.17; 289748.66; 42793.904
2385.13; 653527.76; 43426.258
2386.10; 1010593.3; 44404.108
2387.07; 1352548.9; 45712.834
2388.04; 1671239.2; 47329.925
2389.00; 1958896.6; 49225.354
2389.97; 2208280.7; 51362.086
2390.94; 2412811; 53696.722
2391.91; 2566688.5; 56180.25
2392.87; 2665005.1; 58758.909
2393.84; 2703837; 61375.141
2394.81; 2680322.6; 63968.622
2395.78; 2592720.1; 66477.338
2396.75; 2440446.9; 68838.714
2397.71; 2224097.9; 70990.751
2398.68; 1945443.4; 72873.162
2399.65; 1607405.1; 74428.487
2400.62; 1214011.8; 75603.165
2401.58; 770333.88; 76348.54
2402.55; 282398.93; 76621.789
2403.52; -242909.12; 76386.751
2404.49; -797965.98; 75614.639
2405.45; -1374535.6; 74284.638
2406.42; -1963909.3; 72384.359
2407.39; -2557052.9; 69910.155
2408.36; -3144758.4; 66867.287
2409.32; -3717798.1; 63269.945
2410.29; -4267078.7; 59141.12
2411.26; -4783792.6; 54512.322
2412.23; -5259565.2; 49423.167
2413.19; -5686595.5; 43920.817
2414.16; -6057788.9; 38059.301
2415.13; -6366878.7; 31898.709
2416.10; -6608535.6; 25504.29
2417.06; -6778460.9; 18945.451
2418.03; -6873465; 12294.686
2419.00; -6891526.7; 5626.4449
2419.97; -6831834.9; -984.03856
2420.94; -6694812.5; -7461.9391
2421.90; -6482120.1; -13734.039
2422.87; -6196641.3; -19729.909
2423.84; -5842447.6; -25383.061
2424.81; -5424743.2; -30632.042
2425.77; -4949789.8; -35421.459
2426.74; -4424812.7; -39702.908
2427.71; -3857888.8; -43435.801
2428.68; -3257817.8; -46588.066
2429.64; -2633978.7; -49136.703
2430.61; -1996172.8; -51068.2
2431.58; -1354456.8; -52378.773
2432.55; -718968.72; -53074.447
2433.51; -99748.923; -53170.964
2434.48; 493439.36; -52693.512
2435.45; 1051288; -51676.286
2436.42; 1565116; -50161.879
2437.38; 2027032; -48200.523
2438.35; 2430085; -45849.173
2439.32; 2768399.3; -43170.47
2440.29; 3037291.3; -40231.587
2441.25; 3233365.2; -37102.983
2442.22; 3354585.2; -33857.086
2443.19; 3400322.1; -30566.934
2444.16; 3371373.2; -27304.794
2445.13; 3269954.2; -24140.786
2446.09; 3099663.5; -21141.551
2447.06; 2865418.7; -18368.972
2448.03; 2573366.7; -15878.983
2449.00; 2230768.9; -13720.491
2449.96; 1845864.3; -11934.432
2450.93; 1427713.4; -10552.977
2451.90; 986024.95; -9598.8992
2452.87; 530970.29; -9085.1323
2453.83; 72988.6; -9014.5086
2454.80; -377412.42; -9379.6928
2455.77; -809856.77; -10163.31
2456.74; -1214297.5; -11338.264
2457.70; -1581207.7; -12868.241
2458.67; -1901762.5; -14708.386
2459.64; -2168007.9; -16806.151
2460.61; -2373015.9; -19102.281
2461.57; -2511020.1; -21531.944
2462.54; -2577533.3; -24025.965
2463.51; -2569441.1; -26512.157
2464.48; -2485073.6; -28916.714
2465.44; -2324251.7; -31165.66
2466.41; -2088307.6; -33186.306
2467.38; -1780078.9; -34908.711
2468.35; -1403875.7; -36267.101
2469.32; -965419.62; -37201.241
2470.28; -471756.72; -37657.713
2471.25; 68856.246; -37591.087
2472.22; 647091.11; -36964.962
2473.19; 1252711; -35752.839
2474.15; 1874754.1; -33938.827
2475.12; 2501735.8; -31518.147
2476.09; 3121864.3; -28497.431
2477.06; 3723267.7; -24894.797
2478.02; 4294225.1; -20739.705
2478.99; 4823400.3; -16072.583
2479.96; 5300070.1; -10944.235
2480.93; 5714345; -5415.0349
2481.89; 6057375.6; 446.08178
2482.86; 6321542.2; 6562.806
2483.83; 6500619.7; 12852.806
2484.80; 6589917.7; 19229.21
2485.76; 6586389; 25602.2
2486.73; 6488707.7; 31880.674
2487.70; 6297311.2; 37973.952
2488.67; 6014408.3; 43793.493
2489.63; 5643949.7; 49254.579
2490.60; 5191563.9; 54277.936
2491.57; 4664457.9; 58791.266
2492.54; 4071285.6; 62730.642
2493.51; 3421986.3; 66041.756
2494.47; 2727597; 68680.979
2495.44; 2000042.3; 70616.219
2496.41; 1251907.9; 71827.566
2497.38; 496201.19; 72307.69
2498.34; -253895.9; 72062.02
2499.31; -985275.97; 71108.667
2500.28; -1685153.4; 69478.113
2501.25; -2341304.7; 67212.666
2502.21; -2942298.5; 64365.698
2503.18; -3477710.3; 61000.666
2504.15; -3938318.6; 57189.949
2505.12; -4316279.7; 53013.517
2506.08; -4605277.7; 48557.45
2507.05; -4800647.2; 43912.344
2508.02; -4899466.7; 39171.62
2508.99; -4900621; 34429.779
2509.95; -4804830.7; 29780.625
2510.92; -4614648.7; 25315.491
2511.89; -4334423; 21121.503
2512.86; -3970226.6; 17279.912
2513.82; -3529754.3; 13864.521
2514.79; -3022188.4; 10940.252
2515.76; -2458034.3; 8561.858
2516.73; -1848929.2; 6772.8341
2517.70; -1207425.2; 5604.5295
2518.66; -546751.76; 5075.4925
2519.63; 119439.12; 5191.0618
2520.60; 777340.25; 5943.2162
2521.57; 1413263; 7310.6895
2522.53; 2013912.7; 9259.3515
2523.50; 2566659.2; 11742.851
2524.47; 3059795.8; 14703.509
2525.44; 3482780.9; 18073.448
2526.40; 3826457.1; 21775.928
2527.37; 4083242.6; 25726.874
2528.34; 4247290.5; 29836.552
2529.31; 4314613; 34011.372
2530.27; 4283166.8; 38155.764
2531.24; 4152899; 42174.109
2532.21; 3925752.2; 45972.667
2533.18; 3605629.4; 49461.474
2534.14; 3198318.1; 52556.166
2535.11; 2711376.3; 55179.694
2536.08; 2153980.7; 57263.886
2537.05; 1536742.4; 58750.838
2538.01; 871492.93; 59594.094
2538.98; 171046.3; 59759.599
2539.95; -551057.59; 59226.395
2540.92; -1280821.6; 57987.072
2541.89; -2004066.6; 56047.937
2542.85; -2706707.5; 53428.927
2543.82; -3375024.5; 50163.253
2544.79; -3995925.7; 46296.796
2545.76; -4557194.4; 41887.254
2546.72; -5047718.9; 37003.082
2547.69; -5457698.2; 31722.213
2548.66; -5778823.6; 26130.623
2549.63; -6004430.9; 20320.736
2550.59; -6129623.4; 14389.712
2551.56; -6151361.8; 8437.6545
2552.53; -6068521.1; 2565.7535
2553.50; -5881912.7; -3125.5852
2554.46; -5594273; -8538.6038
2555.43; -5210217.1; -13580.01
2556.40; -4736160.8; -18162.719
2557.37; -4180209.3; -22207.49
2558.33; -3552016; -25644.42
2559.30; -2862612.2; -28414.284
2560.27; -2124210.6; -30469.67
2561.24; -1349985.5; -31775.916
2562.20; -553833.2; -32311.805
2563.17; 249883.09; -32070.018
2564.14; 1046599.2; -31057.329
2565.11; 1821823; -29294.533
2566.08; 2561409.5; -26816.113
2567.04; 3251832.8; -23669.64
2568.01; 3880446.7; -19914.919
2568.98; 4435729.8; -15622.907
2569.95; 4907509.3; -10874.401
2570.91; 5287157.8; -5758.5472
2571.88; 5567761.4; -371.18132
2572.85; 5744253.2; 5186.9581
2573.82; 5813511.2; 10812.112
2574.78; 5774416.3; 16399.437
2575.75; 5627870.8; 21844.965
2576.72; 5376775.6; 27047.533
2577.69; 5025966.4; 31910.658
2578.65; 4582109.8; 36344.307
2579.62; 4053561.8; 40266.534
2580.59; 3450192.4; 43604.94
2581.56; 2783181.4; 46297.946
2582.52; 2064789.5; 48295.836
2583.49; 1308111.5; 49561.565
2584.46; 526816.34; 50071.313
2585.43; -265118.66; 49814.784
2586.39; -1053675; 48795.248
2587.36; -1825054.8; 47029.325
2588.33; -2565933.2; 44546.528
2589.30; -3263695.5; 41388.576
2590.27; -3906657.3; 37608.494
2591.23; -4484262.9; 33269.522
2592.20; -4987258.5; 28443.85
2593.17; -5407837.9; 23211.226
2594.14; -5739759.2; 17657.435
2595.10; -5978430.6; 11872.706
2596.07; -6120965.2; 5950.0599
2597.04; -6166204.7; -16.359728
2598.01; -6114711.7; -5932.9548
2598.97; -5968733.9; -11708.302
2599.94; -5732139.2; -17254.72
2600.91; -5410325.4; -22489.75
2601.88; -5010104.4; -27337.528
2602.84; -4539564.9; -31730.011
2603.81; -4007913.4; -35608.068
2604.78; -3425298.6; -38922.386
2605.75; -2802620.6; -41634.202
2606.71; -2151327.2; -43715.826
2607.68; -1483202; -45150.973
2608.65; -810146.32; -45934.87
2609.62; -143959.15; -46074.165
2610.58; 503879.57; -45586.611
2611.55; 1122419.1; -44500.558
2612.52; 1701437; -42854.248
2613.49; 2231623.3; -40694.929
2614.46; 2704746.9; -38077.816
2615.42; 3113800.4; -35064.903
2616.39; 3453120.5; -31723.664
2617.36; 3718481.8; -28125.661
2618.33; 3907160.7; -24345.092
2619.29; 4017970.1; -20457.304
2620.26; 4051262.8; -16537.302
2621.23; 4008903.9; -12658.287
2622.20; 3894213.6; -8890.2456
2623.16; 3711878.9; -5298.6315
2624.13; 3467839; -1943.1505
2625.10; 3169145.6; 1123.3147
2626.07; 2823801.1; 3855.6246
2627.03; 2440580.2; 6217.1301
2628.00; 2028838.5; 8180.2342
2628.97; 1598313.6; 9726.7624
2629.94; 1158923.5; 10848.137
2630.90; 720566.63; 11545.357
2631.87; 292927.2; 11828.793
2632.84; -114709.63; 11717.8
2633.81; -493630.11; 11240.164
2634.77; -835848.66; 10431.397
2635.74; -1134246.7; 9333.8996
2636.71; -1382692.1; 7996.0068
2637.68; -1576137.7; 6470.9359
2638.65; -1710698.9; 4815.6637
2639.61; -1783707.8; 3089.748
2640.58; -1793745.6; 1354.1198
2641.55; -1740650.8; -330.13397
2642.52; -1625506.8; -1902.9743
2643.48; -1450606; -3306.5807
2644.45; -1219395.3; -4486.4676
2645.42; -936401.78; -5392.5299
2646.39; -607141.63; -5980.0002
2647.35; -238011.89; -6210.3005
2648.32; 163831.74; -6051.7769
2649.29; 590609.51; -5480.3031
2650.26; 1034062.7; -4479.744
2651.22; 1485606.7; -3042.271
2652.19; 1936489.9; -1168.5234
2653.16; 2377955; 1132.3859
2654.13; 2801401.3; 3843.0218
2655.09; 3198543; 6937.932
2656.06; 3561561.8; 10384.099
2657.03; 3883251.1; 14141.533
2658.00; 4157149.4; 18163.991
2658.96; 4377659.1; 22399.814
2659.93; 4540149.4; 26792.862
2660.90; 4641040.6; 31283.533
2661.87; 4677867.9; 35809.838
2662.84; 4649324.3; 40308.524
2663.80; 4555279.9; 44716.213
2664.77; 4396779.9; 48970.537
2665.74; 4176017.5; 53011.252
2666.71; 3896286.8; 56781.299
2667.67; 3561913.7; 60227.806
2668.64; 3178168.2; 63303.002
2669.61; 2751159.9; 65965.024
2670.58; 2287719.2; 68178.622
2671.54; 1795267.8; 69915.723
2672.51; 1281680.7; 71155.877
2673.48; 755143.85; 71886.554
2674.45; 224008.21; 72103.304
2675.41; -303355.23; 71809.778
2676.38; -818698.04; 71017.606
2677.35; -1314032; 69746.148
2678.32; -1781760.2; 68022.117
2679.28; -2214799.4; 65879.077
2680.25; -2606691.3; 63356.843
2681.22; -2951703; 60500.775
2682.19; -3244912.6; 57360.997
2683.15; -3482281.7; 53991.542
2684.12; -3660713.8; 50449.435
2685.09; -3778097.7; 46793.748
2686.06; -3833335.8; 43084.612
2687.03; -3826359.3; 39382.227
2687.99; -3758127.4; 35745.863
2688.96; -3630612; 32232.882
2689.93; -3446767.7; 28897.79
2690.90; -3210487.1; 25791.323
2691.86; -2926542.4; 22959.6
2692.83; -2600512.3; 20443.345
2693.80; -2238697.2; 18277.181
2694.77; -1848020.5; 16489.037
2695.73; -1435920.1; 15099.64
2696.70; -1010229.6; 14122.142
2697.67; -579052.63; 13561.851
2698.64; -150629.94; 13416.101
2699.60; 266796.01; 13674.253
2700.57; 665119.23; 14317.822
2701.54; 1036508.2; 15320.748
2702.51; 1373542; 16649.787
2703.47; 1669341.9; 18265.042
2704.44; 1917696.6; 20120.606
2705.41; 2113177.1; 22165.316
2706.38; 2251240.3; 24343.616
2707.34; 2328317.1; 26596.495
2708.31; 2341883.6; 28862.502
2709.28; 2290513.8; 31078.803
2710.25; 2173913.4; 33182.282
2711.22; 1992933; 35110.644
2712.18; 1749561.1; 36803.519
2713.15; 1446897.7; 38203.537
2714.12; 1089107.5; 39257.358
2715.09; 681356.13; 39916.638
2716.05; 229728.77; 40138.924
2717.02; -258866.45; 39888.444
2717.99; -776808.95; 39136.804
2718.96; -1315888.3; 37863.551
2719.92; -1867436.7; 36056.619
2720.89; -2422469.8; 33712.637
2721.86; -2971832; 30837.092
2722.83; -3506345.1; 27444.353
2723.79; -4016955.3; 23557.547
2724.76; -4494878.9; 19208.302
2725.73; -4931741.5; 14436.349
2726.70; -5319711.4; 9288.9963
2727.66; -5651624.3; 3820.4846
2728.63; -5921097.5; -1908.7694
2729.60; -6122633.1; -7833.0291
2730.57; -6251707.8; -13882.182
2731.53; -6304850; -19982.754
2732.50; -6279700.3; -26058.992
2733.47; -6175058.8; -32033.979
2734.44; -5990915.2; -37830.789
2735.41; -5728462.6; -43373.649
2736.37; -5390092.8; -48589.103
2737.34; -4979374.4; -53407.146
2738.31; -4501011.2; -57762.324
2739.28; -3960784.3; -61594.779
2740.24; -3365475.7; -64851.213
2741.21; -2722776.6; -67485.772
2742.18; -2041178.7; -69460.816
2743.15; -1329852.2; -70747.581
2744.11; -598509.73; -71326.699
2745.08; 142741.32; -71188.583
2746.05; 883556.36; -70333.654
2747.02; 1613518.9; -68772.413
2747.98; 2322310.8; -66525.345
2748.95; 2999883.6; -63622.658
2749.92; 3636629.6; -60103.855
2750.89; 4223548.3; -56017.149
2751.85; 4752404.2; -51418.723
2752.82; 5215874; -46371.844
2753.79; 5607678; -40945.854
2754.76; 5922694; -35215.056
2755.72; 6157050.3; -29257.494
2756.69; 6308197; -23153.682
2757.66; 6374952.9; -16985.278
2758.63; 6357528.1; -10833.734
2759.60; 6257520.8; -4778.9566
2760.56; 6077889.1; 1102.0089
2761.53; 5822896.2; 6736.2433
2762.50; 5498033.1; 12056.14
2763.47; 5109916.6; 17000.495
2764.43; 4666167.6; 21515.479
2765.40; 4175268.9; 25555.469
2766.37; 3646408.2; 29083.734
2767.34; 3089307.7; 32072.948
2768.30; 2514046.5; 34505.539
2769.27; 1930876.7; 36373.856
2770.24; 1350038.3; 37680.153
2771.21; 781574.98; 38436.405
2772.17; 235154.52; 38663.94
2773.14; -280102.4; 38392.913
2774.11; -755782.06; 37661.618
2775.08; -1184323.7; 36515.667
2776.04; -1559149.1; 35007.034
2777.01; -1874774; 33193.003
2777.98; -2126899.4; 31135.015
2778.95; -2312480.8; 28897.459
2779.91; -2429776.1; 26546.407
2780.88; -2478369.8; 24148.337
2781.85; -2459175; 21768.839
2782.82; -2374410.8; 19471.359
2783.79; -2227557.8; 17315.974
2784.75; -2023289.2; 15358.239
2785.72; -1767381.5; 13648.121
2786.69; -1466602.3; 12229.037
2787.66; -1128579.8; 11137.023
2788.62; -761653.64; 10400.047
2789.59; -374710.31; 10037.477
2790.56; 22993.911; 10059.726
2791.53; 422019.24; 10468.072
2792.49; 812933.59; 11254.666
2793.46; 1186505.1; 12402.729
2794.43; 1533892.1; 13886.923
2795.40; 1846826; 15673.911
2796.36; 2117784; 17723.079
2797.33; 2340146.2; 19987.405
2798.30; 2508335.6; 22414.47
2799.27; 2617937.2; 24947.586
2800.23; 2665794.6; 27527.009
2801.20; 2650082.3; 30091.229
2802.17; 2570349.5; 32578.299
2803.14; 2427536.6; 34927.183
2804.10; 2223961; 37079.088
2805.07; 1963276.3; 38978.754
2806.04; 1650402.7; 40575.684
2807.01; 1291431.4; 41825.273
2807.98; 893503.71; 42689.827
2808.94; 464669.07; 43139.441
2809.91; 13722.775; 43152.719
2810.88; -449971.48; 42717.327
2811.85; -916670.5; 41830.356
2812.81; -1376447.9; 40498.505
2813.78; -1819393.8; 38738.06
2814.75; -2235814.3; 36574.686
2815.72; -2616427; 34043.031
2816.68; -2952548.6; 31186.145
2817.65; -3236270.9; 28054.729
2818.62; -3460623.3; 24706.23
2819.59; -3619715.8; 21203.793
2820.55; -3708863.4; 17615.097
2821.52; -3724686.8; 14011.09
2822.49; -3665189.7; 10464.652
2823.46; -3529810.2; 7049.2082
2824.42; -3319446.9; 3837.3113
2825.39; -3036460; 899.23263
2826.36; -2684645.5; -1698.4303
2827.33; -2269184.6; -3894.0934
2828.29; -1796565.7; -5632.4504
2829.26; -1274482.1; -6865.6393
2830.23; -711705.86; -7554.2859
2831.20; -117939.18; -7668.4038
2832.17; 496354.98; -7188.1308
2833.13; 1120140.4; -6104.2829
2834.10; 1742009; -4418.715
2835.07; 2350392.8; -2144.4749
2836.04; 2933782; 694.25249
2837.00; 3480946.1; 4062.4159
2837.97; 3981152.6; 7914.5792
2838.94; 4424379.3; 12195.609
2839.91; 4801515.8; 16841.555
2840.87; 5104550.1; 21780.718
2841.84; 5326735; 26934.867
2842.81; 5462731.8; 32220.606
2843.78; 5508726.7; 37550.85
2844.74; 5462517.8; 42836.382
2845.71; 5323569.9; 47987.468
2846.68; 5093034.9; 52915.489
2847.65; 4773738.8; 57534.559
2848.61; 4370133; 61763.099
2849.58; 3888214.4; 65525.336
2850.55; 3335413.2; 68752.681
2851.52; 2720452.5; 71384.991
2852.48; 2053183.4; 73371.652
2853.45; 1344398.5; 74672.491
2854.42; 605629.29; 75258.498
2855.39; -151070.05; 75112.323
2856.36; -913348.35; 74228.567
2857.32; -1668786.2; 72613.85
2858.29; -2405123; 70286.653
2859.26; -3110479.2; 67276.953
2860.23; -3773568.8; 63625.648
2861.19; -4383898.8; 59383.787
2862.16; -4931951.4; 54611.631
2863.13; -5409344.8; 49377.549
2864.10; -5808971; 43756.789
2865.06; -6125109.5; 37830.133
2866.03; -6353513.3; 31682.473
2867.00; -6491469.1; 25401.328
2867.97; -6537830.1; 19075.323
2868.93; -6493023.5; 12792.674
2869.90; -6359032.7; 6639.6739
2870.87; -6139354.4; 699.23459
2871.84; -5838930.8; -4950.5149
2872.80; -5464058.7; -10237.538
2873.77; -5022275.6; -15097.092
2874.74; -4522224.9; -19472.797
2875.71; -3973500.3; -23317.556
2876.67; -3386473.8; -26594.308
2877.64; -2772108.4; -29276.6
2878.61; -2141759; -31348.966
2879.58; -1506965.6; -32807.106
2880.55; -879241.26; -33657.86
2881.51; -269860.13; -33918.976
2882.48; 310352.81; -33618.679
2883.45; 851225.31; -32795.033
2884.42; 1343430.3; -31495.13
2885.38; 1778661.9; -29774.097
2886.35; 2149792.1; -27693.958
2887.32; 2451004.7; -25322.366
2888.29; 2677905; -22731.225
2889.25; 2827600.3; -19995.239
2890.22; 2898750.8; -17190.408
2891.19; 2891588.4; -14392.507
2892.16; 2807903.9; -11675.579
2893.12; 2651002.7; -9110.4686
2894.09; 2425629.1; -6763.4299
2895.06; 2137861.4; -4694.8352
2896.03; 1794980.6; -2958.012
2896.99; 1405314.2; -1598.23
2897.96; 978060.09; -651.85907
2898.93; 523094.53; -145.7128
2899.90; 50768.509; -96.589191
2900.86; -428302.41; -511.01461
2901.83; -903450.95; -1385.1937
2902.80; -1364168.8; -2705.1635
2903.77; -1800310.8; -4447.1443
2904.74; -2202288.9; -6578.079
2905.70; -2561251.1; -9056.3455
2906.67; -2869244.2; -11832.626
2907.64; -3119355.3; -14850.914
2908.61; -3305830.9; -18049.636
2909.57; -3424173.7; -21362.867
2910.54; -3471214.8; -24721.614
2911.51; -3445160.3; -28055.151
2912.48; -3345611.1; -31292.365
2913.44; -3173558.9; -34363.1
2914.41; -2931356; -37199.48
2915.38; -2622664.7; -39737.171
2916.35; -2252382.5; -41916.576
2917.31; -1826547.6; -43683.943
2918.28; -1352223.1; -44992.354
2919.25; -837364.32; -45802.588
2920.22; -290672.11; -46083.843
2921.18; 278567.09; -45814.301
2922.15; 860651.21; -44981.535
2923.12; 1445640.3; -43582.733
2924.09; 2023539; -41624.757
2925.05; 2584481.1; -39124.013
2926.02; 3118913.1; -36106.153
2926.99; 3617773.3; -32605.595
2927.96; 4072663.5; -28664.886
2928.93; 4476008; -24333.901
2929.89; 4821197.8; -19668.91
2930.86; 5102716.1; -14731.522
2931.83; 5316243.2; -9587.5249
2932.80; 5458737.7; -4305.6503
2933.76; 5528491.9; 1043.7185
2934.73; 5525160.9; 6389.8642
2935.70; 5449763.1; 11663.055
2936.67; 5304653.8; 16795.838
2937.63; 5093470.9; 21724.28
2938.60; 4821055.8; 26389.134
2939.57; 4493348.8; 30736.898
2940.54; 4117263.9; 34720.763
2941.50; 3700542.6; 38301.408
2942.47; 3251593.9; 41447.65
2943.44; 2779320.4; 44136.921
2944.41; 2292938.2; 46355.568
2945.37; 1801792.9; 48098.982
2946.34; 1315175.4; 49371.546
2947.31; 842141.5; 50186.402
2948.28; 391339.28; 50565.062
2949.24; -29153.237; 50536.854
2950.21; -411975.63; 50138.226
2951.18; -750616.54; 49411.929
2952.15; -1039526.7; 48406.083
2953.12; -1274212.3; 47173.155
2954.08; -1451306.3; 45768.871
2955.05; -1568619; 44251.076
2956.02; -1625164.7; 42678.566
2956.99; -1621166.6; 41109.925
2957.95; -1558040.3; 39602.366
2958.92; -1438356.7; 38210.612
2959.89; -1265785.4; 36985.838
2960.86; -1045019.9; 35974.677
2961.82; -781684.55; 35218.319
2962.79; -482227; 34751.716
2963.76; -153796.18; 34602.903
2964.73; 195891.17; 34792.447
2965.69; 558693.86; 35333.039
2966.66; 926196.82; 36229.227
2967.63; 1289866.7; 37477.302
2968.60; 1641210.3; 39065.337
2969.56; 1971933.2; 40973.38
2970.53; 2274096; 43173.795
2971.50; 2540265.8; 45631.756
2972.47; 2763659; 48305.873
2973.43; 2938272.3; 51148.945
2974.40; 3058999.5; 54108.833
2975.37; 3121733.2; 57129.422
2976.34; 3123446.9; 60151.669
2977.31; 3062257.9; 63114.71
2978.27; 2937466.5; 65957.003
2979.24; 2749573.6; 68617.49
2980.21; 2500274.1; 71036.755
2981.18; 2192426.7; 73158.147
2982.14; 1830002.3; 74928.858
2983.11; 1418008.1; 76300.922
2984.08; 962393.35; 77232.134
2985.05; 469935.13; 77686.843
2986.01; -51890.989; 77636.633
2986.98; -595053.78; 77060.859
2987.95; -1151119.9; 75947.036
2988.92; -1711414.8; 74291.071
2989.88; -2267187; 72097.341
2990.85; -2809772.4; 69378.605
2991.82; -3330754.5; 66155.767
2992.79; -3822116.2; 62457.487
2993.75; -4276381.8; 58319.66
2994.72; -4686745.5; 53784.765
2995.69; -5047184.4; 48901.11
2996.66; -5352554.6; 43721.978
2997.62; -5598668.4; 38304.706
2998.59; -5782351.9; 32709.703
2999.56; -5901483; 26999.428
3000.53; -5955010.7; 21237.359
3001.50; -5942954.9; 15486.956
3002.46; -5866389.6; 9810.6375
3003.43; -5727408.7; 4268.7968
3004.40; -5529076.8; -1081.1379
3005.37; -5275365.8; -6185.5818
3006.33; -4971078.9; -10995.598
3007.30; -4621762.1; -15467.615
3008.27; -4233604; -19564.05
3009.24; -3813325.3; -23253.824
3010.20; -3368059.3; -26512.758
3011.17; -2905225.6; -29323.854
3012.14; -2432399.1; -31677.443
3013.11; -1957177; -33571.208
3014.07; -1487044.4; -35010.072
3015.04; -1029242.2; -36005.967
3016.01; -590638.03; -36577.468
3016.98; -177605.52; -36749.319
3017.94; 204087.59; -36551.844
3018.91; 549378.48; -36020.266
3019.88; 853994.18; -35193.941
3020.85; 1114520.7; -34115.531
3021.81; 1328454.8; -32830.118
3022.78; 1494237.7; -31384.293
3023.75; 1611269.1; -29825.229
3024.72; 1679904.2; -28199.754
3025.69; 1701430.9; -26553.449
3026.65; 1678029.8; -24929.788
3027.62; 1612716.4; -23369.323
3028.59; 1509266.2; -21908.957
3029.56; 1372125; -20581.289
3030.52; 1206305.8; -19414.068
3031.49; 1017276.2; -18429.751
3032.46; 810837.09; -17645.185
3033.43; 592997.45; -17071.401
3034.39; 369847.98; -16713.536
3035.36; 147435.71; -16570.877
3036.33; -68357.209; -16637.02
3037.30; -271928.24; -16900.138
3038.26; -458060.5; -17343.357
3039.23; -622018.42; -17945.222
3040.20; -759631.37; -18680.241
3041.17; -867364.11; -19519.503
3042.13; -942372.77; -20431.343
3043.10; -982545.73; -21382.054
3044.07; -986529.26; -22336.62
3045.04; -953738.02; -23259.456
3046.00; -884351.46; -24115.155
3046.97; -779296.96; -24869.203
3047.94; -640220.13; -25488.68
3048.91; -469442.86; -25942.913
3049.88; -269909.63; -26204.077
3050.84; -45123.57; -26247.739
3051.81; 200925.9; -26053.323
3052.78; 463842.13; -25604.509
3053.75; 738905.78; -24889.544
3054.71; 1021164; -23901.466
3055.68; 1305523.7; -22638.241
3056.65; 1586847.3; -21102.807
3057.62; 1860049.5; -19303.024
3058.58; 2120192.1; -17251.526
3059.55; 2362575.9; -14965.497
3060.52; 2582827.6; -12466.353
3061.49; 2776981.8; -9779.3456
3062.45; 2941555.4; -6933.0966
3063.42; 3073613.7; -3959.068
3064.39; 3170825.4; -890.97727
3065.36; 3231505.1; 2235.8271
3066.32; 3254643.6; 5385.0203
3067.29; 3239924.9; 8519.9716
3068.26; 3187729.4; 11604.419
3069.23; 3099124.3; 14603.131
3070.19; 2975840.2; 17482.554
3071.16; 2820232.5; 20211.411
3072.13; 2635231.6; 22761.261
3073.10; 2424281.1; 25106.996
3074.07; 2191266.9; 27227.265
3075.03; 1940438.4; 29104.834
3076.00; 1676321.8; 30726.843
3076.97; 1403628.5; 32084.994
3077.94; 1127160.9; 33175.634
3078.90; 851717.61; 33999.756
3079.87; 582000.64; 34562.9
3080.84; 322525.71; 34874.976
3081.81; 77538.911; 34950.003
3082.77; -149058.83; 34805.773
3083.74; -353778.46; 34463.457
3084.71; -533600.03; 33947.146
3085.68; -686019.82; 33283.353
3086.64; -809086.36; 32500.481
3087.61; -901424.59; 31628.263
3088.58; -962248.48; 30697.191
3089.55; -991362.45; 29737.949
3090.51; -989151.68; 28780.846
3091.48; -956561.6; 27855.277
3092.45; -895067.51; 26989.209
3093.42; -806635.45; 26208.709
3094.38; -693675.48; 25537.508
3095.35; -558988.58; 24996.631
3096.32; -405708.34; 24604.068
3097.29; -237238.95; 24374.515
3098.26; -57190.351; 24319.178
3099.22; 130688.16; 24445.632
3100.19; 322574.79; 24757.755
3101.16; 514640.94; 25255.722
3102.13; 703114.45; 25936.055
3103.09; 884339.32; 26791.742
3104.06; 1054831.3; 27812.397
3105.03; 1211329.3; 28984.479
3106.00; 1350841.6; 30291.553
3106.96; 1470687.4; 31714.591
3107.93; 1568533.1; 33232.303
3108.90; 1642422; 34821.511
3109.87; 1690799.3; 36457.528
3110.83; 1712530.3; 38114.572
3111.80; 1706914.3; 39766.183
3112.77; 1673690.9; 41385.646
3113.74; 1613040.7; 42946.424
3114.70; 1525577.4; 44422.573
3115.67; 1412334.4; 45789.148
3116.64; 1274741.8; 47022.588
3117.61; 1114598.6; 48101.073
3118.57; 934036.58; 49004.847
3119.54; 735479.81; 49716.497
3120.51; 521599.31; 50221.197
3121.48; 295264.32; 50506.895
3122.45; 59491.004; 50564.458
3123.41; -182610.25; 50387.765
3124.38; -427887.23; 49973.741
3125.35; -673196.71; 49322.356
3126.32; -915453.03; 48436.563
3127.28; -1151673.8; 47322.204
3128.25; -1379022.4; 45987.862
3129.22; -1594845.5; 44444.689
3130.19; -1796705.8; 42706.197
3131.15; -1982408.2; 40788.019
3132.12; -2150020.2; 38707.659
3133.09; -2297885.9; 36484.225
3134.06; -2424635.3; 34138.148
3135.02; -2529188.9; 31690.904
3135.99; -2610758; 29164.735
3136.96; -2668839.3; 26582.366
3137.93; -2703206.5; 23966.743
3138.89; -2713897.6; 21340.776
3139.86; -2701201.2; 18727.094
3140.83; -2665640.8; 16147.82
3141.80; -2607959.8; 13624.358
3142.76; -2529106.4; 11177.194
3143.73; -2430217.9; 8825.7155
3144.70; -2312606.3; 6588.0376
3145.67; -2177743.3; 4480.8533
3146.64; -2027245.6; 2519.2904
3147.60; -1862861.2; 716.78589
3148.57; -1686454.2; -915.02722
3149.54; -1499990.9; -2366.4184
3150.51; -1305525.5; -3629.6448
3151.47; -1105186.7; -4699.0235
3152.44; -901163.28; -5570.9891
3153.41; -695688.57; -6244.1373
3154.38; -491023.36; -6719.2516
3155.34; -289436.63; -6999.3104
3156.31; -93184.166; -7089.4754
3157.28; 95514.688; -6997.0554
3158.25; 274502.23; -6731.4471
3159.21; 441708.81; -6304.0496
3160.18; 595179.67; -5728.1538
3161.15; 733101.47; -5018.8048
3162.12; 853827.95; -4192.6409
3163.08; 955904.21; -3267.7079
3164.05; 1038089.3; -2263.2527
3165.02; 1099376.4; -1199.4961
3165.99; 1139010.3; -97.38976
3166.95; 1156500.7; 1021.6403
3167.92; 1151632.3; 2135.9597
3168.89; 1124470.9; 3223.9977
3169.86; 1075366.4; 4264.5223
3170.83; 1004953.3; 5236.9151
3171.79; 914146.39; 6121.4431
3172.76; 804134.19; 6899.5234
3173.73; 676367.84; 7553.9769
3174.70; 532547.21; 8069.2696
3175.66; 374603.83; 8431.7362
3176.63; 204680.87; 8629.7854
3177.60; 25109.736; 8654.0816
3178.57; -161616.6; 8497.7014
3179.53; -352873.18; 8156.2613
3180.50; -545935.23; 7628.0144
3181.47; -738012.32; 6913.9137
3182.44; -926284.3; 6017.641
3183.40; -1107938.6; 4945.5996
3184.37; -1280208.8; 3706.8695
3185.34; -1440415.4; 2313.1236
3186.31; -1586006.7; 778.50347
3187.27; -1714602.2; -880.54563
3188.24; -1824034.9; -2645.4818
3189.21; -1912393.1; -4495.9134
3190.18; -1978058.5; -6409.8827
3191.14; -2019740.9; -8364.184
3192.11; -2036507; -10334.708
3193.08; -2027803.1; -12296.81
3194.05; -1993470.7; -14225.693
3195.02; -1933754.4; -16096.793
3195.98; -1849300.6; -17886.177
3196.95; -1741149.3; -19570.913
3197.92; -1610717.8; -21129.443
3198.89; -1459778.2; -22541.925
3199.85; -1290428.4; -23790.543
3200.82; -1105055.3; -24859.795
3201.79; -906292.82; -25736.724
3202.76; -696973.37; -26411.115
3203.72; -480075.31; -26875.636
3204.69; -258666.79; -27125.922
3205.66; -35847.194; -27160.608
3206.63; 185313.19; -26981.299
3207.59; 401833.57; -26592.485
3208.56; 610881.91; -26001.395
3209.53; 809831.19; -25217.803
3210.50; 996311.24; -24253.772
3211.46; 1168254.7; -23123.369
3212.43; 1323935.8; -21842.328
3213.40; 1462001.7; -20427.695
3214.37; 1581494.8; -18897.441
3215.33; 1681867.8; -17270.066
3216.30; 1762989.7; -15564.197
3217.27; 1825144.3; -13798.187
3218.24; 1869020; -11989.723
3219.21; 1895691.7; -10155.452
3220.17; 1906594.1; -8310.6316
3221.14; 1903488.1; -6468.8166
3222.11; 1888419.8; -4641.5815
3223.08; 1863674; -2838.2906
3224.04; 1831721.3; -1065.9171
3225.01; 1795160.4; 671.08016
3225.98; 1756657.5; 2370.822
3226.95; 1718882.3; 4034.0125
3227.91; 1684443.7; 5663.8802
3228.88; 1655824.8; 7266.0563
3229.85; 1635319.9; 8848.3918
3230.82; 1624973.1; 10420.716
3231.78; 1626520.9; 11994.537
3232.75; 1641339.6; 13582.698
3233.72; 1670398.5; 15198.975
3234.69; 1714219.9; 16857.654
3235.65; 1772848; 18573.062
3236.62; 1845824.9; 20359.082
3237.59; 1932178.7; 22228.658
3238.56; 2030422.4; 24193.295
3239.52; 2138564.9; 26262.571
3240.49; 2254136.5; 28443.673
3241.46; 2374226.8; 30740.975
3242.43; 2495535.5; 33155.655
3243.40; 2614435.2; 35685.383
3244.36; 2727045.1; 38324.071
3245.33; 2829313.9; 41061.716
3246.30; 2917111.6; 43884.313
3247.27; 2986326.7; 46773.883
3248.23; 3032967.4; 49708.582
3249.20; 3053262.4; 52662.919
3250.17; 3043761; 55608.062
3251.14; 3001426.7; 58512.242
3252.10; 2923724.1; 61341.238
3253.07; 2808693.9; 64058.93
3254.04; 2655017.5; 66627.925
3255.01; 2462067.1; 69010.221
3255.97; 2229941.8; 71167.913
3256.94; 1959489; 73063.914
3257.91; 1652309; 74662.688
3258.88; 1310744.1; 75930.964
3259.84; 937851.89; 76838.43
3260.81; 537364.25; 77358.384
3261.78; 113632.2; 77468.334
3262.75; -328441.65; 77150.534
3263.71; -783482.01; 76392.437
3264.68; -1245729.6; 75187.069
3265.65; -1709138; 73533.307
3266.62; -2167475.2; 71436.058
3267.59; -2614428.8; 68906.336
3268.55; -3043712.2; 65961.241
3269.52; -3449170.9; 62623.823
3270.49; -3824888.3; 58922.861
3271.46; -4165288.3; 54892.528
3272.42; -4465233.6; 50571.968
3273.39; -4720119.3; 46004.78
3274.36; -4925958.9; 41238.423
3275.33; -5079462.6; 36323.535
3276.29; -5178103.8; 31313.201
3277.26; -5220174.6; 26262.16
3278.23; -5204828; 21225.969
3279.20; -5132105.9; 16260.143
3280.16; -5002952.8; 11419.286
3281.13; -4819212.9; 6756.2157
3282.10; -4583612.5; 2321.1122
3283.07; -4299726.1; -1839.3028
3284.03; -3971926.8; -5682.5392
3285.00; -3605320; -9171.0468
3285.97; -3205662.2; -12272.846
3286.94; -2779265.5; -14962.063
3287.90; -2332888; -17219.365
3288.87; -1873615; -19032.275
3289.84; -1408729.9; -20395.362
3290.81; -945580.31; -21310.306
3291.78; -491439.39; -21785.822
3292.74; -53367.423; -21837.461
3293.71; 361924.02; -21487.263
3294.68; 748201.02; -20763.304
3295.65; 1099826.5; -19699.112
3296.61; 1411866.8; -18332.989
3297.58; 1680183.4; -16707.244
3298.55; 1901507; -14867.346
3299.52; 2073491.2; -12861.036
3300.48; 2194745.6; -10737.4
3301.45; 2264846.5; -8545.9342
3302.42; 2284327.1; -6335.6193
3303.39; 2254646.9; -4154.023
3304.35; 2178144.9; -2046.45
3305.32; 2057976.2; -55.152231
3306.29; 1898035.5; 1781.3869
3307.26; 1702869.3; 3429.0832
3308.22; 1477576.9; 4858.7866
3309.19; 1227703.9; 6046.7129
3310.16; 959128.01; 6974.7652
3311.13; 677940.98; 7630.7409
3312.09; 390327.62; 8008.4219
3313.06; 102445.9; 8107.5485
3314.03; -179689.54; 7933.6809
3315.00; -450318.06; 7497.9532
3315.97; -704036.34; 6816.7276
3316.93; -935892.57; 5911.1579
3317.90; -1141470; 4806.6716
3318.87; -1316958.9; 3532.3821
3319.84; -1459217; 2120.4438
3320.80; -1565817.6; 605.35863
3321.77; -1635085.6; -976.75015
3322.74; -1666119; -2588.8869
3323.71; -1658796.8; -4193.9386
3324.67; -1613771.3; -5755.4238
3325.64; -1532445.7; -7238.2183
3326.61; -1416937.1; -8609.2466
3327.58; -1270025.6; -9838.1234
3328.54; -1095091.6; -10897.734
3329.51; -896038.93; -11764.741
3330.48; -677208.87; -12420.009
3331.45; -443283.67; -12848.93
3332.41; -199183.76; -13041.66
3333.38; 50039.872; -12993.241
3334.35; 299315.86; -12703.623
3335.32; 543662.98; -12177.575
3336.28; 778298.48; -11424.494
3337.25; 998741.4; -10458.111
3338.22; 1200907.8; -9296.1129
3339.19; 1381195.4; -7959.6682
3340.16; 1536554.8; -6472.8978
3341.12; 1664546.2; -4862.2829
3342.09; 1763381.3; -3156.0352
3343.06; 1831948.2; -1383.4421
3344.03; 1869820.7; 425.79643
3344.99; 1877251.1; 2242.2246
3345.96; 1855146.8; 4037.2646
3346.93; 1805031.6; 5783.8132
3347.90; 1728993.5; 7456.7873
3348.86; 1629620.2; 9033.6078
3349.83; 1509926.5; 10494.613
3350.80; 1373273.5; 11823.392
3351.77; 1223282.3; 13007.04
3352.73; 1063744.9; 14036.32
3353.70; 898533.46; 14905.741
3354.67; 731509.98; 15613.55
3355.64; 566440.01; 16161.637
3356.60; 406910.22; 16555.363
3357.57; 256252.24; 16803.313
3358.54; 117474.18; 16916.981
3359.51; -6798.9275; 16910.402
3360.47; -114374.71; 16799.733
3361.44; -203532.2; 16602.796
3362.41; -273049.25; 16338.593
3363.38; -322217.97; 16026.815
3364.35; -350848.18; 15687.334
3365.31; -359258.88; 15339.716
3366.28; -348258.82; 15002.74
3367.25; -319117.62; 14693.962
3368.22; -273528.4; 14429.296
3369.18; -213562.57; 14222.653
3370.15; -141617.38; 14085.624
3371.12; -60356.954; 14027.222
3372.09; 27352.079; 14053.688
3373.05; 118509.12; 14168.358
3374.02; 210051.02; 14371.603
3374.99; 298924.77; 14660.843
3375.96; 382159.81; 15030.621
3376.92; 456938.45; 15472.754
3377.89; 520663.1; 15976.548
3378.86; 571019.05; 16529.066
3379.83; 606031.05; 17115.462
3380.79; 624112.1; 17719.352
3381.76; 624102.86; 18323.234
3382.73; 605300.93; 18908.923
3383.70; 567479.26; 19458.016
3384.66; 510893.67; 19952.357
3385.63; 436279.22; 20374.501
3386.60; 344835.28; 20708.164
3387.57; 238199.11; 20938.645
3388.54; 118408.17; 21053.217
3389.50; -12148.318; 21041.462
3390.47; -150786.92; 20895.561
3391.44; -294594.74; 20610.511
3392.41; -440499.04; 20184.284
3393.37; -585339.51; 19617.909
3394.34; -725941.25; 18915.489
3395.31; -859186.61; 18084.14
3396.28; -982084.59; 17133.875
3397.24; -1091835.9; 16077.414
3398.21; -1185892.1; 14929.945
3399.18; -1262007.3; 13708.827
3400.15; -1318282.2; 12433.257
3401.11; -1353199.5; 11123.901
3402.08; -1365649.4; 9802.4986
3403.05; -1354946.3; 8491.4526
3404.02; -1320834.3; 7213.4134
3404.98; -1263483.5; 5990.8668
3405.95; -1183477.6; 4845.7339
3406.92; -1081793.3; 3798.9907
3407.89; -959772.37; 2870.3149
3408.85; -819088.18; 2077.7652
3409.82; -661706.9; 1437.4976
3410.79; -489845.42; 963.5232
3411.76; -305926.45; 667.50876
3412.73; -112531.27; 558.6235
3413.69; 87649.319; 643.43298
3414.66; 291864.8; 925.84136
3415.63; 497354.16; 1407.0812
3416.60; 701393.58; 2085.7497
3417.56; 901341.31; 2957.8875
3418.53; 1094679.2; 4017.0991
3419.50; 1279050.4; 5254.7083
3420.47; 1452292.7; 6659.9467
3421.43; 1612467.1; 8220.1698
3422.40; 1757880.5; 9921.095
3423.37; 1887103.5; 11747.056
3424.34; 1998981.8; 13681.271
3425.30; 2092643.2; 15706.113
3426.27; 2167497.9; 17803.384
3427.24; 2223232; 19954.583
3428.21; 2259795.4; 22141.161
3429.17; 2277383; 24344.757
3430.14; 2276410.9; 26547.412
3431.11; 2257488.7; 28731.758
3432.08; 2221389.1; 30881.174
3433.04; 2169016.1; 32979.914
3434.01; 2101372.3; 35013.202
3434.98; 2019526.8; 36967.296
3435.95; 1924584.3; 38829.524
3436.92; 1817655.6; 40588.287
3437.88; 1699831.6; 42233.044
3438.85; 1572161.1; 43754.267
3439.82; 1435633.5; 45143.386
3440.79; 1291166.5; 46392.719
3441.75; 1139597.6; 47495.394
3442.72; 981681.23; 48445.269
3443.69; 818090.11; 49236.853
3444.66; 649421.75; 49865.233
3445.62; 476209.73; 50326.014
3446.59; 298939.67; 50615.268
3447.56; 118068.89; 50729.511
3448.53; -65950.714; 50665.697
3449.49; -252647.98; 50421.235
3450.46; -441507.01; 49994.033
3451.43; -631942.63; 49382.565
3452.40; -823278.64; 48585.961
3453.36; -1014730.2; 47604.108
3454.33; -1205391.7; 46437.771
3455.30; -1394229.9; 45088.714
3456.27; -1580084; 43559.825
3457.23; -1761671.2; 41855.232
3458.20; -1937599; 39980.411
3459.17; -2106382.8; 37942.275
3460.14; -2266468.7; 35749.24
3461.11; -2416260; 33411.266
3462.07; -2554146.5; 30939.874
3463.04; -2678537.5; 28348.121
3464.01; -2787896.9; 25650.552
3464.98; -2880779.1; 22863.111
3465.94; -2955864.8; 20003.016
3466.91; -3011995; 17088.609
3467.88; -3048202.2; 14139.169
3468.85; -3063739.2; 11174.695
3469.81; -3058103.8; 8215.6736
3470.78; -3031059.9; 5282.82
3471.75; -2982653.5; 2396.8045
3472.72; -2913224.2; -422.03118
3473.68; -2823412.2; -3153.9648
3474.65; -2714159.6; -5780.1857
3475.62; -2586705.7; -8283.0821
3476.59; -2442575.2; -10646.518
3477.55; -2283561.6; -12856.092
3478.52; -2111703.8; -14899.377
3479.49; -1929258.6; -16766.127
3480.46; -1738667.3; -18448.462
3481.42; -1542517.8; -19941.002
3482.39; -1343502.4; -21240.975
3483.36; -1144373.1; -22348.27
3484.33; -947892.95; -23265.451
3485.30; -756785.7; -23997.717
3486.26; -573683.91; -24552.814
3487.23; -401076.99; -24940.896
3488.20; -241259.33; -25174.339
3489.17; -96279.182; -25267.498
3490.13; 32110.811; -25236.428
3491.10; 142499.37; -25098.545
3492.07; 233856.81; -24872.266
3493.04; 305568.41; -24576.598
3494.00; 357459.28; -24230.72
3494.97; 389809.02; -23853.541
3495.94; 403355; -23463.254
3496.91; 399284.87; -23076.906
3497.87; 379218.68; -22709.974
3498.84; 345180.94; -22375.977
3499.81; 299562.18; -22086.121
3500.78; 245070.54; -21848.991
3501.74; 184674.64; -21670.3
3502.71; 121539.06; -21552.698
3503.68; 58953.765; -21495.655
3504.65; 258.98612; -21495.404
3505.61; -51232.447; -21544.977
3506.58; -92313.85; -21634.3
3507.55; -119963.23; -21750.376
3508.52; -131420.26; -21877.538
3509.49; -124259.5; -21997.772
3510.45; -96457.475; -22091.104
3511.42; -46451.228; -22136.05
3512.39; 26813.171; -22110.106
3513.36; 123843.27; -21990.275
3514.32; 244575.04; -21753.624
3515.29; 388360.97; -21377.846
3516.26; 553972.09; -20841.823
3517.23; 739613.82; -20126.172
3518.19; 942954.46; -19213.77
3519.16; 1161165.3; -18090.226
3520.13; 1390971.6; -16744.322
3521.10; 1628713.5; -15168.379
3522.06; 1870416.4; -13358.564
3523.03; 2111869.4; -11315.119
3524.00; 2348710.5; -9042.5067
3524.97; 2576515; -6549.4708
3525.93; 2790886.7; -3849.0088
3526.90; 2987549.4; -958.25605
3527.87; 3162437.1; 2101.7181
3528.84; 3311780.8; 5306.1972
3529.80; 3432190.4; 8627.1846
3530.77; 3520728.7; 12033.842
3531.74; 3574977.6; 15492.99
3532.71; 3593094.8; 18969.669
3533.68; 3573859.1; 22427.735
3534.64; 3516704.9; 25830.498
3535.61; 3421744.5; 29141.378
3536.58; 3289777; 32324.567
3537.55; 3122283.6; 35345.688
3538.51; 2921408.3; 38172.443
3539.48; 2689925.1; 40775.214
3540.45; 2431190.9; 43127.635
3541.42; 2149086.3; 45207.091
3542.38; 1847944; 46995.161
3543.35; 1532467.9; 48477.977
3544.32; 1207644.3; 49646.494
3545.29; 878647.89; 50496.673
3546.25; 550742.62; 51029.572
3547.22; 229180.08; 51251.327
3548.19; -80904.253; 51173.044
3549.16; -374593.9; 50810.587
3550.12; -647290.75; 50184.268
3551.09; -894808.17; 49318.452
3552.06; -1113455.5; 48241.072
3553.03; -1300112.3; 46983.083
3553.99; -1452290.4; 45577.847
3554.96; -1568184.6; 44060.472
3555.93; -1646707.5; 42467.118
3556.90; -1687510.8; 40834.282
3557.87; -1690990; 39198.08
3558.83; -1658273.5; 37593.535
3559.80; -1591197.5; 36053.892
3560.77; -1492266.3; 34609.975
3561.74; -1364600.6; 33289.588
3562.70; -1211872.4; 32116.98
3563.67; -1038228.6; 31112.39
3564.64; -848203.9; 30291.668
3565.61; -646626.43; 29665.992
3566.57; -438517.17; 29241.683
3567.54; -228985.82; 29020.116
3568.51; -23124.804; 28997.741
3569.48; 174096.05; 29166.196
3570.44; 357931.86; 29512.531
3571.41; 523959.93; 30019.515
3572.38; 668170.15; 30666.036
3573.35; 787047.31; 31427.583
3574.31; 877643.56; 32276.791
3575.28; 937639.09; 33184.05
3576.25; 965389.54; 34118.161
3577.22; 959958.94; 35047.018
3578.18; 921137.9; 35938.311
3579.15; 849446.88; 36760.235
3580.12; 746124.21; 37482.185
3581.09; 613098.79; 38075.42
3582.06; 452947.58; 38513.692
3583.02; 268838.64; 38773.82
3583.99; 64461.487; 38836.193
3584.96; -156053.22; 38685.196
3585.93; -388222.27; 38309.552
3586.89; -627305.06; 37702.572
3587.86; -868404.04; 36862.304
3588.83; -1106568.7; 35791.588
3589.80; -1336900.9; 34498.003
3590.76; -1554660; 32993.714
3591.73; -1755363.2; 31295.224
3592.70; -1934881.9; 29423.033
3593.67; -2089529.7; 27401.204
3594.63; -2216141.1; 25256.865
3595.60; -2312139; 23019.64
3596.57; -2375589.4; 20721.019
3597.54; -2405243.1; 18393.706
3598.50; -2400562.5; 16070.922
3599.47; -2361734.3; 13785.708
3600.44; -2289667.3; 11570.226
3601.41; -2185975.4; 9455.076
3602.37; -2052946.6; 7468.6448
3603.34; -1893496.6; 5636.4975
3604.31; -1711107.1; 3980.8303
3605.28; -1509751.9; 2519.9944
3606.25; -1293810.3; 1268.1035
3607.21; -1067972.8; 234.73296
3608.18; -837138.32; -575.28208
3609.15; -606307.51; -1161.9452
3610.12; -380473.24; -1530.0911
3611.08; -164510.73; -1689.2717
3612.05; 36929.795; -1653.5384
3613.02; 219525.38; -1441.1257
3613.99; 379374.96; -1074.0425
3614.95; 513083.11; -577.58325
3615.92; 617831.01; 20.230039
3616.89; 691433.58; 689.26117
3617.86; 732383.28; 1397.9152
3618.82; 739880.39; 2113.8235
3619.79; 713849.38; 2804.5442
3620.76; 654940.69; 3438.2648
3621.73; 564517.47; 3984.4919
3622.69; 444627.46; 4414.7134
3623.66; 297960.39; 4703.0199
3624.63; 127791.15; 4826.6706
3625.60; -62090.011; 4766.5923
3626.56; -267458.93; 4507.799
3627.53; -483748.2; 4039.7243
